dataset,term,code,decision,reason,category
mover,(HFpEF) heart failure with preserved ejection fraction (CMS-HCC),,include,"No sufficiently explicit recorded ESRD, chronic dialysis dependence, or renal-transplant recipient state; absence of a matched term does not establish absence of disease.",no_explicit_renal_status_exclusion
mover,ACC/AHA stage B congestive heart failure due to ischemic cardiomyopathy (CMS-HCC),,include,"No sufficiently explicit recorded ESRD, chronic dialysis dependence, or renal-transplant recipient state; absence of a matched term does not establish absence of disease.",no_explicit_renal_status_exclusion
mover,ACC/AHA stage C congestive heart failure due to ischemic cardiomyopathy (CMS-HCC),,include,"No sufficiently explicit recorded ESRD, chronic dialysis dependence, or renal-transplant recipient state; absence of a matched term does not establish absence of disease.",no_explicit_renal_status_exclusion
mover,ACC/AHA stage C heart failure with preserved ejection fraction (CMS-HCC),,include,"No sufficiently explicit recorded ESRD, chronic dialysis dependence, or renal-transplant recipient state; absence of a matched term does not establish absence of disease.",no_explicit_renal_status_exclusion
mover,ACC/AHA stage C heart failure with reduced ejection fraction (CMS-HCC),,include,"No sufficiently explicit recorded ESRD, chronic dialysis dependence, or renal-transplant recipient state; absence of a matched term does not establish absence of disease.",no_explicit_renal_status_exclusion
mover,ACC/AHA stage D heart failure (CMS-HCC),,include,"No sufficiently explicit recorded ESRD, chronic dialysis dependence, or renal-transplant recipient state; absence of a matched term does not establish absence of disease.",no_explicit_renal_status_exclusion
mover,ACC/AHA stage D systolic heart failure (CMS-HCC),,include,"No sufficiently explicit recorded ESRD, chronic dialysis dependence, or renal-transplant recipient state; absence of a matched term does not establish absence of disease.",no_explicit_renal_status_exclusion
mover,Abdominal aortic aneurysm (AAA),,include,"No sufficiently explicit recorded ESRD, chronic dialysis dependence, or renal-transplant recipient state; absence of a matched term does not establish absence of disease.",no_explicit_renal_status_exclusion
mover,Abdominal aortic aneurysm (AAA) (CMS-HCC),,include,"No sufficiently explicit recorded ESRD, chronic dialysis dependence, or renal-transplant recipient state; absence of a matched term does not establish absence of disease.",no_explicit_renal_status_exclusion
mover,Abdominal aortic aneurysm (AAA) 3.0 cm to 5.5 cm in diameter in male,,include,"No sufficiently explicit recorded ESRD, chronic dialysis dependence, or renal-transplant recipient state; absence of a matched term does not establish absence of disease.",no_explicit_renal_status_exclusion
mover,Abdominal aortic aneurysm (AAA) 3.0 cm to 5.5 cm in diameter in male (CMS-HCC),,include,"No sufficiently explicit recorded ESRD, chronic dialysis dependence, or renal-transplant recipient state; absence of a matched term does not establish absence of disease.",no_explicit_renal_status_exclusion
mover,Abdominal aortic aneurysm (AAA) greater than 5.0 cm in diameter in female,,include,"No sufficiently explicit recorded ESRD, chronic dialysis dependence, or renal-transplant recipient state; absence of a matched term does not establish absence of disease.",no_explicit_renal_status_exclusion
mover,Abdominal aortic aneurysm (AAA) greater than 5.0 cm in diameter in female (CMS-HCC),,include,"No sufficiently explicit recorded ESRD, chronic dialysis dependence, or renal-transplant recipient state; absence of a matched term does not establish absence of disease.",no_explicit_renal_status_exclusion
mover,Abdominal aortic aneurysm (AAA) greater than 5.5 cm in diameter in male,,include,"No sufficiently explicit recorded ESRD, chronic dialysis dependence, or renal-transplant recipient state; absence of a matched term does not establish absence of disease.",no_explicit_renal_status_exclusion
mover,Abdominal aortic aneurysm (AAA) greater than 5.5 cm in diameter in male (CMS-HCC),,include,"No sufficiently explicit recorded ESRD, chronic dialysis dependence, or renal-transplant recipient state; absence of a matched term does not establish absence of disease.",no_explicit_renal_status_exclusion
mover,Abdominal aortic aneurysm (AAA) without rupture,,include,"No sufficiently explicit recorded ESRD, chronic dialysis dependence, or renal-transplant recipient state; absence of a matched term does not establish absence of disease.",no_explicit_renal_status_exclusion
mover,Abdominal aortic aneurysm (AAA) without rupture (CMS-HCC),,include,"No sufficiently explicit recorded ESRD, chronic dialysis dependence, or renal-transplant recipient state; absence of a matched term does not establish absence of disease.",no_explicit_renal_status_exclusion
mover,Abnormal cardiac valve,,include,"No sufficiently explicit recorded ESRD, chronic dialysis dependence, or renal-transplant recipient state; absence of a matched term does not establish absence of disease.",no_explicit_renal_status_exclusion
mover,Abnormal fetal heart rate,,include,"No sufficiently explicit recorded ESRD, chronic dialysis dependence, or renal-transplant recipient state; absence of a matched term does not establish absence of disease.",no_explicit_renal_status_exclusion
mover,Abnormality of thoracic aorta,,include,"No sufficiently explicit recorded ESRD, chronic dialysis dependence, or renal-transplant recipient state; absence of a matched term does not establish absence of disease.",no_explicit_renal_status_exclusion
mover,Acquired renal artery stenosis (CMS-HCC),,include,"No sufficiently explicit recorded ESRD, chronic dialysis dependence, or renal-transplant recipient state; absence of a matched term does not establish absence of disease.",no_explicit_renal_status_exclusion
mover,Acute HFrEF (heart failure with reduced ejection fraction) (CMS-HCC),,include,"No sufficiently explicit recorded ESRD, chronic dialysis dependence, or renal-transplant recipient state; absence of a matched term does not establish absence of disease.",no_explicit_renal_status_exclusion
mover,Acute ST elevation myocardial infarction (STEMI) involving other coronary artery of anterior wall (CMS-HCC),,include,"No sufficiently explicit recorded ESRD, chronic dialysis dependence, or renal-transplant recipient state; absence of a matched term does not establish absence of disease.",no_explicit_renal_status_exclusion
mover,Acute ST elevation myocardial infarction (STEMI) involving right coronary artery (CMS-HCC),,include,"No sufficiently explicit recorded ESRD, chronic dialysis dependence, or renal-transplant recipient state; absence of a matched term does not establish absence of disease.",no_explicit_renal_status_exclusion
mover,Acute combined systolic (congestive) and diastolic (congestive) heart failure (CMS-HCC),,include,"No sufficiently explicit recorded ESRD, chronic dialysis dependence, or renal-transplant recipient state; absence of a matched term does not establish absence of disease.",no_explicit_renal_status_exclusion
mover,Acute combined systolic and diastolic ACC/AHA stage C congestive heart failure (CMS-HCC),,include,"No sufficiently explicit recorded ESRD, chronic dialysis dependence, or renal-transplant recipient state; absence of a matched term does not establish absence of disease.",no_explicit_renal_status_exclusion
mover,"Acute congestive heart failure, unspecified heart failure type (CMS-HCC)",,include,"No sufficiently explicit recorded ESRD, chronic dialysis dependence, or renal-transplant recipient state; absence of a matched term does not establish absence of disease.",no_explicit_renal_status_exclusion
mover,Acute coronary syndrome with high troponin (CMS-HCC),,include,"No sufficiently explicit recorded ESRD, chronic dialysis dependence, or renal-transplant recipient state; absence of a matched term does not establish absence of disease.",no_explicit_renal_status_exclusion
mover,Acute decompensated heart failure (CMS-HCC),,include,"No sufficiently explicit recorded ESRD, chronic dialysis dependence, or renal-transplant recipient state; absence of a matched term does not establish absence of disease.",no_explicit_renal_status_exclusion
mover,Acute diastolic (congestive) heart failure (CMS-HCC),,include,"No sufficiently explicit recorded ESRD, chronic dialysis dependence, or renal-transplant recipient state; absence of a matched term does not establish absence of disease.",no_explicit_renal_status_exclusion
mover,Acute diastolic ACC/AHA stage C congestive heart failure (CMS-HCC),,include,"No sufficiently explicit recorded ESRD, chronic dialysis dependence, or renal-transplant recipient state; absence of a matched term does not establish absence of disease.",no_explicit_renal_status_exclusion
mover,Acute gout due to renal impairment involving multiple sites,,include,"No sufficiently explicit recorded ESRD, chronic dialysis dependence, or renal-transplant recipient state; absence of a matched term does not establish absence of disease.",no_explicit_renal_status_exclusion
mover,Acute heart failure with preserved ejection fraction (CMS-HCC),,include,"No sufficiently explicit recorded ESRD, chronic dialysis dependence, or renal-transplant recipient state; absence of a matched term does not establish absence of disease.",no_explicit_renal_status_exclusion
mover,Acute heart failure with preserved ejection fraction (HFpEF) (CMS-HCC),,include,"No sufficiently explicit recorded ESRD, chronic dialysis dependence, or renal-transplant recipient state; absence of a matched term does not establish absence of disease.",no_explicit_renal_status_exclusion
mover,Acute heart failure with reduced ejection fraction and diastolic dysfunction (CMS-HCC),,include,"No sufficiently explicit recorded ESRD, chronic dialysis dependence, or renal-transplant recipient state; absence of a matched term does not establish absence of disease.",no_explicit_renal_status_exclusion
mover,"Acute heart failure, unspecified heart failure type (CMS-HCC)",,include,"No sufficiently explicit recorded ESRD, chronic dialysis dependence, or renal-transplant recipient state; absence of a matched term does not establish absence of disease.",no_explicit_renal_status_exclusion
mover,Acute kidney injury (AKI) with acute tubular necrosis (ATN) (CMS-HCC),,include,"No sufficiently explicit recorded ESRD, chronic dialysis dependence, or renal-transplant recipient state; absence of a matched term does not establish absence of disease.",no_explicit_renal_status_exclusion
mover,Acute kidney injury superimposed on CKD (CMS-HCC),,include,"No sufficiently explicit recorded ESRD, chronic dialysis dependence, or renal-transplant recipient state; absence of a matched term does not establish absence of disease.",no_explicit_renal_status_exclusion
mover,Acute kidney injury superimposed on chronic kidney disease (CMS-HCC),,include,"No sufficiently explicit recorded ESRD, chronic dialysis dependence, or renal-transplant recipient state; absence of a matched term does not establish absence of disease.",no_explicit_renal_status_exclusion
mover,Acute on chronic HFrEF (heart failure with reduced ejection fraction) (CMS-HCC),,include,"No sufficiently explicit recorded ESRD, chronic dialysis dependence, or renal-transplant recipient state; absence of a matched term does not establish absence of disease.",no_explicit_renal_status_exclusion
mover,Acute on chronic clinical systolic heart failure (CMS-HCC),,include,"No sufficiently explicit recorded ESRD, chronic dialysis dependence, or renal-transplant recipient state; absence of a matched term does not establish absence of disease.",no_explicit_renal_status_exclusion
mover,Acute on chronic combined systolic (congestive) and diastolic (congestive) heart failure (CMS-HCC),,include,"No sufficiently explicit recorded ESRD, chronic dialysis dependence, or renal-transplant recipient state; absence of a matched term does not establish absence of disease.",no_explicit_renal_status_exclusion
mover,Acute on chronic congestive heart failure with right ventricular diastolic dysfunction (CMS-HCC),,include,"No sufficiently explicit recorded ESRD, chronic dialysis dependence, or renal-transplant recipient state; absence of a matched term does not establish absence of disease.",no_explicit_renal_status_exclusion
mover,"Acute on chronic congestive heart failure, unspecified heart failure type (CMS-HCC)",,include,"No sufficiently explicit recorded ESRD, chronic dialysis dependence, or renal-transplant recipient state; absence of a matched term does not establish absence of disease.",no_explicit_renal_status_exclusion
mover,Acute on chronic diastolic (congestive) heart failure (CMS-HCC),,include,"No sufficiently explicit recorded ESRD, chronic dialysis dependence, or renal-transplant recipient state; absence of a matched term does not establish absence of disease.",no_explicit_renal_status_exclusion
mover,Acute on chronic diastolic heart failure due to valvular disease (CMS-HCC),,include,"No sufficiently explicit recorded ESRD, chronic dialysis dependence, or renal-transplant recipient state; absence of a matched term does not establish absence of disease.",no_explicit_renal_status_exclusion
mover,Acute on chronic heart failure with normal ejection fraction (CMS-HCC),,include,"No sufficiently explicit recorded ESRD, chronic dialysis dependence, or renal-transplant recipient state; absence of a matched term does not establish absence of disease.",no_explicit_renal_status_exclusion
mover,Acute on chronic heart failure with preserved ejection fraction (CMS-HCC),,include,"No sufficiently explicit recorded ESRD, chronic dialysis dependence, or renal-transplant recipient state; absence of a matched term does not establish absence of disease.",no_explicit_renal_status_exclusion
mover,"Acute on chronic heart failure, unspecified heart failure type (CMS-HCC)",,include,"No sufficiently explicit recorded ESRD, chronic dialysis dependence, or renal-transplant recipient state; absence of a matched term does not establish absence of disease.",no_explicit_renal_status_exclusion
mover,Acute on chronic right heart failure (CMS-HCC),,include,"No sufficiently explicit recorded ESRD, chronic dialysis dependence, or renal-transplant recipient state; absence of a matched term does not establish absence of disease.",no_explicit_renal_status_exclusion
mover,Acute on chronic right-sided congestive heart failure (CMS-HCC),,include,"No sufficiently explicit recorded ESRD, chronic dialysis dependence, or renal-transplant recipient state; absence of a matched term does not establish absence of disease.",no_explicit_renal_status_exclusion
mover,Acute on chronic systolic (congestive) heart failure (CMS-HCC),,include,"No sufficiently explicit recorded ESRD, chronic dialysis dependence, or renal-transplant recipient state; absence of a matched term does not establish absence of disease.",no_explicit_renal_status_exclusion
mover,"Acute on chronic systolic heart failure, NYHA class 4 (CMS-HCC)",,include,"No sufficiently explicit recorded ESRD, chronic dialysis dependence, or renal-transplant recipient state; absence of a matched term does not establish absence of disease.",no_explicit_renal_status_exclusion
mover,Acute prerenal azotemia,,include,"No sufficiently explicit recorded ESRD, chronic dialysis dependence, or renal-transplant recipient state; absence of a matched term does not establish absence of disease.",no_explicit_renal_status_exclusion
mover,Acute renal failure due to traumatic rhabdomyolysis (CMS-HCC),,include,"No sufficiently explicit recorded ESRD, chronic dialysis dependence, or renal-transplant recipient state; absence of a matched term does not establish absence of disease.",no_explicit_renal_status_exclusion
mover,Acute renal failure on dialysis (CMS-HCC),,uncertain,"Exact record identifies dialysis status or acute renal replacement but does not establish chronic dependence or preoperative timing; conservatively excluded from main cohort, retained in diagnosis-free sensitivity.",uncertain_recorded_renal_replacement
mover,Acute renal failure superimposed on chronic kidney disease (CMS-HCC),,include,"No sufficiently explicit recorded ESRD, chronic dialysis dependence, or renal-transplant recipient state; absence of a matched term does not establish absence of disease.",no_explicit_renal_status_exclusion
mover,"Acute renal failure superimposed on chronic kidney disease, unspecified CKD stage, unspecified acute renal failure type (CMS-HCC)",,include,"No sufficiently explicit recorded ESRD, chronic dialysis dependence, or renal-transplant recipient state; absence of a matched term does not establish absence of disease.",no_explicit_renal_status_exclusion
mover,Acute renal failure superimposed on stage 3 chronic kidney disease (CMS-HCC),,include,"No sufficiently explicit recorded ESRD, chronic dialysis dependence, or renal-transplant recipient state; absence of a matched term does not establish absence of disease.",no_explicit_renal_status_exclusion
mover,Acute renal failure superimposed on stage 4 chronic kidney disease (CMS-HCC),,include,"No sufficiently explicit recorded ESRD, chronic dialysis dependence, or renal-transplant recipient state; absence of a matched term does not establish absence of disease.",no_explicit_renal_status_exclusion
mover,"Acute renal failure superimposed on stage 5 chronic kidney disease, not on chronic dialysis, unspecified acute renal failure type (CMS-HCC)",,include,"Acute dialysis, access presence/complication, preference, negation, or nonspecific dialysis wording does not establish chronic dependence; retain absent another explicit exclusion. Retinal dialysis is unrelated.",dialysis_related_not_chronic_dependence
mover,Acute renal failure with other specified pathological lesion in kidney (CMS-HCC),,include,"No sufficiently explicit recorded ESRD, chronic dialysis dependence, or renal-transplant recipient state; absence of a matched term does not establish absence of disease.",no_explicit_renal_status_exclusion
mover,"Acute renal failure, unspecified acute renal failure type (CMS-HCC)",,include,"No sufficiently explicit recorded ESRD, chronic dialysis dependence, or renal-transplant recipient state; absence of a matched term does not establish absence of disease.",no_explicit_renal_status_exclusion
mover,Acute systolic (congestive) heart failure (CMS-HCC),,include,"No sufficiently explicit recorded ESRD, chronic dialysis dependence, or renal-transplant recipient state; absence of a matched term does not establish absence of disease.",no_explicit_renal_status_exclusion
mover,"Acute systolic heart failure, first episode (CMS-HCC)",,include,"No sufficiently explicit recorded ESRD, chronic dialysis dependence, or renal-transplant recipient state; absence of a matched term does not establish absence of disease.",no_explicit_renal_status_exclusion
mover,"Adrenal adenoma, left",,include,"No sufficiently explicit recorded ESRD, chronic dialysis dependence, or renal-transplant recipient state; absence of a matched term does not establish absence of disease.",no_explicit_renal_status_exclusion
mover,"Adrenal adenoma, right",,include,"No sufficiently explicit recorded ESRD, chronic dialysis dependence, or renal-transplant recipient state; absence of a matched term does not establish absence of disease.",no_explicit_renal_status_exclusion
mover,"Adrenal carcinoma, right (CMS-HCC)",,include,"No sufficiently explicit recorded ESRD, chronic dialysis dependence, or renal-transplant recipient state; absence of a matched term does not establish absence of disease.",no_explicit_renal_status_exclusion
mover,Adrenal cortical adenocarcinoma of left adrenal gland (CMS-HCC),,include,"No sufficiently explicit recorded ESRD, chronic dialysis dependence, or renal-transplant recipient state; absence of a matched term does not establish absence of disease.",no_explicit_renal_status_exclusion
mover,"Adrenal hematoma, initial encounter",,include,"No sufficiently explicit recorded ESRD, chronic dialysis dependence, or renal-transplant recipient state; absence of a matched term does not establish absence of disease.",no_explicit_renal_status_exclusion
mover,Adrenal insufficiency due to corticosteroid withdrawal (CMS-HCC),,include,"No sufficiently explicit recorded ESRD, chronic dialysis dependence, or renal-transplant recipient state; absence of a matched term does not establish absence of disease.",no_explicit_renal_status_exclusion
mover,Adrenal mass 1 cm to 4 cm in diameter with no history of malignant neoplasm (CMS-HCC),,include,"No sufficiently explicit recorded ESRD, chronic dialysis dependence, or renal-transplant recipient state; absence of a matched term does not establish absence of disease.",no_explicit_renal_status_exclusion
mover,Adrenal mass greater than 4 cm in diameter (CMS-HCC),,include,"No sufficiently explicit recorded ESRD, chronic dialysis dependence, or renal-transplant recipient state; absence of a matched term does not establish absence of disease.",no_explicit_renal_status_exclusion
mover,Adrenal mass greater than 4 cm in diameter with no history of malignant neoplasm (CMS-HCC),,include,"No sufficiently explicit recorded ESRD, chronic dialysis dependence, or renal-transplant recipient state; absence of a matched term does not establish absence of disease.",no_explicit_renal_status_exclusion
mover,Adrenal mass less than 4 cm in diameter with history of malignant neoplasm (CMS-HCC),,include,"No sufficiently explicit recorded ESRD, chronic dialysis dependence, or renal-transplant recipient state; absence of a matched term does not establish absence of disease.",no_explicit_renal_status_exclusion
mover,Adrenal myelolipoma,,include,"No sufficiently explicit recorded ESRD, chronic dialysis dependence, or renal-transplant recipient state; absence of a matched term does not establish absence of disease.",no_explicit_renal_status_exclusion
mover,Aldosterone secreting adenoma of left adrenal gland (CMS-HCC),,include,"No sufficiently explicit recorded ESRD, chronic dialysis dependence, or renal-transplant recipient state; absence of a matched term does not establish absence of disease.",no_explicit_renal_status_exclusion
mover,Anasarca associated with disorder of kidney,,include,"No sufficiently explicit recorded ESRD, chronic dialysis dependence, or renal-transplant recipient state; absence of a matched term does not establish absence of disease.",no_explicit_renal_status_exclusion
mover,Anemia associated with stage 3 chronic renal failure,,include,"No sufficiently explicit recorded ESRD, chronic dialysis dependence, or renal-transplant recipient state; absence of a matched term does not establish absence of disease.",no_explicit_renal_status_exclusion
mover,Anemia associated with stage 3 chronic renal failure (CMS-HCC),,include,"No sufficiently explicit recorded ESRD, chronic dialysis dependence, or renal-transplant recipient state; absence of a matched term does not establish absence of disease.",no_explicit_renal_status_exclusion
mover,Anemia associated with stage 4 chronic renal failure (CMS-HCC),,include,"No sufficiently explicit recorded ESRD, chronic dialysis dependence, or renal-transplant recipient state; absence of a matched term does not establish absence of disease.",no_explicit_renal_status_exclusion
mover,Anemia associated with stage 5 chronic renal failure (CMS-HCC),,include,"No sufficiently explicit recorded ESRD, chronic dialysis dependence, or renal-transplant recipient state; absence of a matched term does not establish absence of disease.",no_explicit_renal_status_exclusion
mover,Anemia due to chronic kidney disease,,include,"No sufficiently explicit recorded ESRD, chronic dialysis dependence, or renal-transplant recipient state; absence of a matched term does not establish absence of disease.",no_explicit_renal_status_exclusion
mover,"Anemia due to chronic kidney disease, on chronic dialysis (CMS-HCC)",,exclude,Exact text explicitly documents dependence or chronic dialysis; no inference from access alone and no presumption of preoperative timing.,explicit_recorded_dialysis_dependence
mover,"Anemia due to chronic kidney disease, unspecified CKD stage",,include,"No sufficiently explicit recorded ESRD, chronic dialysis dependence, or renal-transplant recipient state; absence of a matched term does not establish absence of disease.",no_explicit_renal_status_exclusion
mover,Anemia due to end stage renal disease (CMS-HCC),,exclude,Exact text or unambiguous ESRD code documents ESRD in the permitted same-case record; time of documentation is not established as preoperative.,explicit_recorded_esrd
mover,Anemia due to stage 3 chronic kidney disease,,include,"No sufficiently explicit recorded ESRD, chronic dialysis dependence, or renal-transplant recipient state; absence of a matched term does not establish absence of disease.",no_explicit_renal_status_exclusion
mover,Anemia due to stage 4 chronic kidney disease (CMS-HCC),,include,"No sufficiently explicit recorded ESRD, chronic dialysis dependence, or renal-transplant recipient state; absence of a matched term does not establish absence of disease.",no_explicit_renal_status_exclusion
mover,"Anemia due to stage 5 chronic kidney disease, not on chronic dialysis (CMS-HCC)",,include,"Acute dialysis, access presence/complication, preference, negation, or nonspecific dialysis wording does not establish chronic dependence; retain absent another explicit exclusion. Retinal dialysis is unrelated.",dialysis_related_not_chronic_dependence
mover,"Anemia in chronic kidney disease, on chronic dialysis (CMS-HCC)",,exclude,Exact text explicitly documents dependence or chronic dialysis; no inference from access alone and no presumption of preoperative timing.,explicit_recorded_dialysis_dependence
mover,Anemia in stage 4 chronic kidney disease (CMS-HCC),,include,"No sufficiently explicit recorded ESRD, chronic dialysis dependence, or renal-transplant recipient state; absence of a matched term does not establish absence of disease.",no_explicit_renal_status_exclusion
mover,"Anemia of chronic kidney failure, stage 5 (CMS-HCC)",,include,"No sufficiently explicit recorded ESRD, chronic dialysis dependence, or renal-transplant recipient state; absence of a matched term does not establish absence of disease.",no_explicit_renal_status_exclusion
mover,"Anemia of chronic renal failure, stage 5 (CMS-HCC)",,include,"No sufficiently explicit recorded ESRD, chronic dialysis dependence, or renal-transplant recipient state; absence of a matched term does not establish absence of disease.",no_explicit_renal_status_exclusion
mover,"Aneurysm of arteriovenous dialysis fistula, initial encounter (CMS-HCC)",,include,"Acute dialysis, access presence/complication, preference, negation, or nonspecific dialysis wording does not establish chronic dependence; retain absent another explicit exclusion. Retinal dialysis is unrelated.",dialysis_related_not_chronic_dependence
mover,"Aneurysm of arteriovenous dialysis fistula, sequela",,include,"Acute dialysis, access presence/complication, preference, negation, or nonspecific dialysis wording does not establish chronic dependence; retain absent another explicit exclusion. Retinal dialysis is unrelated.",dialysis_related_not_chronic_dependence
mover,"Aneurysm of arteriovenous dialysis fistula, subsequent encounter",,include,"Acute dialysis, access presence/complication, preference, negation, or nonspecific dialysis wording does not establish chronic dependence; retain absent another explicit exclusion. Retinal dialysis is unrelated.",dialysis_related_not_chronic_dependence
mover,Aneurysm of left renal artery (CMS-HCC),,include,"No sufficiently explicit recorded ESRD, chronic dialysis dependence, or renal-transplant recipient state; absence of a matched term does not establish absence of disease.",no_explicit_renal_status_exclusion
mover,Aneurysm of right renal artery (CMS-HCC),,include,"No sufficiently explicit recorded ESRD, chronic dialysis dependence, or renal-transplant recipient state; absence of a matched term does not establish absence of disease.",no_explicit_renal_status_exclusion
mover,Angiomyolipoma of both kidneys,,include,"No sufficiently explicit recorded ESRD, chronic dialysis dependence, or renal-transplant recipient state; absence of a matched term does not establish absence of disease.",no_explicit_renal_status_exclusion
mover,Angiomyolipoma of left kidney,,include,"No sufficiently explicit recorded ESRD, chronic dialysis dependence, or renal-transplant recipient state; absence of a matched term does not establish absence of disease.",no_explicit_renal_status_exclusion
mover,"Aortic aneurysm without rupture, unspecified portion of aorta (CMS-HCC)",,include,"No sufficiently explicit recorded ESRD, chronic dialysis dependence, or renal-transplant recipient state; absence of a matched term does not establish absence of disease.",no_explicit_renal_status_exclusion
mover,Aortic occlusion (CMS-HCC),,include,"No sufficiently explicit recorded ESRD, chronic dialysis dependence, or renal-transplant recipient state; absence of a matched term does not establish absence of disease.",no_explicit_renal_status_exclusion
mover,"Aortic prosthetic valve regurgitation, initial encounter",,include,"No sufficiently explicit recorded ESRD, chronic dialysis dependence, or renal-transplant recipient state; absence of a matched term does not establish absence of disease.",no_explicit_renal_status_exclusion
mover,"Aortic prosthetic valve regurgitation, subsequent encounter",,include,"No sufficiently explicit recorded ESRD, chronic dialysis dependence, or renal-transplant recipient state; absence of a matched term does not establish absence of disease.",no_explicit_renal_status_exclusion
mover,Aortic regurgitation due to bicuspid aortic valve,,include,"No sufficiently explicit recorded ESRD, chronic dialysis dependence, or renal-transplant recipient state; absence of a matched term does not establish absence of disease.",no_explicit_renal_status_exclusion
mover,Aortic stenosis due to bicuspid aortic valve,,include,"No sufficiently explicit recorded ESRD, chronic dialysis dependence, or renal-transplant recipient state; absence of a matched term does not establish absence of disease.",no_explicit_renal_status_exclusion
mover,Aortic stenosis with trileaflet valve,,include,"No sufficiently explicit recorded ESRD, chronic dialysis dependence, or renal-transplant recipient state; absence of a matched term does not establish absence of disease.",no_explicit_renal_status_exclusion
mover,"Aortic transection, initial encounter",,include,"No sufficiently explicit recorded ESRD, chronic dialysis dependence, or renal-transplant recipient state; absence of a matched term does not establish absence of disease.",no_explicit_renal_status_exclusion
mover,"Aortic valve insufficiency, etiology of cardiac valve disease unspecified",,include,"No sufficiently explicit recorded ESRD, chronic dialysis dependence, or renal-transplant recipient state; absence of a matched term does not establish absence of disease.",no_explicit_renal_status_exclusion
mover,"Aortic valve stenosis, etiology of cardiac valve disease unspecified",,include,"No sufficiently explicit recorded ESRD, chronic dialysis dependence, or renal-transplant recipient state; absence of a matched term does not establish absence of disease.",no_explicit_renal_status_exclusion
mover,"Aortobifemoral bypass graft thrombosis, sequela",,include,"No sufficiently explicit recorded ESRD, chronic dialysis dependence, or renal-transplant recipient state; absence of a matched term does not establish absence of disease.",no_explicit_renal_status_exclusion
mover,"Arteriovenous fistula for hemodialysis in place, primary (CMS-HCC)",,include,"Acute dialysis, access presence/complication, preference, negation, or nonspecific dialysis wording does not establish chronic dependence; retain absent another explicit exclusion. Retinal dialysis is unrelated.",dialysis_related_not_chronic_dependence
mover,"Arteriovenous graft for hemodialysis in place, primary",,include,"Acute dialysis, access presence/complication, preference, negation, or nonspecific dialysis wording does not establish chronic dependence; retain absent another explicit exclusion. Retinal dialysis is unrelated.",dialysis_related_not_chronic_dependence
mover,Atherosclerosis of aorta with gangrene (CMS-HCC),,include,"No sufficiently explicit recorded ESRD, chronic dialysis dependence, or renal-transplant recipient state; absence of a matched term does not establish absence of disease.",no_explicit_renal_status_exclusion
mover,Atherosclerosis of aortic bifurcation and common iliac arteries (CMS-HCC),,include,"No sufficiently explicit recorded ESRD, chronic dialysis dependence, or renal-transplant recipient state; absence of a matched term does not establish absence of disease.",no_explicit_renal_status_exclusion
mover,Atherosclerosis of autologous vein coronary artery bypass graft,,include,"No sufficiently explicit recorded ESRD, chronic dialysis dependence, or renal-transplant recipient state; absence of a matched term does not establish absence of disease.",no_explicit_renal_status_exclusion
mover,Atherosclerosis of autologous vein coronary artery bypass graft with other forms of angina pectoris (CMS-HCC),,include,"No sufficiently explicit recorded ESRD, chronic dialysis dependence, or renal-transplant recipient state; absence of a matched term does not establish absence of disease.",no_explicit_renal_status_exclusion
mover,Atherosclerosis of autologous vein coronary artery bypass graft with stable angina pectoris (CMS-HCC),,include,"No sufficiently explicit recorded ESRD, chronic dialysis dependence, or renal-transplant recipient state; absence of a matched term does not establish absence of disease.",no_explicit_renal_status_exclusion
mover,"Atherosclerosis of coronary artery bypass graft with stable angina pectoris, unspecified whether native or transplanted heart (CMS-HCC)",,include,"No sufficiently explicit recorded ESRD, chronic dialysis dependence, or renal-transplant recipient state; absence of a matched term does not establish absence of disease.",no_explicit_renal_status_exclusion
mover,"Atherosclerosis of coronary artery of native heart without angina pectoris, unspecified vessel or lesion type",,include,"No sufficiently explicit recorded ESRD, chronic dialysis dependence, or renal-transplant recipient state; absence of a matched term does not establish absence of disease.",no_explicit_renal_status_exclusion
mover,"Atherosclerosis of coronary artery, angina presence unspecified, unspecified vessel or lesion type, unspecified whether native or transplanted heart",,include,"No sufficiently explicit recorded ESRD, chronic dialysis dependence, or renal-transplant recipient state; absence of a matched term does not establish absence of disease.",no_explicit_renal_status_exclusion
mover,Atherosclerosis of native coronary artery of native heart with angina pectoris (CMS-HCC),,include,"No sufficiently explicit recorded ESRD, chronic dialysis dependence, or renal-transplant recipient state; absence of a matched term does not establish absence of disease.",no_explicit_renal_status_exclusion
mover,Atherosclerosis of native coronary artery of native heart with other form of angina pectoris (CMS-HCC),,include,"No sufficiently explicit recorded ESRD, chronic dialysis dependence, or renal-transplant recipient state; absence of a matched term does not establish absence of disease.",no_explicit_renal_status_exclusion
mover,Atherosclerosis of native coronary artery of native heart with stable angina pectoris (CMS-HCC),,include,"No sufficiently explicit recorded ESRD, chronic dialysis dependence, or renal-transplant recipient state; absence of a matched term does not establish absence of disease.",no_explicit_renal_status_exclusion
mover,Atherosclerosis of native coronary artery of native heart with unstable angina pectoris (CMS-HCC),,include,"No sufficiently explicit recorded ESRD, chronic dialysis dependence, or renal-transplant recipient state; absence of a matched term does not establish absence of disease.",no_explicit_renal_status_exclusion
mover,Atherosclerosis of native coronary artery of native heart without angina pectoris,,include,"No sufficiently explicit recorded ESRD, chronic dialysis dependence, or renal-transplant recipient state; absence of a matched term does not establish absence of disease.",no_explicit_renal_status_exclusion
mover,"Benign hypertensive CKD, stage 5 chronic kidney disease or end stage renal disease (CMS-HCC)",,include,Composite description/code permits CKD stage 5 OR ESRD; cannot classify as definite ESRD.,ckd5_or_esrd_ambiguous
mover,"Benign renal tumor, left",,include,"No sufficiently explicit recorded ESRD, chronic dialysis dependence, or renal-transplant recipient state; absence of a matched term does not establish absence of disease.",no_explicit_renal_status_exclusion
mover,Bilateral renal stones,,include,"No sufficiently explicit recorded ESRD, chronic dialysis dependence, or renal-transplant recipient state; absence of a matched term does not establish absence of disease.",no_explicit_renal_status_exclusion
mover,"CHF (congestive heart failure), NYHA class I, acute on chronic, combined (CMS-HCC)",,include,"No sufficiently explicit recorded ESRD, chronic dialysis dependence, or renal-transplant recipient state; absence of a matched term does not establish absence of disease.",no_explicit_renal_status_exclusion
mover,"CHF (congestive heart failure), NYHA class I, acute on chronic, diastolic (CMS-HCC)",,include,"No sufficiently explicit recorded ESRD, chronic dialysis dependence, or renal-transplant recipient state; absence of a matched term does not establish absence of disease.",no_explicit_renal_status_exclusion
mover,"CHF (congestive heart failure), NYHA class I, chronic, diastolic (CMS-HCC)",,include,"No sufficiently explicit recorded ESRD, chronic dialysis dependence, or renal-transplant recipient state; absence of a matched term does not establish absence of disease.",no_explicit_renal_status_exclusion
mover,"CHF (congestive heart failure), NYHA class I, chronic, systolic (CMS-HCC)",,include,"No sufficiently explicit recorded ESRD, chronic dialysis dependence, or renal-transplant recipient state; absence of a matched term does not establish absence of disease.",no_explicit_renal_status_exclusion
mover,"CHF (congestive heart failure), NYHA class II, chronic, diastolic (CMS-HCC)",,include,"No sufficiently explicit recorded ESRD, chronic dialysis dependence, or renal-transplant recipient state; absence of a matched term does not establish absence of disease.",no_explicit_renal_status_exclusion
mover,"CHF (congestive heart failure), NYHA class II, chronic, systolic (CMS-HCC)",,include,"No sufficiently explicit recorded ESRD, chronic dialysis dependence, or renal-transplant recipient state; absence of a matched term does not establish absence of disease.",no_explicit_renal_status_exclusion
mover,"CKD (chronic kidney disease), symptom management only, stage 3 (moderate)",,include,"No sufficiently explicit recorded ESRD, chronic dialysis dependence, or renal-transplant recipient state; absence of a matched term does not establish absence of disease.",no_explicit_renal_status_exclusion
mover,CKD stage 3 due to type 2 diabetes mellitus (CMS-HCC),,include,"No sufficiently explicit recorded ESRD, chronic dialysis dependence, or renal-transplant recipient state; absence of a matched term does not establish absence of disease.",no_explicit_renal_status_exclusion
mover,CKD stage 4 due to type 2 diabetes mellitus (CMS-HCC),,include,"No sufficiently explicit recorded ESRD, chronic dialysis dependence, or renal-transplant recipient state; absence of a matched term does not establish absence of disease.",no_explicit_renal_status_exclusion
mover,CKD stage 4 secondary to hypertension (CMS-HCC),,include,"No sufficiently explicit recorded ESRD, chronic dialysis dependence, or renal-transplant recipient state; absence of a matched term does not establish absence of disease.",no_explicit_renal_status_exclusion
mover,CKD stage 5 due to type 2 diabetes mellitus (CMS-HCC),,include,"No sufficiently explicit recorded ESRD, chronic dialysis dependence, or renal-transplant recipient state; absence of a matched term does not establish absence of disease.",no_explicit_renal_status_exclusion
mover,"CKD stage G3a/A1, GFR 45-59 and albumin creatinine ratio <30 mg/g (CMS-HCC)",,include,"No sufficiently explicit recorded ESRD, chronic dialysis dependence, or renal-transplant recipient state; absence of a matched term does not establish absence of disease.",no_explicit_renal_status_exclusion
mover,"CKD stage G3b/A1, GFR 30-44 and albumin creatinine ratio <30 mg/g",,include,"No sufficiently explicit recorded ESRD, chronic dialysis dependence, or renal-transplant recipient state; absence of a matched term does not establish absence of disease.",no_explicit_renal_status_exclusion
mover,"CKD stage G5/A3, GFR <15 and albumin creatinine ratio >300 mg/g (CMS-HCC)",,include,"No sufficiently explicit recorded ESRD, chronic dialysis dependence, or renal-transplant recipient state; absence of a matched term does not establish absence of disease.",no_explicit_renal_status_exclusion
mover,"Cancer of kidney, right (CMS-HCC)",,include,"No sufficiently explicit recorded ESRD, chronic dialysis dependence, or renal-transplant recipient state; absence of a matched term does not establish absence of disease.",no_explicit_renal_status_exclusion
mover,Cancer of left kidney (CMS-HCC),,include,"No sufficiently explicit recorded ESRD, chronic dialysis dependence, or renal-transplant recipient state; absence of a matched term does not establish absence of disease.",no_explicit_renal_status_exclusion
mover,Cancer of left kidney parenchyma (CMS-HCC),,include,"No sufficiently explicit recorded ESRD, chronic dialysis dependence, or renal-transplant recipient state; absence of a matched term does not establish absence of disease.",no_explicit_renal_status_exclusion
mover,Cancer of left renal pelvis (CMS-HCC),,include,"No sufficiently explicit recorded ESRD, chronic dialysis dependence, or renal-transplant recipient state; absence of a matched term does not establish absence of disease.",no_explicit_renal_status_exclusion
mover,"Cancer of renal pelvis, right (CMS-HCC)",,include,"No sufficiently explicit recorded ESRD, chronic dialysis dependence, or renal-transplant recipient state; absence of a matched term does not establish absence of disease.",no_explicit_renal_status_exclusion
mover,Cancer of right kidney (CMS-HCC),,include,"No sufficiently explicit recorded ESRD, chronic dialysis dependence, or renal-transplant recipient state; absence of a matched term does not establish absence of disease.",no_explicit_renal_status_exclusion
mover,"Carcinoma of kidney, unspecified laterality (CMS-HCC)",,include,"No sufficiently explicit recorded ESRD, chronic dialysis dependence, or renal-transplant recipient state; absence of a matched term does not establish absence of disease.",no_explicit_renal_status_exclusion
mover,Carcinoma of left kidney (CMS-HCC),,include,"No sufficiently explicit recorded ESRD, chronic dialysis dependence, or renal-transplant recipient state; absence of a matched term does not establish absence of disease.",no_explicit_renal_status_exclusion
mover,Carcinoma of right breast metastatic to adrenal gland (CMS-HCC),,include,"No sufficiently explicit recorded ESRD, chronic dialysis dependence, or renal-transplant recipient state; absence of a matched term does not establish absence of disease.",no_explicit_renal_status_exclusion
mover,Carcinoma of right kidney (CMS-HCC),,include,"No sufficiently explicit recorded ESRD, chronic dialysis dependence, or renal-transplant recipient state; absence of a matched term does not establish absence of disease.",no_explicit_renal_status_exclusion
mover,"Carcinoma, adrenal cortical, left (CMS-HCC)",,include,"No sufficiently explicit recorded ESRD, chronic dialysis dependence, or renal-transplant recipient state; absence of a matched term does not establish absence of disease.",no_explicit_renal_status_exclusion
mover,"Carcinoma, renal cell, left (CMS-HCC)",,include,"No sufficiently explicit recorded ESRD, chronic dialysis dependence, or renal-transplant recipient state; absence of a matched term does not establish absence of disease.",no_explicit_renal_status_exclusion
mover,"Carcinoma, renal cell, right (CMS-HCC)",,include,"No sufficiently explicit recorded ESRD, chronic dialysis dependence, or renal-transplant recipient state; absence of a matched term does not establish absence of disease.",no_explicit_renal_status_exclusion
mover,Cardiac arrest due to other underlying condition (CMS-HCC),,include,"No sufficiently explicit recorded ESRD, chronic dialysis dependence, or renal-transplant recipient state; absence of a matched term does not establish absence of disease.",no_explicit_renal_status_exclusion
mover,Cardiac arrest due to trauma (CMS-HCC),,include,"No sufficiently explicit recorded ESRD, chronic dialysis dependence, or renal-transplant recipient state; absence of a matched term does not establish absence of disease.",no_explicit_renal_status_exclusion
mover,Cardiac arrest with pulseless electrical activity (CMS-HCC),,include,"No sufficiently explicit recorded ESRD, chronic dialysis dependence, or renal-transplant recipient state; absence of a matched term does not establish absence of disease.",no_explicit_renal_status_exclusion
mover,Cardiac arrest with successful resuscitation (CMS-HCC),,include,"No sufficiently explicit recorded ESRD, chronic dialysis dependence, or renal-transplant recipient state; absence of a matched term does not establish absence of disease.",no_explicit_renal_status_exclusion
mover,Cardiac arrest with ventricular fibrillation (CMS-HCC),,include,"No sufficiently explicit recorded ESRD, chronic dialysis dependence, or renal-transplant recipient state; absence of a matched term does not establish absence of disease.",no_explicit_renal_status_exclusion
mover,"Cardiac arrhythmia, unspecified cardiac arrhythmia type",,include,"No sufficiently explicit recorded ESRD, chronic dialysis dependence, or renal-transplant recipient state; absence of a matched term does not establish absence of disease.",no_explicit_renal_status_exclusion
mover,Cardiac disease during pregnancy,,include,"No sufficiently explicit recorded ESRD, chronic dialysis dependence, or renal-transplant recipient state; absence of a matched term does not establish absence of disease.",no_explicit_renal_status_exclusion
mover,Cardiac resynchronization therapy defibrillator (CRT-D) in place,,include,"No sufficiently explicit recorded ESRD, chronic dialysis dependence, or renal-transplant recipient state; absence of a matched term does not establish absence of disease.",no_explicit_renal_status_exclusion
mover,Chromophobe renal cell carcinoma (CMS-HCC),,include,"No sufficiently explicit recorded ESRD, chronic dialysis dependence, or renal-transplant recipient state; absence of a matched term does not establish absence of disease.",no_explicit_renal_status_exclusion
mover,Chronic HFrEF (heart failure with reduced ejection fraction) (CMS-HCC),,include,"No sufficiently explicit recorded ESRD, chronic dialysis dependence, or renal-transplant recipient state; absence of a matched term does not establish absence of disease.",no_explicit_renal_status_exclusion
mover,Chronic combined systolic (congestive) and diastolic (congestive) heart failure (CMS-HCC),,include,"No sufficiently explicit recorded ESRD, chronic dialysis dependence, or renal-transplant recipient state; absence of a matched term does not establish absence of disease.",no_explicit_renal_status_exclusion
mover,Chronic congestive heart failure with left ventricular diastolic dysfunction (CMS-HCC),,include,"No sufficiently explicit recorded ESRD, chronic dialysis dependence, or renal-transplant recipient state; absence of a matched term does not establish absence of disease.",no_explicit_renal_status_exclusion
mover,Chronic constrictive pericarditis associated with other disease,,include,"No sufficiently explicit recorded ESRD, chronic dialysis dependence, or renal-transplant recipient state; absence of a matched term does not establish absence of disease.",no_explicit_renal_status_exclusion
mover,Chronic diastolic (congestive) heart failure (CMS-HCC),,include,"No sufficiently explicit recorded ESRD, chronic dialysis dependence, or renal-transplant recipient state; absence of a matched term does not establish absence of disease.",no_explicit_renal_status_exclusion
mover,Chronic heart failure with preserved ejection fraction (CMS-HCC),,include,"No sufficiently explicit recorded ESRD, chronic dialysis dependence, or renal-transplant recipient state; absence of a matched term does not establish absence of disease.",no_explicit_renal_status_exclusion
mover,Chronic heart failure with preserved ejection fraction (HFpEF) (CMS-HCC),,include,"No sufficiently explicit recorded ESRD, chronic dialysis dependence, or renal-transplant recipient state; absence of a matched term does not establish absence of disease.",no_explicit_renal_status_exclusion
mover,Chronic heart failure with reduced ejection fraction and diastolic dysfunction (CMS-HCC),,include,"No sufficiently explicit recorded ESRD, chronic dialysis dependence, or renal-transplant recipient state; absence of a matched term does not establish absence of disease.",no_explicit_renal_status_exclusion
mover,"Chronic kidney disease (CKD) stage G2/A1, mildly decreased glomerular filtration rate (GFR) between 60-89 mL/min/1.73 square meter and albuminuria creatinine ratio less than 30 mg/g",,include,"No sufficiently explicit recorded ESRD, chronic dialysis dependence, or renal-transplant recipient state; absence of a matched term does not establish absence of disease.",no_explicit_renal_status_exclusion
mover,"Chronic kidney disease (CKD) stage G4/A1, severely decreased glomerular filtration rate (GFR) between 15-29 mL/min/1.73 square meter and albuminuria creatinine ratio less than 30 mg/g (CMS-HCC)",,include,"No sufficiently explicit recorded ESRD, chronic dialysis dependence, or renal-transplant recipient state; absence of a matched term does not establish absence of disease.",no_explicit_renal_status_exclusion
mover,"Chronic kidney disease (CKD) stage G5/A1, glomerular filtration rate (GFR) less than or equal to 15 mL/min/1.73 square meter and albuminuria creatinine ratio less than 30 mg/g (CMS-HCC)",,include,"No sufficiently explicit recorded ESRD, chronic dialysis dependence, or renal-transplant recipient state; absence of a matched term does not establish absence of disease.",no_explicit_renal_status_exclusion
mover,"Chronic kidney disease (CKD), active medical management without dialysis",,include,"Acute dialysis, access presence/complication, preference, negation, or nonspecific dialysis wording does not establish chronic dependence; retain absent another explicit exclusion. Retinal dialysis is unrelated.",dialysis_related_not_chronic_dependence
mover,"Chronic kidney disease (CKD), active medical management without dialysis, stage 3 (moderate) (CMS-HCC)",,include,"Acute dialysis, access presence/complication, preference, negation, or nonspecific dialysis wording does not establish chronic dependence; retain absent another explicit exclusion. Retinal dialysis is unrelated.",dialysis_related_not_chronic_dependence
mover,"Chronic kidney disease (CKD), active medical management without dialysis, stage 5 (CMS-HCC)",,include,"Acute dialysis, access presence/complication, preference, negation, or nonspecific dialysis wording does not establish chronic dependence; retain absent another explicit exclusion. Retinal dialysis is unrelated.",dialysis_related_not_chronic_dependence
mover,Chronic kidney disease due to type 2 diabetes mellitus (CMS-HCC),,include,"No sufficiently explicit recorded ESRD, chronic dialysis dependence, or renal-transplant recipient state; absence of a matched term does not establish absence of disease.",no_explicit_renal_status_exclusion
mover,Chronic kidney disease with end stage renal disease on dialysis due to type 2 diabetes mellitus (CMS-HCC),,exclude,Exact text or unambiguous ESRD code documents ESRD in the permitted same-case record; time of documentation is not established as preoperative.,explicit_recorded_esrd
mover,Chronic kidney disease with in-center hemodialysis preferred by patient,,include,"Acute dialysis, access presence/complication, preference, negation, or nonspecific dialysis wording does not establish chronic dependence; retain absent another explicit exclusion. Retinal dialysis is unrelated.",dialysis_related_not_chronic_dependence
mover,Chronic kidney disease with peritoneal dialysis preferred by patient,,include,"Acute dialysis, access presence/complication, preference, negation, or nonspecific dialysis wording does not establish chronic dependence; retain absent another explicit exclusion. Retinal dialysis is unrelated.",dialysis_related_not_chronic_dependence
mover,"Chronic kidney disease, stage 2 (mild)",,include,"No sufficiently explicit recorded ESRD, chronic dialysis dependence, or renal-transplant recipient state; absence of a matched term does not establish absence of disease.",no_explicit_renal_status_exclusion
mover,"Chronic kidney disease, stage 3 (CMS-HCC)",,include,"No sufficiently explicit recorded ESRD, chronic dialysis dependence, or renal-transplant recipient state; absence of a matched term does not establish absence of disease.",no_explicit_renal_status_exclusion
mover,"Chronic kidney disease, stage 3 (moderate) (CMS-HCC)",,include,"No sufficiently explicit recorded ESRD, chronic dialysis dependence, or renal-transplant recipient state; absence of a matched term does not establish absence of disease.",no_explicit_renal_status_exclusion
mover,"Chronic kidney disease, stage 3a (CMS-HCC)",,include,"No sufficiently explicit recorded ESRD, chronic dialysis dependence, or renal-transplant recipient state; absence of a matched term does not establish absence of disease.",no_explicit_renal_status_exclusion
mover,"Chronic kidney disease, stage 4 (severe) (CMS-HCC)",,include,"No sufficiently explicit recorded ESRD, chronic dialysis dependence, or renal-transplant recipient state; absence of a matched term does not establish absence of disease.",no_explicit_renal_status_exclusion
mover,"Chronic kidney disease, stage 5 (CMS-HCC)",,include,"No sufficiently explicit recorded ESRD, chronic dialysis dependence, or renal-transplant recipient state; absence of a matched term does not establish absence of disease.",no_explicit_renal_status_exclusion
mover,"Chronic kidney disease, unspecified CKD stage",,include,"No sufficiently explicit recorded ESRD, chronic dialysis dependence, or renal-transplant recipient state; absence of a matched term does not establish absence of disease.",no_explicit_renal_status_exclusion
mover,Chronic kidney disease-mineral and bone disorder,,include,"No sufficiently explicit recorded ESRD, chronic dialysis dependence, or renal-transplant recipient state; absence of a matched term does not establish absence of disease.",no_explicit_renal_status_exclusion
mover,"Chronic kidney failure, stage 5 (CMS-HCC)",,include,"No sufficiently explicit recorded ESRD, chronic dialysis dependence, or renal-transplant recipient state; absence of a matched term does not establish absence of disease.",no_explicit_renal_status_exclusion
mover,Chronic left systolic heart failure (CMS-HCC),,include,"No sufficiently explicit recorded ESRD, chronic dialysis dependence, or renal-transplant recipient state; absence of a matched term does not establish absence of disease.",no_explicit_renal_status_exclusion
mover,"Chronic renal failure, stage 4 (severe) (CMS-HCC)",,include,"No sufficiently explicit recorded ESRD, chronic dialysis dependence, or renal-transplant recipient state; absence of a matched term does not establish absence of disease.",no_explicit_renal_status_exclusion
mover,"Chronic renal failure, unspecified CKD stage",,include,"No sufficiently explicit recorded ESRD, chronic dialysis dependence, or renal-transplant recipient state; absence of a matched term does not establish absence of disease.",no_explicit_renal_status_exclusion
mover,"Chronic renal impairment, stage 4 (severe) (CMS-HCC)",,include,"No sufficiently explicit recorded ESRD, chronic dialysis dependence, or renal-transplant recipient state; absence of a matched term does not establish absence of disease.",no_explicit_renal_status_exclusion
mover,"Chronic renal insufficiency, stage 3 (moderate)",,include,"No sufficiently explicit recorded ESRD, chronic dialysis dependence, or renal-transplant recipient state; absence of a matched term does not establish absence of disease.",no_explicit_renal_status_exclusion
mover,Chronic systolic (congestive) heart failure (CMS-HCC),,include,"No sufficiently explicit recorded ESRD, chronic dialysis dependence, or renal-transplant recipient state; absence of a matched term does not establish absence of disease.",no_explicit_renal_status_exclusion
mover,Chronic total occlusion of native coronary artery,,include,"No sufficiently explicit recorded ESRD, chronic dialysis dependence, or renal-transplant recipient state; absence of a matched term does not establish absence of disease.",no_explicit_renal_status_exclusion
mover,Clear cell carcinoma of right kidney (CMS-HCC),,include,"No sufficiently explicit recorded ESRD, chronic dialysis dependence, or renal-transplant recipient state; absence of a matched term does not establish absence of disease.",no_explicit_renal_status_exclusion
mover,"Clear cell renal cell carcinoma, right (CMS-HCC)",,include,"No sufficiently explicit recorded ESRD, chronic dialysis dependence, or renal-transplant recipient state; absence of a matched term does not establish absence of disease.",no_explicit_renal_status_exclusion
mover,"Closed kidney laceration, left, initial encounter",,include,"No sufficiently explicit recorded ESRD, chronic dialysis dependence, or renal-transplant recipient state; absence of a matched term does not establish absence of disease.",no_explicit_renal_status_exclusion
mover,"Closed kidney laceration, right, initial encounter",,include,"No sufficiently explicit recorded ESRD, chronic dialysis dependence, or renal-transplant recipient state; absence of a matched term does not establish absence of disease.",no_explicit_renal_status_exclusion
mover,"Clotted dialysis access, initial encounter (CMS-HCC)",,include,"Acute dialysis, access presence/complication, preference, negation, or nonspecific dialysis wording does not establish chronic dependence; retain absent another explicit exclusion. Retinal dialysis is unrelated.",dialysis_related_not_chronic_dependence
mover,Clotted dialysis shunt (CMS-HCC),,include,"Acute dialysis, access presence/complication, preference, negation, or nonspecific dialysis wording does not establish chronic dependence; retain absent another explicit exclusion. Retinal dialysis is unrelated.",dialysis_related_not_chronic_dependence
mover,"Clotted dialysis shunt, initial encounter (CMS-HCC)",,include,"Acute dialysis, access presence/complication, preference, negation, or nonspecific dialysis wording does not establish chronic dependence; retain absent another explicit exclusion. Retinal dialysis is unrelated.",dialysis_related_not_chronic_dependence
mover,"Clotted renal dialysis arteriovenous graft, initial encounter (CMS-HCC)",,include,"Acute dialysis, access presence/complication, preference, negation, or nonspecific dialysis wording does not establish chronic dependence; retain absent another explicit exclusion. Retinal dialysis is unrelated.",dialysis_related_not_chronic_dependence
mover,Combined systolic and diastolic ACC/AHA stage C congestive heart failure (CMS-HCC),,include,"No sufficiently explicit recorded ESRD, chronic dialysis dependence, or renal-transplant recipient state; absence of a matched term does not establish absence of disease.",no_explicit_renal_status_exclusion
mover,Combined systolic and diastolic cardiac dysfunction,,include,"No sufficiently explicit recorded ESRD, chronic dialysis dependence, or renal-transplant recipient state; absence of a matched term does not establish absence of disease.",no_explicit_renal_status_exclusion
mover,Combined systolic and diastolic congestive heart failure (CMS-HCC),,include,"No sufficiently explicit recorded ESRD, chronic dialysis dependence, or renal-transplant recipient state; absence of a matched term does not establish absence of disease.",no_explicit_renal_status_exclusion
mover,"Combined systolic and diastolic congestive heart failure, NYHA class 2, unspecified congestive heart failure chronicity (CMS-HCC)",,include,"No sufficiently explicit recorded ESRD, chronic dialysis dependence, or renal-transplant recipient state; absence of a matched term does not establish absence of disease.",no_explicit_renal_status_exclusion
mover,"Combined systolic and diastolic congestive heart failure, unspecified HF chronicity (CMS-HCC)",,include,"No sufficiently explicit recorded ESRD, chronic dialysis dependence, or renal-transplant recipient state; absence of a matched term does not establish absence of disease.",no_explicit_renal_status_exclusion
mover,"Combined systolic and diastolic heart failure, unspecified HF chronicity (CMS-HCC)",,include,"No sufficiently explicit recorded ESRD, chronic dialysis dependence, or renal-transplant recipient state; absence of a matched term does not establish absence of disease.",no_explicit_renal_status_exclusion
mover,Complication associated with cardiac pacemaker lead,,include,"No sufficiently explicit recorded ESRD, chronic dialysis dependence, or renal-transplant recipient state; absence of a matched term does not establish absence of disease.",no_explicit_renal_status_exclusion
mover,"Complication associated with cardiac pacemaker lead, initial encounter",,include,"No sufficiently explicit recorded ESRD, chronic dialysis dependence, or renal-transplant recipient state; absence of a matched term does not establish absence of disease.",no_explicit_renal_status_exclusion
mover,"Complication associated with cardiac pacemaker lead, subsequent encounter",,include,"No sufficiently explicit recorded ESRD, chronic dialysis dependence, or renal-transplant recipient state; absence of a matched term does not establish absence of disease.",no_explicit_renal_status_exclusion
mover,Complication associated with dialysis catheter,,include,"Acute dialysis, access presence/complication, preference, negation, or nonspecific dialysis wording does not establish chronic dependence; retain absent another explicit exclusion. Retinal dialysis is unrelated.",dialysis_related_not_chronic_dependence
mover,"Complication of AV dialysis fistula, initial encounter",,include,"Acute dialysis, access presence/complication, preference, negation, or nonspecific dialysis wording does not establish chronic dependence; retain absent another explicit exclusion. Retinal dialysis is unrelated.",dialysis_related_not_chronic_dependence
mover,"Complication of AV dialysis fistula, subsequent encounter",,include,"Acute dialysis, access presence/complication, preference, negation, or nonspecific dialysis wording does not establish chronic dependence; retain absent another explicit exclusion. Retinal dialysis is unrelated.",dialysis_related_not_chronic_dependence
mover,"Complication of arteriovenous dialysis fistula, initial encounter",,include,"Acute dialysis, access presence/complication, preference, negation, or nonspecific dialysis wording does not establish chronic dependence; retain absent another explicit exclusion. Retinal dialysis is unrelated.",dialysis_related_not_chronic_dependence
mover,"Complication of arteriovenous dialysis fistula, subsequent encounter",,include,"Acute dialysis, access presence/complication, preference, negation, or nonspecific dialysis wording does not establish chronic dependence; retain absent another explicit exclusion. Retinal dialysis is unrelated.",dialysis_related_not_chronic_dependence
mover,"Complication of intraperitoneal dialysis catheter, initial encounter",,include,"Acute dialysis, access presence/complication, preference, negation, or nonspecific dialysis wording does not establish chronic dependence; retain absent another explicit exclusion. Retinal dialysis is unrelated.",dialysis_related_not_chronic_dependence
mover,"Complication of transplanted kidney, unspecified complication",,exclude,Exact text/code documents renal transplant recipient/status/complication; not donor or candidate-only wording; timing is not assumed preoperative.,explicit_recorded_renal_recipient
mover,"Complication of vascular access for dialysis, initial encounter",,include,"Acute dialysis, access presence/complication, preference, negation, or nonspecific dialysis wording does not establish chronic dependence; retain absent another explicit exclusion. Retinal dialysis is unrelated.",dialysis_related_not_chronic_dependence
mover,"Complication of vascular access for dialysis, sequela",,include,"Acute dialysis, access presence/complication, preference, negation, or nonspecific dialysis wording does not establish chronic dependence; retain absent another explicit exclusion. Retinal dialysis is unrelated.",dialysis_related_not_chronic_dependence
mover,Complication of vascular dialysis catheter,,include,"Acute dialysis, access presence/complication, preference, negation, or nonspecific dialysis wording does not establish chronic dependence; retain absent another explicit exclusion. Retinal dialysis is unrelated.",dialysis_related_not_chronic_dependence
mover,"Complication of vascular dialysis catheter, unspecified complication, initial encounter",,include,"Acute dialysis, access presence/complication, preference, negation, or nonspecific dialysis wording does not establish chronic dependence; retain absent another explicit exclusion. Retinal dialysis is unrelated.",dialysis_related_not_chronic_dependence
mover,"Complications, dialysis, catheter, mechanical, initial encounter (CMS-HCC)",,include,"Acute dialysis, access presence/complication, preference, negation, or nonspecific dialysis wording does not establish chronic dependence; retain absent another explicit exclusion. Retinal dialysis is unrelated.",dialysis_related_not_chronic_dependence
mover,"Complications, mechanical, catheter, dialysis, subsequent encounter (CMS-HCC)",,include,"Acute dialysis, access presence/complication, preference, negation, or nonspecific dialysis wording does not establish chronic dependence; retain absent another explicit exclusion. Retinal dialysis is unrelated.",dialysis_related_not_chronic_dependence
mover,"Congestive heart failure with left ventricular diastolic dysfunction, acute (CMS-HCC)",,include,"No sufficiently explicit recorded ESRD, chronic dialysis dependence, or renal-transplant recipient state; absence of a matched term does not establish absence of disease.",no_explicit_renal_status_exclusion
mover,"Congestive heart failure, NYHA class 3 and ACC/AHA stage C (CMS-HCC)",,include,"No sufficiently explicit recorded ESRD, chronic dialysis dependence, or renal-transplant recipient state; absence of a matched term does not establish absence of disease.",no_explicit_renal_status_exclusion
mover,"Congestive heart failure, NYHA class 3, chronic, combined (CMS-HCC)",,include,"No sufficiently explicit recorded ESRD, chronic dialysis dependence, or renal-transplant recipient state; absence of a matched term does not establish absence of disease.",no_explicit_renal_status_exclusion
mover,"Congestive heart failure, unspecified HF chronicity, unspecified heart failure type (CMS-HCC)",,include,"No sufficiently explicit recorded ESRD, chronic dialysis dependence, or renal-transplant recipient state; absence of a matched term does not establish absence of disease.",no_explicit_renal_status_exclusion
mover,Controlled type 1 diabetes mellitus with chronic kidney disease on chronic dialysis (CMS-HCC),,exclude,Exact text explicitly documents dependence or chronic dialysis; no inference from access alone and no presumption of preoperative timing.,explicit_recorded_dialysis_dependence
mover,"Controlled type 2 diabetes mellitus with chronic kidney disease on chronic dialysis, with long-term current use of insulin (CMS-HCC)",,exclude,Exact text explicitly documents dependence or chronic dialysis; no inference from access alone and no presumption of preoperative timing.,explicit_recorded_dialysis_dependence
mover,"Controlled type 2 diabetes mellitus with chronic kidney disease, without long-term current use of insulin, unspecified CKD stage (CMS-HCC)",,include,"No sufficiently explicit recorded ESRD, chronic dialysis dependence, or renal-transplant recipient state; absence of a matched term does not establish absence of disease.",no_explicit_renal_status_exclusion
mover,"Controlled type 2 diabetes mellitus with kidney complication, without long-term current use of insulin (CMS-HCC)",,include,"No sufficiently explicit recorded ESRD, chronic dialysis dependence, or renal-transplant recipient state; absence of a matched term does not establish absence of disease.",no_explicit_renal_status_exclusion
mover,"Controlled type 2 diabetes mellitus with stage 4 chronic kidney disease, with long-term current use of insulin (CMS-HCC)",,include,"No sufficiently explicit recorded ESRD, chronic dialysis dependence, or renal-transplant recipient state; absence of a matched term does not establish absence of disease.",no_explicit_renal_status_exclusion
mover,"Contusion of adrenal gland, initial encounter",,include,"No sufficiently explicit recorded ESRD, chronic dialysis dependence, or renal-transplant recipient state; absence of a matched term does not establish absence of disease.",no_explicit_renal_status_exclusion
mover,"Corneal transplant rejection, left eye",,include,"No sufficiently explicit recorded ESRD, chronic dialysis dependence, or renal-transplant recipient state; absence of a matched term does not establish absence of disease.",no_explicit_renal_status_exclusion
mover,Corneal transplant status,,include,"No sufficiently explicit recorded ESRD, chronic dialysis dependence, or renal-transplant recipient state; absence of a matched term does not establish absence of disease.",no_explicit_renal_status_exclusion
mover,Coronary artery calcification,,include,"No sufficiently explicit recorded ESRD, chronic dialysis dependence, or renal-transplant recipient state; absence of a matched term does not establish absence of disease.",no_explicit_renal_status_exclusion
mover,Coronary artery calcification seen on CT scan,,include,"No sufficiently explicit recorded ESRD, chronic dialysis dependence, or renal-transplant recipient state; absence of a matched term does not establish absence of disease.",no_explicit_renal_status_exclusion
mover,Coronary artery disease due to calcified coronary lesion,,include,"No sufficiently explicit recorded ESRD, chronic dialysis dependence, or renal-transplant recipient state; absence of a matched term does not establish absence of disease.",no_explicit_renal_status_exclusion
mover,Coronary artery disease due to lipid rich plaque,,include,"No sufficiently explicit recorded ESRD, chronic dialysis dependence, or renal-transplant recipient state; absence of a matched term does not establish absence of disease.",no_explicit_renal_status_exclusion
mover,Coronary artery disease involving autologous vein bypass graft,,include,"No sufficiently explicit recorded ESRD, chronic dialysis dependence, or renal-transplant recipient state; absence of a matched term does not establish absence of disease.",no_explicit_renal_status_exclusion
mover,Coronary artery disease involving autologous vein coronary bypass graft with angina pectoris (CMS-HCC),,include,"No sufficiently explicit recorded ESRD, chronic dialysis dependence, or renal-transplant recipient state; absence of a matched term does not establish absence of disease.",no_explicit_renal_status_exclusion
mover,Coronary artery disease involving autologous vein coronary bypass graft without angina pectoris,,include,"No sufficiently explicit recorded ESRD, chronic dialysis dependence, or renal-transplant recipient state; absence of a matched term does not establish absence of disease.",no_explicit_renal_status_exclusion
mover,Coronary artery disease involving coronary bypass graft,,include,"No sufficiently explicit recorded ESRD, chronic dialysis dependence, or renal-transplant recipient state; absence of a matched term does not establish absence of disease.",no_explicit_renal_status_exclusion
mover,Coronary artery disease involving coronary bypass graft of native heart with angina pectoris (CMS-HCC),,include,"No sufficiently explicit recorded ESRD, chronic dialysis dependence, or renal-transplant recipient state; absence of a matched term does not establish absence of disease.",no_explicit_renal_status_exclusion
mover,Coronary artery disease involving coronary bypass graft of native heart without angina pectoris,,include,"No sufficiently explicit recorded ESRD, chronic dialysis dependence, or renal-transplant recipient state; absence of a matched term does not establish absence of disease.",no_explicit_renal_status_exclusion
mover,Coronary artery disease involving coronary bypass graft without angina pectoris,,include,"No sufficiently explicit recorded ESRD, chronic dialysis dependence, or renal-transplant recipient state; absence of a matched term does not establish absence of disease.",no_explicit_renal_status_exclusion
mover,"Coronary artery disease involving coronary bypass graft without angina pectoris, unspecified whether native or transplanted heart",,include,"No sufficiently explicit recorded ESRD, chronic dialysis dependence, or renal-transplant recipient state; absence of a matched term does not establish absence of disease.",no_explicit_renal_status_exclusion
mover,Coronary artery disease involving left main coronary artery,,include,"No sufficiently explicit recorded ESRD, chronic dialysis dependence, or renal-transplant recipient state; absence of a matched term does not establish absence of disease.",no_explicit_renal_status_exclusion
mover,Coronary artery disease involving native artery of transplanted heart without angina pectoris,,include,"No sufficiently explicit recorded ESRD, chronic dialysis dependence, or renal-transplant recipient state; absence of a matched term does not establish absence of disease.",no_explicit_renal_status_exclusion
mover,Coronary artery disease involving native coronary artery,,include,"No sufficiently explicit recorded ESRD, chronic dialysis dependence, or renal-transplant recipient state; absence of a matched term does not establish absence of disease.",no_explicit_renal_status_exclusion
mover,Coronary artery disease involving native coronary artery of native heart,,include,"No sufficiently explicit recorded ESRD, chronic dialysis dependence, or renal-transplant recipient state; absence of a matched term does not establish absence of disease.",no_explicit_renal_status_exclusion
mover,Coronary artery disease involving native coronary artery of native heart with angina pectoris (CMS-HCC),,include,"No sufficiently explicit recorded ESRD, chronic dialysis dependence, or renal-transplant recipient state; absence of a matched term does not establish absence of disease.",no_explicit_renal_status_exclusion
mover,Coronary artery disease involving native coronary artery of native heart with other form of angina pectoris (CMS-HCC),,include,"No sufficiently explicit recorded ESRD, chronic dialysis dependence, or renal-transplant recipient state; absence of a matched term does not establish absence of disease.",no_explicit_renal_status_exclusion
mover,Coronary artery disease involving native coronary artery of native heart with unstable angina pectoris (CMS-HCC),,include,"No sufficiently explicit recorded ESRD, chronic dialysis dependence, or renal-transplant recipient state; absence of a matched term does not establish absence of disease.",no_explicit_renal_status_exclusion
mover,Coronary artery disease involving native coronary artery of native heart without angina pectoris,,include,"No sufficiently explicit recorded ESRD, chronic dialysis dependence, or renal-transplant recipient state; absence of a matched term does not establish absence of disease.",no_explicit_renal_status_exclusion
mover,"Coronary artery disease involving native coronary artery of native heart, angina presence unspecified",,include,"No sufficiently explicit recorded ESRD, chronic dialysis dependence, or renal-transplant recipient state; absence of a matched term does not establish absence of disease.",no_explicit_renal_status_exclusion
mover,"Coronary artery disease involving native coronary artery of native heart, unspecified whether angina present",,include,"No sufficiently explicit recorded ESRD, chronic dialysis dependence, or renal-transplant recipient state; absence of a matched term does not establish absence of disease.",no_explicit_renal_status_exclusion
mover,"Coronary artery disease involving native coronary artery with angina pectoris, unspecified whether native or transplanted heart (CMS-HCC)",,include,"No sufficiently explicit recorded ESRD, chronic dialysis dependence, or renal-transplant recipient state; absence of a matched term does not establish absence of disease.",no_explicit_renal_status_exclusion
mover,Coronary artery disease involving native coronary artery without angina pectoris,,include,"No sufficiently explicit recorded ESRD, chronic dialysis dependence, or renal-transplant recipient state; absence of a matched term does not establish absence of disease.",no_explicit_renal_status_exclusion
mover,"Coronary artery disease involving native coronary artery without angina pectoris, unspecified whether native or transplanted heart",,include,"No sufficiently explicit recorded ESRD, chronic dialysis dependence, or renal-transplant recipient state; absence of a matched term does not establish absence of disease.",no_explicit_renal_status_exclusion
mover,"Coronary artery disease involving native coronary artery, angina presence unspecified, unspecified whether native or transplanted heart",,include,"No sufficiently explicit recorded ESRD, chronic dialysis dependence, or renal-transplant recipient state; absence of a matched term does not establish absence of disease.",no_explicit_renal_status_exclusion
mover,Coronary artery disease involving native heart,,include,"No sufficiently explicit recorded ESRD, chronic dialysis dependence, or renal-transplant recipient state; absence of a matched term does not establish absence of disease.",no_explicit_renal_status_exclusion
mover,Coronary artery disease involving native heart with angina pectoris (CMS-HCC),,include,"No sufficiently explicit recorded ESRD, chronic dialysis dependence, or renal-transplant recipient state; absence of a matched term does not establish absence of disease.",no_explicit_renal_status_exclusion
mover,"Coronary artery disease involving native heart with angina pectoris, unspecified vessel or lesion type (CMS-HCC)",,include,"No sufficiently explicit recorded ESRD, chronic dialysis dependence, or renal-transplant recipient state; absence of a matched term does not establish absence of disease.",no_explicit_renal_status_exclusion
mover,Coronary artery disease involving native heart with unstable angina pectoris (CMS-HCC),,include,"No sufficiently explicit recorded ESRD, chronic dialysis dependence, or renal-transplant recipient state; absence of a matched term does not establish absence of disease.",no_explicit_renal_status_exclusion
mover,Coronary artery disease involving native heart without angina pectoris,,include,"No sufficiently explicit recorded ESRD, chronic dialysis dependence, or renal-transplant recipient state; absence of a matched term does not establish absence of disease.",no_explicit_renal_status_exclusion
mover,"Coronary artery disease involving native heart without angina pectoris, unspecified vessel or lesion type",,include,"No sufficiently explicit recorded ESRD, chronic dialysis dependence, or renal-transplant recipient state; absence of a matched term does not establish absence of disease.",no_explicit_renal_status_exclusion
mover,"Coronary artery disease involving native heart, angina presence unspecified, unspecified vessel or lesion type",,include,"No sufficiently explicit recorded ESRD, chronic dialysis dependence, or renal-transplant recipient state; absence of a matched term does not establish absence of disease.",no_explicit_renal_status_exclusion
mover,"Coronary artery disease involving other coronary artery bypass graft, angina presence unspecified",,include,"No sufficiently explicit recorded ESRD, chronic dialysis dependence, or renal-transplant recipient state; absence of a matched term does not establish absence of disease.",no_explicit_renal_status_exclusion
mover,Coronary artery disease of bypass graft of native heart with stable angina pectoris (CMS-HCC),,include,"No sufficiently explicit recorded ESRD, chronic dialysis dependence, or renal-transplant recipient state; absence of a matched term does not establish absence of disease.",no_explicit_renal_status_exclusion
mover,Coronary artery disease of native artery of native heart with stable angina pectoris (CMS-HCC),,include,"No sufficiently explicit recorded ESRD, chronic dialysis dependence, or renal-transplant recipient state; absence of a matched term does not establish absence of disease.",no_explicit_renal_status_exclusion
mover,Coronary artery disease of native artery with stable angina pectoris (CMS-HCC),,include,"No sufficiently explicit recorded ESRD, chronic dialysis dependence, or renal-transplant recipient state; absence of a matched term does not establish absence of disease.",no_explicit_renal_status_exclusion
mover,"Coronary artery disease of native artery with stable angina pectoris, unspecified whether native or transplanted heart (CMS-HCC)",,include,"No sufficiently explicit recorded ESRD, chronic dialysis dependence, or renal-transplant recipient state; absence of a matched term does not establish absence of disease.",no_explicit_renal_status_exclusion
mover,"Coronary artery disease of native heart with stable angina pectoris, unspecified vessel or lesion type (CMS-HCC)",,include,"No sufficiently explicit recorded ESRD, chronic dialysis dependence, or renal-transplant recipient state; absence of a matched term does not establish absence of disease.",no_explicit_renal_status_exclusion
mover,Coronary artery disease with angina pectoris (CMS-HCC),,include,"No sufficiently explicit recorded ESRD, chronic dialysis dependence, or renal-transplant recipient state; absence of a matched term does not establish absence of disease.",no_explicit_renal_status_exclusion
mover,"Coronary artery disease with angina pectoris, unspecified vessel or lesion type, unspecified whether native or transplanted heart (CMS-HCC)",,include,"No sufficiently explicit recorded ESRD, chronic dialysis dependence, or renal-transplant recipient state; absence of a matched term does not establish absence of disease.",no_explicit_renal_status_exclusion
mover,Coronary artery disease with cardiac symptoms,,include,"No sufficiently explicit recorded ESRD, chronic dialysis dependence, or renal-transplant recipient state; absence of a matched term does not establish absence of disease.",no_explicit_renal_status_exclusion
mover,Coronary artery disease with cardiac symptoms and history of coronary revascularization,,include,"No sufficiently explicit recorded ESRD, chronic dialysis dependence, or renal-transplant recipient state; absence of a matched term does not establish absence of disease.",no_explicit_renal_status_exclusion
mover,Coronary artery disease with exertional angina (CMS-HCC),,include,"No sufficiently explicit recorded ESRD, chronic dialysis dependence, or renal-transplant recipient state; absence of a matched term does not establish absence of disease.",no_explicit_renal_status_exclusion
mover,"Coronary artery disease with other form of angina pectoris, unspecified vessel or lesion type, unspecified whether native or transplanted heart (CMS-HCC)",,include,"No sufficiently explicit recorded ESRD, chronic dialysis dependence, or renal-transplant recipient state; absence of a matched term does not establish absence of disease.",no_explicit_renal_status_exclusion
mover,"Coronary artery disease with stable angina pectoris, unspecified vessel or lesion type, unspecified whether native or transplanted heart (CMS-HCC)",,include,"No sufficiently explicit recorded ESRD, chronic dialysis dependence, or renal-transplant recipient state; absence of a matched term does not establish absence of disease.",no_explicit_renal_status_exclusion
mover,"Coronary artery disease with unstable angina pectoris, unspecified vessel or lesion type, unspecified whether native or transplanted heart (CMS-HCC)",,include,"No sufficiently explicit recorded ESRD, chronic dialysis dependence, or renal-transplant recipient state; absence of a matched term does not establish absence of disease.",no_explicit_renal_status_exclusion
mover,Coronary artery disease without angina pectoris,,include,"No sufficiently explicit recorded ESRD, chronic dialysis dependence, or renal-transplant recipient state; absence of a matched term does not establish absence of disease.",no_explicit_renal_status_exclusion
mover,"Coronary artery disease without angina pectoris, unspecified vessel or lesion type, unspecified whether native or transplanted heart",,include,"No sufficiently explicit recorded ESRD, chronic dialysis dependence, or renal-transplant recipient state; absence of a matched term does not establish absence of disease.",no_explicit_renal_status_exclusion
mover,"Coronary artery disease, angina presence unspecified, unspecified vessel or lesion type, unspecified whether native or transplanted heart",,include,"No sufficiently explicit recorded ESRD, chronic dialysis dependence, or renal-transplant recipient state; absence of a matched term does not establish absence of disease.",no_explicit_renal_status_exclusion
mover,"Coronary artery disease, unspecified vessel or lesion type, unspecified whether angina present, unspecified whether native or transplanted heart",,include,"No sufficiently explicit recorded ESRD, chronic dialysis dependence, or renal-transplant recipient state; absence of a matched term does not establish absence of disease.",no_explicit_renal_status_exclusion
mover,Coronary atherosclerosis of autologous artery bypass graft without angina,,include,"No sufficiently explicit recorded ESRD, chronic dialysis dependence, or renal-transplant recipient state; absence of a matched term does not establish absence of disease.",no_explicit_renal_status_exclusion
mover,Coronary atherosclerosis of autologous vein bypass graft without angina,,include,"No sufficiently explicit recorded ESRD, chronic dialysis dependence, or renal-transplant recipient state; absence of a matched term does not establish absence of disease.",no_explicit_renal_status_exclusion
mover,Coronary atherosclerosis of internal mammary artery bypass graft,,include,"No sufficiently explicit recorded ESRD, chronic dialysis dependence, or renal-transplant recipient state; absence of a matched term does not establish absence of disease.",no_explicit_renal_status_exclusion
mover,Coronary stent patent,,include,"No sufficiently explicit recorded ESRD, chronic dialysis dependence, or renal-transplant recipient state; absence of a matched term does not establish absence of disease.",no_explicit_renal_status_exclusion
mover,"Coronary stent restenosis with uncertain cause, subsequent encounter",,include,"No sufficiently explicit recorded ESRD, chronic dialysis dependence, or renal-transplant recipient state; absence of a matched term does not establish absence of disease.",no_explicit_renal_status_exclusion
mover,"Coronary stent restenosis, initial encounter",,include,"No sufficiently explicit recorded ESRD, chronic dialysis dependence, or renal-transplant recipient state; absence of a matched term does not establish absence of disease.",no_explicit_renal_status_exclusion
mover,Death due to cardiac arrest (CMS-HCC),,include,"No sufficiently explicit recorded ESRD, chronic dialysis dependence, or renal-transplant recipient state; absence of a matched term does not establish absence of disease.",no_explicit_renal_status_exclusion
mover,Decompensated heart failure (CMS-HCC),,include,"No sufficiently explicit recorded ESRD, chronic dialysis dependence, or renal-transplant recipient state; absence of a matched term does not establish absence of disease.",no_explicit_renal_status_exclusion
mover,Decreased cardiac ejection fraction,,include,"No sufficiently explicit recorded ESRD, chronic dialysis dependence, or renal-transplant recipient state; absence of a matched term does not establish absence of disease.",no_explicit_renal_status_exclusion
mover,Dependent on hemodialysis (CMS-HCC),,exclude,Exact text explicitly documents dependence or chronic dialysis; no inference from access alone and no presumption of preoperative timing.,explicit_recorded_dialysis_dependence
mover,"Diabetes mellitus due to underlying condition with chronic kidney disease on chronic dialysis, without long-term current use of insulin (CMS-HCC)",,exclude,Exact text explicitly documents dependence or chronic dialysis; no inference from access alone and no presumption of preoperative timing.,explicit_recorded_dialysis_dependence
mover,"Diabetes mellitus due to underlying condition with chronic kidney disease, with long-term current use of insulin, unspecified CKD stage (CMS-HCC)",,include,"No sufficiently explicit recorded ESRD, chronic dialysis dependence, or renal-transplant recipient state; absence of a matched term does not establish absence of disease.",no_explicit_renal_status_exclusion
mover,"Diabetes mellitus due to underlying condition with stage 3 chronic kidney disease, with long-term current use of insulin (CMS-HCC)",,include,"No sufficiently explicit recorded ESRD, chronic dialysis dependence, or renal-transplant recipient state; absence of a matched term does not establish absence of disease.",no_explicit_renal_status_exclusion
mover,"Diabetes mellitus due to underlying condition with stage 5 chronic kidney disease not on chronic dialysis, without long-term current use of insulin (CMS-HCC)",,include,"Acute dialysis, access presence/complication, preference, negation, or nonspecific dialysis wording does not establish chronic dependence; retain absent another explicit exclusion. Retinal dialysis is unrelated.",dialysis_related_not_chronic_dependence
mover,Diabetes mellitus with kidney complication (CMS-HCC),,include,"No sufficiently explicit recorded ESRD, chronic dialysis dependence, or renal-transplant recipient state; absence of a matched term does not establish absence of disease.",no_explicit_renal_status_exclusion
mover,"Dialysis AV fistula malfunction, initial encounter (CMS-HCC)",,include,"Acute dialysis, access presence/complication, preference, negation, or nonspecific dialysis wording does not establish chronic dependence; retain absent another explicit exclusion. Retinal dialysis is unrelated.",dialysis_related_not_chronic_dependence
mover,"Dialysis AV fistula malfunction, sequela",,include,"Acute dialysis, access presence/complication, preference, negation, or nonspecific dialysis wording does not establish chronic dependence; retain absent another explicit exclusion. Retinal dialysis is unrelated.",dialysis_related_not_chronic_dependence
mover,"Dialysis AV fistula malfunction, subsequent encounter",,include,"Acute dialysis, access presence/complication, preference, negation, or nonspecific dialysis wording does not establish chronic dependence; retain absent another explicit exclusion. Retinal dialysis is unrelated.",dialysis_related_not_chronic_dependence
mover,"Dialysis complication, initial encounter",,include,"Acute dialysis, access presence/complication, preference, negation, or nonspecific dialysis wording does not establish chronic dependence; retain absent another explicit exclusion. Retinal dialysis is unrelated.",dialysis_related_not_chronic_dependence
mover,"Dialysis complication, sequela",,include,"Acute dialysis, access presence/complication, preference, negation, or nonspecific dialysis wording does not establish chronic dependence; retain absent another explicit exclusion. Retinal dialysis is unrelated.",dialysis_related_not_chronic_dependence
mover,Diastolic dysfunction without heart failure,,include,"No sufficiently explicit recorded ESRD, chronic dialysis dependence, or renal-transplant recipient state; absence of a matched term does not establish absence of disease.",no_explicit_renal_status_exclusion
mover,Diastolic heart failure due to valvular disease (CMS-HCC),,include,"No sufficiently explicit recorded ESRD, chronic dialysis dependence, or renal-transplant recipient state; absence of a matched term does not establish absence of disease.",no_explicit_renal_status_exclusion
mover,Dilation of aorta (CMS-HCC),,include,"No sufficiently explicit recorded ESRD, chronic dialysis dependence, or renal-transplant recipient state; absence of a matched term does not establish absence of disease.",no_explicit_renal_status_exclusion
mover,"Disorder of cardiac pacemaker system, initial encounter",,include,"No sufficiently explicit recorded ESRD, chronic dialysis dependence, or renal-transplant recipient state; absence of a matched term does not establish absence of disease.",no_explicit_renal_status_exclusion
mover,Disorder of right ventricle of heart,,include,"No sufficiently explicit recorded ESRD, chronic dialysis dependence, or renal-transplant recipient state; absence of a matched term does not establish absence of disease.",no_explicit_renal_status_exclusion
mover,"Displacement of vascular dialysis catheter, initial encounter (CMS-HCC)",,include,"Acute dialysis, access presence/complication, preference, negation, or nonspecific dialysis wording does not establish chronic dependence; retain absent another explicit exclusion. Retinal dialysis is unrelated.",dialysis_related_not_chronic_dependence
mover,"Dissection of aorta, unspecified portion of aorta (CMS-HCC)",,include,"No sufficiently explicit recorded ESRD, chronic dialysis dependence, or renal-transplant recipient state; absence of a matched term does not establish absence of disease.",no_explicit_renal_status_exclusion
mover,Dysfunction of transplanted kidney,,exclude,Exact text/code documents renal transplant recipient/status/complication; not donor or candidate-only wording; timing is not assumed preoperative.,explicit_recorded_renal_recipient
mover,ESRD due to hypertension (CMS-HCC),,exclude,Exact text or unambiguous ESRD code documents ESRD in the permitted same-case record; time of documentation is not established as preoperative.,explicit_recorded_esrd
mover,Elevated coronary artery calcium score,,include,"No sufficiently explicit recorded ESRD, chronic dialysis dependence, or renal-transplant recipient state; absence of a matched term does not establish absence of disease.",no_explicit_renal_status_exclusion
mover,Elevated troponin level not due to acute coronary syndrome,,include,"No sufficiently explicit recorded ESRD, chronic dialysis dependence, or renal-transplant recipient state; absence of a matched term does not establish absence of disease.",no_explicit_renal_status_exclusion
mover,Encounter for continuous renal replacement therapy (CRRT) for acute renal failure (CMS-HCC),,include,"No sufficiently explicit recorded ESRD, chronic dialysis dependence, or renal-transplant recipient state; absence of a matched term does not establish absence of disease.",no_explicit_renal_status_exclusion
mover,Encounter for donation of kidney,,include,"No sufficiently explicit recorded ESRD, chronic dialysis dependence, or renal-transplant recipient state; absence of a matched term does not establish absence of disease.",no_explicit_renal_status_exclusion
mover,Encounter for insertion of cardiac resynchronization therapy pacemaker,,include,"No sufficiently explicit recorded ESRD, chronic dialysis dependence, or renal-transplant recipient state; absence of a matched term does not establish absence of disease.",no_explicit_renal_status_exclusion
mover,Encounter for pre-transplant evaluation for kidney transplant,,include,Candidate/evaluation/waiting-list text alone does not prove a transplant recipient state.,transplant_candidate_not_recipient
mover,End stage chronic kidney disease (CMS-HCC),,exclude,Exact text or unambiguous ESRD code documents ESRD in the permitted same-case record; time of documentation is not established as preoperative.,explicit_recorded_esrd
mover,End stage renal disease due to hypertension (CMS-HCC),,exclude,Exact text or unambiguous ESRD code documents ESRD in the permitted same-case record; time of documentation is not established as preoperative.,explicit_recorded_esrd
mover,End stage renal disease on dialysis due to type 1 diabetes mellitus (CMS-HCC),,exclude,Exact text or unambiguous ESRD code documents ESRD in the permitted same-case record; time of documentation is not established as preoperative.,explicit_recorded_esrd
mover,End stage renal disease on dialysis due to type 2 diabetes mellitus (CMS-HCC),,exclude,Exact text or unambiguous ESRD code documents ESRD in the permitted same-case record; time of documentation is not established as preoperative.,explicit_recorded_esrd
mover,End stage renal disease with hypertension (CMS-HCC),,exclude,Exact text or unambiguous ESRD code documents ESRD in the permitted same-case record; time of documentation is not established as preoperative.,explicit_recorded_esrd
mover,Endocarditis of mitral valve,,include,"No sufficiently explicit recorded ESRD, chronic dialysis dependence, or renal-transplant recipient state; absence of a matched term does not establish absence of disease.",no_explicit_renal_status_exclusion
mover,"Endocarditis of prosthetic valve, subsequent encounter",,include,"No sufficiently explicit recorded ESRD, chronic dialysis dependence, or renal-transplant recipient state; absence of a matched term does not establish absence of disease.",no_explicit_renal_status_exclusion
mover,Endocarditis of tricuspid valve,,include,"No sufficiently explicit recorded ESRD, chronic dialysis dependence, or renal-transplant recipient state; absence of a matched term does not establish absence of disease.",no_explicit_renal_status_exclusion
mover,Enlarging abdominal aortic aneurysm (AAA) (CMS-HCC),,include,"No sufficiently explicit recorded ESRD, chronic dialysis dependence, or renal-transplant recipient state; absence of a matched term does not establish absence of disease.",no_explicit_renal_status_exclusion
mover,Erosion of pacemaker pocket due to and not concurrent with implantation of cardiac pacemaker,,include,"No sufficiently explicit recorded ESRD, chronic dialysis dependence, or renal-transplant recipient state; absence of a matched term does not establish absence of disease.",no_explicit_renal_status_exclusion
mover,Failure of attempt to achieve vascular access for hemodialysis,,include,"Acute dialysis, access presence/complication, preference, negation, or nonspecific dialysis wording does not establish chronic dependence; retain absent another explicit exclusion. Retinal dialysis is unrelated.",dialysis_related_not_chronic_dependence
mover,"Failure of hemodialysis access, initial encounter (CMS-HCC)",,include,"Acute dialysis, access presence/complication, preference, negation, or nonspecific dialysis wording does not establish chronic dependence; retain absent another explicit exclusion. Retinal dialysis is unrelated.",dialysis_related_not_chronic_dependence
mover,Granulomatosis with polyangiitis with renal involvement (CMS-HCC),,include,"No sufficiently explicit recorded ESRD, chronic dialysis dependence, or renal-transplant recipient state; absence of a matched term does not establish absence of disease.",no_explicit_renal_status_exclusion
mover,H/O renal cell cancer,,include,"No sufficiently explicit recorded ESRD, chronic dialysis dependence, or renal-transplant recipient state; absence of a matched term does not establish absence of disease.",no_explicit_renal_status_exclusion
mover,HFrEF (heart failure with reduced ejection fraction) (CMS-HCC),,include,"No sufficiently explicit recorded ESRD, chronic dialysis dependence, or renal-transplant recipient state; absence of a matched term does not establish absence of disease.",no_explicit_renal_status_exclusion
mover,"Heart failure due to valvular disease, acute on chronic, systolic (CMS-HCC)",,include,"No sufficiently explicit recorded ESRD, chronic dialysis dependence, or renal-transplant recipient state; absence of a matched term does not establish absence of disease.",no_explicit_renal_status_exclusion
mover,"Heart failure due to valvular disease, chronic, diastolic (CMS-HCC)",,include,"No sufficiently explicit recorded ESRD, chronic dialysis dependence, or renal-transplant recipient state; absence of a matched term does not establish absence of disease.",no_explicit_renal_status_exclusion
mover,"Heart failure due to valvular disease, unspecified heart failure type (CMS-HCC)",,include,"No sufficiently explicit recorded ESRD, chronic dialysis dependence, or renal-transplant recipient state; absence of a matched term does not establish absence of disease.",no_explicit_renal_status_exclusion
mover,Heart failure with mid-range ejection fraction (CMS-HCC),,include,"No sufficiently explicit recorded ESRD, chronic dialysis dependence, or renal-transplant recipient state; absence of a matched term does not establish absence of disease.",no_explicit_renal_status_exclusion
mover,Heart failure with preserved ejection fraction (CMS-HCC),,include,"No sufficiently explicit recorded ESRD, chronic dialysis dependence, or renal-transplant recipient state; absence of a matched term does not establish absence of disease.",no_explicit_renal_status_exclusion
mover,"Heart failure with preserved ejection fraction, NYHA class II (CMS-HCC)",,include,"No sufficiently explicit recorded ESRD, chronic dialysis dependence, or renal-transplant recipient state; absence of a matched term does not establish absence of disease.",no_explicit_renal_status_exclusion
mover,"Heart failure with preserved ejection fraction, unspecified HF chronicity (CMS-HCC)",,include,"No sufficiently explicit recorded ESRD, chronic dialysis dependence, or renal-transplant recipient state; absence of a matched term does not establish absence of disease.",no_explicit_renal_status_exclusion
mover,Heart failure with reduced ejection fraction (CMS-HCC),,include,"No sufficiently explicit recorded ESRD, chronic dialysis dependence, or renal-transplant recipient state; absence of a matched term does not establish absence of disease.",no_explicit_renal_status_exclusion
mover,"Heart failure with reduced ejection fraction, NYHA class II (CMS-HCC)",,include,"No sufficiently explicit recorded ESRD, chronic dialysis dependence, or renal-transplant recipient state; absence of a matched term does not establish absence of disease.",no_explicit_renal_status_exclusion
mover,"Heart failure with reduced ejection fraction, NYHA class III (CMS-HCC)",,include,"No sufficiently explicit recorded ESRD, chronic dialysis dependence, or renal-transplant recipient state; absence of a matched term does not establish absence of disease.",no_explicit_renal_status_exclusion
mover,"Heart failure with reduced ejection fraction, NYHA class IV (CMS-HCC)",,include,"No sufficiently explicit recorded ESRD, chronic dialysis dependence, or renal-transplant recipient state; absence of a matched term does not establish absence of disease.",no_explicit_renal_status_exclusion
mover,"Heart failure, unspecified HF chronicity, unspecified heart failure type (CMS-HCC)",,include,"No sufficiently explicit recorded ESRD, chronic dialysis dependence, or renal-transplant recipient state; absence of a matched term does not establish absence of disease.",no_explicit_renal_status_exclusion
mover,"Heart injury with open wound into thorax, initial encounter",,include,"No sufficiently explicit recorded ESRD, chronic dialysis dependence, or renal-transplant recipient state; absence of a matched term does not establish absence of disease.",no_explicit_renal_status_exclusion
mover,Heart transplant recipient (CMS-HCC),,include,"No sufficiently explicit recorded ESRD, chronic dialysis dependence, or renal-transplant recipient state; absence of a matched term does not establish absence of disease.",no_explicit_renal_status_exclusion
mover,"Hematoma of adrenal gland due to trauma, initial encounter",,include,"No sufficiently explicit recorded ESRD, chronic dialysis dependence, or renal-transplant recipient state; absence of a matched term does not establish absence of disease.",no_explicit_renal_status_exclusion
mover,"Hematoma of left kidney, subsequent encounter",,include,"No sufficiently explicit recorded ESRD, chronic dialysis dependence, or renal-transplant recipient state; absence of a matched term does not establish absence of disease.",no_explicit_renal_status_exclusion
mover,"Hemodialysis AV fistula aneurysm, initial encounter (CMS-HCC)",,include,"Acute dialysis, access presence/complication, preference, negation, or nonspecific dialysis wording does not establish chronic dependence; retain absent another explicit exclusion. Retinal dialysis is unrelated.",dialysis_related_not_chronic_dependence
mover,"Hemodialysis AV fistula aneurysm, sequela",,include,"Acute dialysis, access presence/complication, preference, negation, or nonspecific dialysis wording does not establish chronic dependence; retain absent another explicit exclusion. Retinal dialysis is unrelated.",dialysis_related_not_chronic_dependence
mover,"Hemodialysis AV fistula aneurysm, subsequent encounter",,include,"Acute dialysis, access presence/complication, preference, negation, or nonspecific dialysis wording does not establish chronic dependence; retain absent another explicit exclusion. Retinal dialysis is unrelated.",dialysis_related_not_chronic_dependence
mover,"Hemodialysis AV fistula stenosis, initial encounter (CMS-HCC)",,include,"Acute dialysis, access presence/complication, preference, negation, or nonspecific dialysis wording does not establish chronic dependence; retain absent another explicit exclusion. Retinal dialysis is unrelated.",dialysis_related_not_chronic_dependence
mover,"Hemodialysis AV fistula thrombosis, subsequent encounter",,include,"Acute dialysis, access presence/complication, preference, negation, or nonspecific dialysis wording does not establish chronic dependence; retain absent another explicit exclusion. Retinal dialysis is unrelated.",dialysis_related_not_chronic_dependence
mover,Hemodialysis access site with arteriovenous graft (CMS-HCC),,include,"Acute dialysis, access presence/complication, preference, negation, or nonspecific dialysis wording does not establish chronic dependence; retain absent another explicit exclusion. Retinal dialysis is unrelated.",dialysis_related_not_chronic_dependence
mover,"Hemodialysis access, arteriovenous graft (CMS-HCC)",,include,"Acute dialysis, access presence/complication, preference, negation, or nonspecific dialysis wording does not establish chronic dependence; retain absent another explicit exclusion. Retinal dialysis is unrelated.",dialysis_related_not_chronic_dependence
mover,"Hemodialysis catheter dysfunction, initial encounter (CMS-HCC)",,include,"Acute dialysis, access presence/complication, preference, negation, or nonspecific dialysis wording does not establish chronic dependence; retain absent another explicit exclusion. Retinal dialysis is unrelated.",dialysis_related_not_chronic_dependence
mover,"Hemodialysis catheter dysfunction, sequela (CMS-HCC)",,include,"Acute dialysis, access presence/complication, preference, negation, or nonspecific dialysis wording does not establish chronic dependence; retain absent another explicit exclusion. Retinal dialysis is unrelated.",dialysis_related_not_chronic_dependence
mover,"Hemodialysis catheter malfunction, initial encounter (CMS-HCC)",,include,"Acute dialysis, access presence/complication, preference, negation, or nonspecific dialysis wording does not establish chronic dependence; retain absent another explicit exclusion. Retinal dialysis is unrelated.",dialysis_related_not_chronic_dependence
mover,"Hemodialysis graft malfunction, initial encounter (CMS-HCC)",,include,"Acute dialysis, access presence/complication, preference, negation, or nonspecific dialysis wording does not establish chronic dependence; retain absent another explicit exclusion. Retinal dialysis is unrelated.",dialysis_related_not_chronic_dependence
mover,"Hemodialysis graft malfunction, sequela (CMS-HCC)",,include,"Acute dialysis, access presence/complication, preference, negation, or nonspecific dialysis wording does not establish chronic dependence; retain absent another explicit exclusion. Retinal dialysis is unrelated.",dialysis_related_not_chronic_dependence
mover,High risk of cardiac event,,include,"No sufficiently explicit recorded ESRD, chronic dialysis dependence, or renal-transplant recipient state; absence of a matched term does not establish absence of disease.",no_explicit_renal_status_exclusion
mover,History of abdominal aortic aneurysm (AAA) repair,,include,"No sufficiently explicit recorded ESRD, chronic dialysis dependence, or renal-transplant recipient state; absence of a matched term does not establish absence of disease.",no_explicit_renal_status_exclusion
mover,History of anemia due to chronic kidney disease,,include,"No sufficiently explicit recorded ESRD, chronic dialysis dependence, or renal-transplant recipient state; absence of a matched term does not establish absence of disease.",no_explicit_renal_status_exclusion
mover,History of coronary angioplasty with insertion of stent,,include,"No sufficiently explicit recorded ESRD, chronic dialysis dependence, or renal-transplant recipient state; absence of a matched term does not establish absence of disease.",no_explicit_renal_status_exclusion
mover,History of coronary artery stent placement,,include,"No sufficiently explicit recorded ESRD, chronic dialysis dependence, or renal-transplant recipient state; absence of a matched term does not establish absence of disease.",no_explicit_renal_status_exclusion
mover,History of end stage renal disease,,exclude,Exact text or unambiguous ESRD code documents ESRD in the permitted same-case record; time of documentation is not established as preoperative.,explicit_recorded_esrd
mover,History of endovascular stent graft for abdominal aortic aneurysm (AAA),,include,"No sufficiently explicit recorded ESRD, chronic dialysis dependence, or renal-transplant recipient state; absence of a matched term does not establish absence of disease.",no_explicit_renal_status_exclusion
mover,History of open heart surgery,,include,"No sufficiently explicit recorded ESRD, chronic dialysis dependence, or renal-transplant recipient state; absence of a matched term does not establish absence of disease.",no_explicit_renal_status_exclusion
mover,History of organ transplantation,,include,"No sufficiently explicit recorded ESRD, chronic dialysis dependence, or renal-transplant recipient state; absence of a matched term does not establish absence of disease.",no_explicit_renal_status_exclusion
mover,History of renal cell cancer,,include,"No sufficiently explicit recorded ESRD, chronic dialysis dependence, or renal-transplant recipient state; absence of a matched term does not establish absence of disease.",no_explicit_renal_status_exclusion
mover,History of renal cell carcinoma,,include,"No sufficiently explicit recorded ESRD, chronic dialysis dependence, or renal-transplant recipient state; absence of a matched term does not establish absence of disease.",no_explicit_renal_status_exclusion
mover,History of stent insertion of renal artery,,include,"No sufficiently explicit recorded ESRD, chronic dialysis dependence, or renal-transplant recipient state; absence of a matched term does not establish absence of disease.",no_explicit_renal_status_exclusion
mover,Hydronephrosis with renal and ureteral calculous obstruction,,include,"No sufficiently explicit recorded ESRD, chronic dialysis dependence, or renal-transplant recipient state; absence of a matched term does not establish absence of disease.",no_explicit_renal_status_exclusion
mover,Hydronephrosis with urinary obstruction due to renal calculus,,include,"No sufficiently explicit recorded ESRD, chronic dialysis dependence, or renal-transplant recipient state; absence of a matched term does not establish absence of disease.",no_explicit_renal_status_exclusion
mover,Hyperparathyroidism due to ESRD on dialysis (CMS-HCC),,exclude,Exact text or unambiguous ESRD code documents ESRD in the permitted same-case record; time of documentation is not established as preoperative.,explicit_recorded_esrd
mover,Hyperparathyroidism due to end stage renal disease on dialysis (CMS-HCC),,exclude,Exact text or unambiguous ESRD code documents ESRD in the permitted same-case record; time of documentation is not established as preoperative.,explicit_recorded_esrd
mover,Hypertension associated with chronic kidney disease due to type 2 diabetes mellitus (CMS-HCC),,include,"No sufficiently explicit recorded ESRD, chronic dialysis dependence, or renal-transplant recipient state; absence of a matched term does not establish absence of disease.",no_explicit_renal_status_exclusion
mover,Hypertension due to end stage renal disease on dialysis (CMS-HCC),,exclude,Exact text or unambiguous ESRD code documents ESRD in the permitted same-case record; time of documentation is not established as preoperative.,explicit_recorded_esrd
mover,Hypertension in chronic kidney disease due to type 1 diabetes mellitus (CMS-HCC),,include,"No sufficiently explicit recorded ESRD, chronic dialysis dependence, or renal-transplant recipient state; absence of a matched term does not establish absence of disease.",no_explicit_renal_status_exclusion
mover,Hypertension secondary to other renal disorders,,include,"No sufficiently explicit recorded ESRD, chronic dialysis dependence, or renal-transplant recipient state; absence of a matched term does not establish absence of disease.",no_explicit_renal_status_exclusion
mover,Hypertension with renal disease,,include,"No sufficiently explicit recorded ESRD, chronic dialysis dependence, or renal-transplant recipient state; absence of a matched term does not establish absence of disease.",no_explicit_renal_status_exclusion
mover,"Hypertension, renal disease, stage 5 chronic kidney disease or end stage renal disease (CMS-HCC)",,include,Composite description/code permits CKD stage 5 OR ESRD; cannot classify as definite ESRD.,ckd5_or_esrd_ambiguous
mover,"Hypertensive chronic kidney disease with stage 1 through stage 4 chronic kidney disease, or unspecified chronic kidney disease",,include,"No sufficiently explicit recorded ESRD, chronic dialysis dependence, or renal-transplant recipient state; absence of a matched term does not establish absence of disease.",no_explicit_renal_status_exclusion
mover,Hypervolemia associated with renal insufficiency,,include,"No sufficiently explicit recorded ESRD, chronic dialysis dependence, or renal-transplant recipient state; absence of a matched term does not establish absence of disease.",no_explicit_renal_status_exclusion
mover,IgA nephropathy determined by renal biopsy,,include,"No sufficiently explicit recorded ESRD, chronic dialysis dependence, or renal-transplant recipient state; absence of a matched term does not establish absence of disease.",no_explicit_renal_status_exclusion
mover,"Infected aortic graft, initial encounter (CMS-HCC)",,include,"No sufficiently explicit recorded ESRD, chronic dialysis dependence, or renal-transplant recipient state; absence of a matched term does not establish absence of disease.",no_explicit_renal_status_exclusion
mover,"Infected aortic graft, sequela",,include,"No sufficiently explicit recorded ESRD, chronic dialysis dependence, or renal-transplant recipient state; absence of a matched term does not establish absence of disease.",no_explicit_renal_status_exclusion
mover,"Infected aortic graft, subsequent encounter",,include,"No sufficiently explicit recorded ESRD, chronic dialysis dependence, or renal-transplant recipient state; absence of a matched term does not establish absence of disease.",no_explicit_renal_status_exclusion
mover,"Infection and inflammatory reaction due to other cardiac and vascular devices, implants and grafts, initial encounter (CMS-HCC)",,include,"No sufficiently explicit recorded ESRD, chronic dialysis dependence, or renal-transplant recipient state; absence of a matched term does not establish absence of disease.",no_explicit_renal_status_exclusion
mover,"Infection and inflammatory reaction due to peritoneal dialysis catheter, sequela (CMS-HCC)",,include,"Acute dialysis, access presence/complication, preference, negation, or nonspecific dialysis wording does not establish chronic dependence; retain absent another explicit exclusion. Retinal dialysis is unrelated.",dialysis_related_not_chronic_dependence
mover,Infection associated with peritoneal dialysis catheter (CMS-HCC),,include,"Acute dialysis, access presence/complication, preference, negation, or nonspecific dialysis wording does not establish chronic dependence; retain absent another explicit exclusion. Retinal dialysis is unrelated.",dialysis_related_not_chronic_dependence
mover,"Infection associated with peritoneal dialysis catheter, initial encounter (CMS-HCC)",,include,"Acute dialysis, access presence/complication, preference, negation, or nonspecific dialysis wording does not establish chronic dependence; retain absent another explicit exclusion. Retinal dialysis is unrelated.",dialysis_related_not_chronic_dependence
mover,"Infection of aortic graft, initial encounter (CMS-HCC)",,include,"No sufficiently explicit recorded ESRD, chronic dialysis dependence, or renal-transplant recipient state; absence of a matched term does not establish absence of disease.",no_explicit_renal_status_exclusion
mover,"Infection of arteriovenous dialysis fistula, initial encounter (CMS-HCC)",,include,"Acute dialysis, access presence/complication, preference, negation, or nonspecific dialysis wording does not establish chronic dependence; retain absent another explicit exclusion. Retinal dialysis is unrelated.",dialysis_related_not_chronic_dependence
mover,"Infection of hemodialysis catheter, initial encounter (CMS-HCC)",,include,"Acute dialysis, access presence/complication, preference, negation, or nonspecific dialysis wording does not establish chronic dependence; retain absent another explicit exclusion. Retinal dialysis is unrelated.",dialysis_related_not_chronic_dependence
mover,Infective endocarditis of aortic valve,,include,"No sufficiently explicit recorded ESRD, chronic dialysis dependence, or renal-transplant recipient state; absence of a matched term does not establish absence of disease.",no_explicit_renal_status_exclusion
mover,"Injury of abdominal aorta, initial encounter",,include,"No sufficiently explicit recorded ESRD, chronic dialysis dependence, or renal-transplant recipient state; absence of a matched term does not establish absence of disease.",no_explicit_renal_status_exclusion
mover,"Injury of left kidney, subsequent encounter",,include,"No sufficiently explicit recorded ESRD, chronic dialysis dependence, or renal-transplant recipient state; absence of a matched term does not establish absence of disease.",no_explicit_renal_status_exclusion
mover,"Injury of pericardium, initial encounter",,include,"No sufficiently explicit recorded ESRD, chronic dialysis dependence, or renal-transplant recipient state; absence of a matched term does not establish absence of disease.",no_explicit_renal_status_exclusion
mover,"Injury of thoracic aorta, initial encounter",,include,"No sufficiently explicit recorded ESRD, chronic dialysis dependence, or renal-transplant recipient state; absence of a matched term does not establish absence of disease.",no_explicit_renal_status_exclusion
mover,Intracardiac thrombus,,include,"No sufficiently explicit recorded ESRD, chronic dialysis dependence, or renal-transplant recipient state; absence of a matched term does not establish absence of disease.",no_explicit_renal_status_exclusion
mover,Intramural hematoma of thoracic aorta,,include,"No sufficiently explicit recorded ESRD, chronic dialysis dependence, or renal-transplant recipient state; absence of a matched term does not establish absence of disease.",no_explicit_renal_status_exclusion
mover,Intraoperative cardiac arrest during non-cardiac surgery,,include,"No sufficiently explicit recorded ESRD, chronic dialysis dependence, or renal-transplant recipient state; absence of a matched term does not establish absence of disease.",no_explicit_renal_status_exclusion
mover,Ischemic dilated cardiomyopathy due to coronary artery disease,,include,"No sufficiently explicit recorded ESRD, chronic dialysis dependence, or renal-transplant recipient state; absence of a matched term does not establish absence of disease.",no_explicit_renal_status_exclusion
mover,"Kidney laceration with open wound into cavity, right, initial encounter",,include,"No sufficiently explicit recorded ESRD, chronic dialysis dependence, or renal-transplant recipient state; absence of a matched term does not establish absence of disease.",no_explicit_renal_status_exclusion
mover,"Kidney laceration, initial encounter",,include,"No sufficiently explicit recorded ESRD, chronic dialysis dependence, or renal-transplant recipient state; absence of a matched term does not establish absence of disease.",no_explicit_renal_status_exclusion
mover,"Kidney laceration, left",,include,"No sufficiently explicit recorded ESRD, chronic dialysis dependence, or renal-transplant recipient state; absence of a matched term does not establish absence of disease.",no_explicit_renal_status_exclusion
mover,"Kidney laceration, left, initial encounter",,include,"No sufficiently explicit recorded ESRD, chronic dialysis dependence, or renal-transplant recipient state; absence of a matched term does not establish absence of disease.",no_explicit_renal_status_exclusion
mover,Kidney transplant candidate,,include,Candidate/evaluation/waiting-list text alone does not prove a transplant recipient state.,transplant_candidate_not_recipient
mover,Kidney transplant recipient,,exclude,Exact text/code documents renal transplant recipient/status/complication; not donor or candidate-only wording; timing is not assumed preoperative.,explicit_recorded_renal_recipient
mover,Kidney transplant status,,exclude,Exact text/code documents renal transplant recipient/status/complication; not donor or candidate-only wording; timing is not assumed preoperative.,explicit_recorded_renal_recipient
mover,"Laceration of heart with penetration into cardiac chamber, initial encounter",,include,"No sufficiently explicit recorded ESRD, chronic dialysis dependence, or renal-transplant recipient state; absence of a matched term does not establish absence of disease.",no_explicit_renal_status_exclusion
mover,"Laceration of kidney without open wound into abdominal cavity, initial encounter",,include,"No sufficiently explicit recorded ESRD, chronic dialysis dependence, or renal-transplant recipient state; absence of a matched term does not establish absence of disease.",no_explicit_renal_status_exclusion
mover,Laceration of left kidney with open wound into abdominal cavity,,include,"No sufficiently explicit recorded ESRD, chronic dialysis dependence, or renal-transplant recipient state; absence of a matched term does not establish absence of disease.",no_explicit_renal_status_exclusion
mover,Laceration of right kidney with open wound into abdominal cavity,,include,"No sufficiently explicit recorded ESRD, chronic dialysis dependence, or renal-transplant recipient state; absence of a matched term does not establish absence of disease.",no_explicit_renal_status_exclusion
mover,Left anterior descending (LAD) coronary artery thrombosis (CMS-HCC),,include,"No sufficiently explicit recorded ESRD, chronic dialysis dependence, or renal-transplant recipient state; absence of a matched term does not establish absence of disease.",no_explicit_renal_status_exclusion
mover,Left renal stone,,include,"No sufficiently explicit recorded ESRD, chronic dialysis dependence, or renal-transplant recipient state; absence of a matched term does not establish absence of disease.",no_explicit_renal_status_exclusion
mover,Lesion of adrenal gland (CMS-HCC),,include,"No sufficiently explicit recorded ESRD, chronic dialysis dependence, or renal-transplant recipient state; absence of a matched term does not establish absence of disease.",no_explicit_renal_status_exclusion
mover,Line sepsis associated with dialysis catheter (CMS-HCC),,include,"Acute dialysis, access presence/complication, preference, negation, or nonspecific dialysis wording does not establish chronic dependence; retain absent another explicit exclusion. Retinal dialysis is unrelated.",dialysis_related_not_chronic_dependence
mover,Live donor of kidney for transplantation,,include,Kidney donation is not renal recipient/transplant status.,kidney_donor_not_recipient
mover,Liver transplant recipient (CMS-HCC),,include,"No sufficiently explicit recorded ESRD, chronic dialysis dependence, or renal-transplant recipient state; absence of a matched term does not establish absence of disease.",no_explicit_renal_status_exclusion
mover,Liver transplant status (CMS-HCC),,include,"No sufficiently explicit recorded ESRD, chronic dialysis dependence, or renal-transplant recipient state; absence of a matched term does not establish absence of disease.",no_explicit_renal_status_exclusion
mover,Lung transplant recipient (CMS-HCC),,include,"No sufficiently explicit recorded ESRD, chronic dialysis dependence, or renal-transplant recipient state; absence of a matched term does not establish absence of disease.",no_explicit_renal_status_exclusion
mover,"Malfunction of arteriovenous dialysis fistula, initial encounter (CMS-HCC)",,include,"Acute dialysis, access presence/complication, preference, negation, or nonspecific dialysis wording does not establish chronic dependence; retain absent another explicit exclusion. Retinal dialysis is unrelated.",dialysis_related_not_chronic_dependence
mover,"Malfunction of arteriovenous dialysis fistula, sequela",,include,"Acute dialysis, access presence/complication, preference, negation, or nonspecific dialysis wording does not establish chronic dependence; retain absent another explicit exclusion. Retinal dialysis is unrelated.",dialysis_related_not_chronic_dependence
mover,"Malfunction of arteriovenous dialysis fistula, subsequent encounter",,include,"Acute dialysis, access presence/complication, preference, negation, or nonspecific dialysis wording does not establish chronic dependence; retain absent another explicit exclusion. Retinal dialysis is unrelated.",dialysis_related_not_chronic_dependence
mover,"Malignant neoplasm of kidney and urinary organ, right (CMS-HCC)",,include,"No sufficiently explicit recorded ESRD, chronic dialysis dependence, or renal-transplant recipient state; absence of a matched term does not establish absence of disease.",no_explicit_renal_status_exclusion
mover,"Malignant neoplasm of kidney, left (CMS-HCC)",,include,"No sufficiently explicit recorded ESRD, chronic dialysis dependence, or renal-transplant recipient state; absence of a matched term does not establish absence of disease.",no_explicit_renal_status_exclusion
mover,"Malignant neoplasm of kidney, unspecified laterality (CMS-HCC)",,include,"No sufficiently explicit recorded ESRD, chronic dialysis dependence, or renal-transplant recipient state; absence of a matched term does not establish absence of disease.",no_explicit_renal_status_exclusion
mover,"Malignant neoplasm of renal pelvis, unspecified laterality (CMS-HCC)",,include,"No sufficiently explicit recorded ESRD, chronic dialysis dependence, or renal-transplant recipient state; absence of a matched term does not establish absence of disease.",no_explicit_renal_status_exclusion
mover,Malignant neoplasm of right kidney (CMS-HCC),,include,"No sufficiently explicit recorded ESRD, chronic dialysis dependence, or renal-transplant recipient state; absence of a matched term does not establish absence of disease.",no_explicit_renal_status_exclusion
mover,Malignant neoplasm of right renal pelvis and ureter (CMS-HCC),,include,"No sufficiently explicit recorded ESRD, chronic dialysis dependence, or renal-transplant recipient state; absence of a matched term does not establish absence of disease.",no_explicit_renal_status_exclusion
mover,"Malignant tumor renal pelvis, left (CMS-HCC)",,include,"No sufficiently explicit recorded ESRD, chronic dialysis dependence, or renal-transplant recipient state; absence of a matched term does not establish absence of disease.",no_explicit_renal_status_exclusion
mover,Mass of heart valve,,include,"No sufficiently explicit recorded ESRD, chronic dialysis dependence, or renal-transplant recipient state; absence of a matched term does not establish absence of disease.",no_explicit_renal_status_exclusion
mover,Mass of left cardiac ventricle,,include,"No sufficiently explicit recorded ESRD, chronic dialysis dependence, or renal-transplant recipient state; absence of a matched term does not establish absence of disease.",no_explicit_renal_status_exclusion
mover,"Mechanical breakdown of cardiac device, subsequent encounter",,include,"No sufficiently explicit recorded ESRD, chronic dialysis dependence, or renal-transplant recipient state; absence of a matched term does not establish absence of disease.",no_explicit_renal_status_exclusion
mover,"Mechanical complication due to coronary bypass graft, sequela",,include,"No sufficiently explicit recorded ESRD, chronic dialysis dependence, or renal-transplant recipient state; absence of a matched term does not establish absence of disease.",no_explicit_renal_status_exclusion
mover,"Metastatic renal cell carcinoma, left (CMS-HCC)",,include,"No sufficiently explicit recorded ESRD, chronic dialysis dependence, or renal-transplant recipient state; absence of a matched term does not establish absence of disease.",no_explicit_renal_status_exclusion
mover,"Mitral valve insufficiency, unspecified etiology",,include,"No sufficiently explicit recorded ESRD, chronic dialysis dependence, or renal-transplant recipient state; absence of a matched term does not establish absence of disease.",no_explicit_renal_status_exclusion
mover,"Mitral valve stenosis, unspecified etiology",,include,"No sufficiently explicit recorded ESRD, chronic dialysis dependence, or renal-transplant recipient state; absence of a matched term does not establish absence of disease.",no_explicit_renal_status_exclusion
mover,Moderate mitral valve regurgitation,,include,"No sufficiently explicit recorded ESRD, chronic dialysis dependence, or renal-transplant recipient state; absence of a matched term does not establish absence of disease.",no_explicit_renal_status_exclusion
mover,Moderate to severe aortic stenosis,,include,"No sufficiently explicit recorded ESRD, chronic dialysis dependence, or renal-transplant recipient state; absence of a matched term does not establish absence of disease.",no_explicit_renal_status_exclusion
mover,Myocardial infarction involving left main coronary artery (CMS-HCC),,include,"No sufficiently explicit recorded ESRD, chronic dialysis dependence, or renal-transplant recipient state; absence of a matched term does not establish absence of disease.",no_explicit_renal_status_exclusion
mover,"Myocardial infarction involving other coronary artery, unspecified MI type (CMS-HCC)",,include,"No sufficiently explicit recorded ESRD, chronic dialysis dependence, or renal-transplant recipient state; absence of a matched term does not establish absence of disease.",no_explicit_renal_status_exclusion
mover,Myocardial infarction with nonobstructive coronary arteries (CMS-HCC),,include,"No sufficiently explicit recorded ESRD, chronic dialysis dependence, or renal-transplant recipient state; absence of a matched term does not establish absence of disease.",no_explicit_renal_status_exclusion
mover,Neoplasm of right kidney,,include,"No sufficiently explicit recorded ESRD, chronic dialysis dependence, or renal-transplant recipient state; absence of a matched term does not establish absence of disease.",no_explicit_renal_status_exclusion
mover,New onset of congestive heart failure (CMS-HCC),,include,"No sufficiently explicit recorded ESRD, chronic dialysis dependence, or renal-transplant recipient state; absence of a matched term does not establish absence of disease.",no_explicit_renal_status_exclusion
mover,Non-reassuring fetal heart rate with late deceleration,,include,"No sufficiently explicit recorded ESRD, chronic dialysis dependence, or renal-transplant recipient state; absence of a matched term does not establish absence of disease.",no_explicit_renal_status_exclusion
mover,Nonobstructive atherosclerosis of coronary artery,,include,"No sufficiently explicit recorded ESRD, chronic dialysis dependence, or renal-transplant recipient state; absence of a matched term does not establish absence of disease.",no_explicit_renal_status_exclusion
mover,Nonrheumatic aortic (valve) stenosis,,include,"No sufficiently explicit recorded ESRD, chronic dialysis dependence, or renal-transplant recipient state; absence of a matched term does not establish absence of disease.",no_explicit_renal_status_exclusion
mover,Nonrheumatic mitral (valve) insufficiency,,include,"No sufficiently explicit recorded ESRD, chronic dialysis dependence, or renal-transplant recipient state; absence of a matched term does not establish absence of disease.",no_explicit_renal_status_exclusion
mover,Nonrheumatic mitral valve regurgitation,,include,"No sufficiently explicit recorded ESRD, chronic dialysis dependence, or renal-transplant recipient state; absence of a matched term does not establish absence of disease.",no_explicit_renal_status_exclusion
mover,Nonrheumatic mitral valve stenosis,,include,"No sufficiently explicit recorded ESRD, chronic dialysis dependence, or renal-transplant recipient state; absence of a matched term does not establish absence of disease.",no_explicit_renal_status_exclusion
mover,Nonrheumatic tricuspid (valve) insufficiency,,include,"No sufficiently explicit recorded ESRD, chronic dialysis dependence, or renal-transplant recipient state; absence of a matched term does not establish absence of disease.",no_explicit_renal_status_exclusion
mover,Nutcracker phenomenon of renal vein,,include,"No sufficiently explicit recorded ESRD, chronic dialysis dependence, or renal-transplant recipient state; absence of a matched term does not establish absence of disease.",no_explicit_renal_status_exclusion
mover,On intra-aortic balloon pump assist,,include,"No sufficiently explicit recorded ESRD, chronic dialysis dependence, or renal-transplant recipient state; absence of a matched term does not establish absence of disease.",no_explicit_renal_status_exclusion
mover,"Open injury of kidney, grade 4, right, initial encounter",,include,"No sufficiently explicit recorded ESRD, chronic dialysis dependence, or renal-transplant recipient state; absence of a matched term does not establish absence of disease.",no_explicit_renal_status_exclusion
mover,Other cardiac arrhythmia,,include,"No sufficiently explicit recorded ESRD, chronic dialysis dependence, or renal-transplant recipient state; absence of a matched term does not establish absence of disease.",no_explicit_renal_status_exclusion
mover,Other complication of kidney transplant,,exclude,Exact text/code documents renal transplant recipient/status/complication; not donor or candidate-only wording; timing is not assumed preoperative.,explicit_recorded_renal_recipient
mover,"Other complication of vascular dialysis catheter, subsequent encounter (CMS-HCC)",,include,"Acute dialysis, access presence/complication, preference, negation, or nonspecific dialysis wording does not establish chronic dependence; retain absent another explicit exclusion. Retinal dialysis is unrelated.",dialysis_related_not_chronic_dependence
mover,Pancreas transplant candidate,,include,Candidate/evaluation/waiting-list text alone does not prove a transplant recipient state.,transplant_candidate_not_recipient
mover,Pancreas transplant status (CMS-HCC),,include,"No sufficiently explicit recorded ESRD, chronic dialysis dependence, or renal-transplant recipient state; absence of a matched term does not establish absence of disease.",no_explicit_renal_status_exclusion
mover,Papillary renal cell carcinoma (CMS-HCC),,include,"No sufficiently explicit recorded ESRD, chronic dialysis dependence, or renal-transplant recipient state; absence of a matched term does not establish absence of disease.",no_explicit_renal_status_exclusion
mover,"Paravalvular leak (prosthetic valve), initial encounter",,include,"No sufficiently explicit recorded ESRD, chronic dialysis dependence, or renal-transplant recipient state; absence of a matched term does not establish absence of disease.",no_explicit_renal_status_exclusion
mover,Patient on waiting list for organ transplant,,include,Candidate/evaluation/waiting-list text alone does not prove a transplant recipient state.,transplant_candidate_not_recipient
mover,Penetrating atherosclerotic ulcer of aorta (CMS-HCC),,include,"No sufficiently explicit recorded ESRD, chronic dialysis dependence, or renal-transplant recipient state; absence of a matched term does not establish absence of disease.",no_explicit_renal_status_exclusion
mover,"Penetrating heart wound, initial encounter",,include,"No sufficiently explicit recorded ESRD, chronic dialysis dependence, or renal-transplant recipient state; absence of a matched term does not establish absence of disease.",no_explicit_renal_status_exclusion
mover,Penetrating ulcer of aorta (CMS-HCC),,include,"No sufficiently explicit recorded ESRD, chronic dialysis dependence, or renal-transplant recipient state; absence of a matched term does not establish absence of disease.",no_explicit_renal_status_exclusion
mover,Pericardial effusion with cardiac tamponade,,include,"No sufficiently explicit recorded ESRD, chronic dialysis dependence, or renal-transplant recipient state; absence of a matched term does not establish absence of disease.",no_explicit_renal_status_exclusion
mover,Pericardial effusion without cardiac tamponade,,include,"No sufficiently explicit recorded ESRD, chronic dialysis dependence, or renal-transplant recipient state; absence of a matched term does not establish absence of disease.",no_explicit_renal_status_exclusion
mover,Pericarditis associated with systemic lupus erythematosus (CMS-HCC),,include,"No sufficiently explicit recorded ESRD, chronic dialysis dependence, or renal-transplant recipient state; absence of a matched term does not establish absence of disease.",no_explicit_renal_status_exclusion
mover,"Pericarditis, unspecified chronicity, unspecified type",,include,"No sufficiently explicit recorded ESRD, chronic dialysis dependence, or renal-transplant recipient state; absence of a matched term does not establish absence of disease.",no_explicit_renal_status_exclusion
mover,"Peritoneal dialysis catheter dysfunction, initial encounter (CMS-HCC)",,include,"Acute dialysis, access presence/complication, preference, negation, or nonspecific dialysis wording does not establish chronic dependence; retain absent another explicit exclusion. Retinal dialysis is unrelated.",dialysis_related_not_chronic_dependence
mover,"Peritoneal dialysis catheter dysfunction, sequela (CMS-HCC)",,include,"Acute dialysis, access presence/complication, preference, negation, or nonspecific dialysis wording does not establish chronic dependence; retain absent another explicit exclusion. Retinal dialysis is unrelated.",dialysis_related_not_chronic_dependence
mover,"Peritoneal dialysis catheter dysfunction, subsequent encounter (CMS-HCC)",,include,"Acute dialysis, access presence/complication, preference, negation, or nonspecific dialysis wording does not establish chronic dependence; retain absent another explicit exclusion. Retinal dialysis is unrelated.",dialysis_related_not_chronic_dependence
mover,"Peritoneal dialysis catheter exit site infection, initial encounter (CMS-HCC)",,include,"Acute dialysis, access presence/complication, preference, negation, or nonspecific dialysis wording does not establish chronic dependence; retain absent another explicit exclusion. Retinal dialysis is unrelated.",dialysis_related_not_chronic_dependence
mover,"Peritoneal dialysis catheter exit site infection, subsequent encounter (CMS-HCC)",,include,"Acute dialysis, access presence/complication, preference, negation, or nonspecific dialysis wording does not establish chronic dependence; retain absent another explicit exclusion. Retinal dialysis is unrelated.",dialysis_related_not_chronic_dependence
mover,"Peritoneal dialysis catheter mechanical complication, initial encounter (CMS-HCC)",,include,"Acute dialysis, access presence/complication, preference, negation, or nonspecific dialysis wording does not establish chronic dependence; retain absent another explicit exclusion. Retinal dialysis is unrelated.",dialysis_related_not_chronic_dependence
mover,"Peritoneal dialysis catheter tunnel infection, initial encounter (CMS-HCC)",,include,"Acute dialysis, access presence/complication, preference, negation, or nonspecific dialysis wording does not establish chronic dependence; retain absent another explicit exclusion. Retinal dialysis is unrelated.",dialysis_related_not_chronic_dependence
mover,"Peritonitis associated with peritoneal dialysis, initial encounter (CMS-HCC)",,include,"Acute dialysis, access presence/complication, preference, negation, or nonspecific dialysis wording does not establish chronic dependence; retain absent another explicit exclusion. Retinal dialysis is unrelated.",dialysis_related_not_chronic_dependence
mover,"Peritonitis due to infected peritoneal dialysis catheter, initial encounter (CMS-HCC)",,include,"Acute dialysis, access presence/complication, preference, negation, or nonspecific dialysis wording does not establish chronic dependence; retain absent another explicit exclusion. Retinal dialysis is unrelated.",dialysis_related_not_chronic_dependence
mover,"Peritonitis, dialysis-associated, initial encounter (CMS-HCC)",,include,"Acute dialysis, access presence/complication, preference, negation, or nonspecific dialysis wording does not establish chronic dependence; retain absent another explicit exclusion. Retinal dialysis is unrelated.",dialysis_related_not_chronic_dependence
mover,"Peritonitis, dialysis-associated, subsequent encounter (CMS-HCC)",,include,"Acute dialysis, access presence/complication, preference, negation, or nonspecific dialysis wording does not establish chronic dependence; retain absent another explicit exclusion. Retinal dialysis is unrelated.",dialysis_related_not_chronic_dependence
mover,Pheochromoblastoma of left adrenal gland (CMS-HCC),,include,"No sufficiently explicit recorded ESRD, chronic dialysis dependence, or renal-transplant recipient state; absence of a matched term does not establish absence of disease.",no_explicit_renal_status_exclusion
mover,Pheochromocytoma of left adrenal gland,,include,"No sufficiently explicit recorded ESRD, chronic dialysis dependence, or renal-transplant recipient state; absence of a matched term does not establish absence of disease.",no_explicit_renal_status_exclusion
mover,Pheochromocytoma of right adrenal gland,,include,"No sufficiently explicit recorded ESRD, chronic dialysis dependence, or renal-transplant recipient state; absence of a matched term does not establish absence of disease.",no_explicit_renal_status_exclusion
mover,Pre-transplant evaluation for heart transplant,,include,Candidate/evaluation/waiting-list text alone does not prove a transplant recipient state.,transplant_candidate_not_recipient
mover,Presence of cardiac resynchronization therapy defibrillator (CRT-D),,include,"No sufficiently explicit recorded ESRD, chronic dialysis dependence, or renal-transplant recipient state; absence of a matched term does not establish absence of disease.",no_explicit_renal_status_exclusion
mover,Presence of cornea transplant,,include,"No sufficiently explicit recorded ESRD, chronic dialysis dependence, or renal-transplant recipient state; absence of a matched term does not establish absence of disease.",no_explicit_renal_status_exclusion
mover,Presence of stent in coronary artery in patient with coronary artery disease,,include,"No sufficiently explicit recorded ESRD, chronic dialysis dependence, or renal-transplant recipient state; absence of a matched term does not establish absence of disease.",no_explicit_renal_status_exclusion
mover,"Primary malignant neoplasm of kidney with metastasis from kidney to other site, unspecified laterality (CMS-HCC)",,include,"No sufficiently explicit recorded ESRD, chronic dialysis dependence, or renal-transplant recipient state; absence of a matched term does not establish absence of disease.",no_explicit_renal_status_exclusion
mover,Primary malignant neoplasm of left kidney with metastasis from kidney to other site (CMS-HCC),,include,"No sufficiently explicit recorded ESRD, chronic dialysis dependence, or renal-transplant recipient state; absence of a matched term does not establish absence of disease.",no_explicit_renal_status_exclusion
mover,Primary renal cell carcinoma of native left kidney (CMS-HCC),,include,"No sufficiently explicit recorded ESRD, chronic dialysis dependence, or renal-transplant recipient state; absence of a matched term does not establish absence of disease.",no_explicit_renal_status_exclusion
mover,Problem with dialysis access (CMS-HCC),,include,"Acute dialysis, access presence/complication, preference, negation, or nonspecific dialysis wording does not establish chronic dependence; retain absent another explicit exclusion. Retinal dialysis is unrelated.",dialysis_related_not_chronic_dependence
mover,"Problem with dialysis access, initial encounter (CMS-HCC)",,include,"Acute dialysis, access presence/complication, preference, negation, or nonspecific dialysis wording does not establish chronic dependence; retain absent another explicit exclusion. Retinal dialysis is unrelated.",dialysis_related_not_chronic_dependence
mover,Problem with dialysis shunt (CMS-HCC),,include,"Acute dialysis, access presence/complication, preference, negation, or nonspecific dialysis wording does not establish chronic dependence; retain absent another explicit exclusion. Retinal dialysis is unrelated.",dialysis_related_not_chronic_dependence
mover,"Problem with dialysis shunt, initial encounter (CMS-HCC)",,include,"Acute dialysis, access presence/complication, preference, negation, or nonspecific dialysis wording does not establish chronic dependence; retain absent another explicit exclusion. Retinal dialysis is unrelated.",dialysis_related_not_chronic_dependence
mover,"Pseudoaneurysm of AV hemodialysis fistula, initial encounter (CMS-HCC)",,include,"Acute dialysis, access presence/complication, preference, negation, or nonspecific dialysis wording does not establish chronic dependence; retain absent another explicit exclusion. Retinal dialysis is unrelated.",dialysis_related_not_chronic_dependence
mover,"Pseudoaneurysm of AV hemodialysis fistula, subsequent encounter",,include,"Acute dialysis, access presence/complication, preference, negation, or nonspecific dialysis wording does not establish chronic dependence; retain absent another explicit exclusion. Retinal dialysis is unrelated.",dialysis_related_not_chronic_dependence
mover,Pseudoaneurysm of aorta (CMS-HCC),,include,"No sufficiently explicit recorded ESRD, chronic dialysis dependence, or renal-transplant recipient state; absence of a matched term does not establish absence of disease.",no_explicit_renal_status_exclusion
mover,"Pseudoaneurysm of arteriovenous dialysis fistula, initial encounter (CMS-HCC)",,include,"Acute dialysis, access presence/complication, preference, negation, or nonspecific dialysis wording does not establish chronic dependence; retain absent another explicit exclusion. Retinal dialysis is unrelated.",dialysis_related_not_chronic_dependence
mover,"Pseudoaneurysm of arteriovenous dialysis fistula, sequela",,include,"Acute dialysis, access presence/complication, preference, negation, or nonspecific dialysis wording does not establish chronic dependence; retain absent another explicit exclusion. Retinal dialysis is unrelated.",dialysis_related_not_chronic_dependence
mover,"Pulmonary valve stenosis, unspecified etiology",,include,"No sufficiently explicit recorded ESRD, chronic dialysis dependence, or renal-transplant recipient state; absence of a matched term does not establish absence of disease.",no_explicit_renal_status_exclusion
mover,Renal anasarca,,include,"No sufficiently explicit recorded ESRD, chronic dialysis dependence, or renal-transplant recipient state; absence of a matched term does not establish absence of disease.",no_explicit_renal_status_exclusion
mover,"Renal cancer, left (CMS-HCC)",,include,"No sufficiently explicit recorded ESRD, chronic dialysis dependence, or renal-transplant recipient state; absence of a matched term does not establish absence of disease.",no_explicit_renal_status_exclusion
mover,"Renal cancer, right (CMS-HCC)",,include,"No sufficiently explicit recorded ESRD, chronic dialysis dependence, or renal-transplant recipient state; absence of a matched term does not establish absence of disease.",no_explicit_renal_status_exclusion
mover,"Renal carcinoma, left (CMS-HCC)",,include,"No sufficiently explicit recorded ESRD, chronic dialysis dependence, or renal-transplant recipient state; absence of a matched term does not establish absence of disease.",no_explicit_renal_status_exclusion
mover,"Renal carcinoma, right (CMS-HCC)",,include,"No sufficiently explicit recorded ESRD, chronic dialysis dependence, or renal-transplant recipient state; absence of a matched term does not establish absence of disease.",no_explicit_renal_status_exclusion
mover,"Renal cell adenocarcinoma, left (CMS-HCC)",,include,"No sufficiently explicit recorded ESRD, chronic dialysis dependence, or renal-transplant recipient state; absence of a matched term does not establish absence of disease.",no_explicit_renal_status_exclusion
mover,"Renal cell adenocarcinoma, right (CMS-HCC)",,include,"No sufficiently explicit recorded ESRD, chronic dialysis dependence, or renal-transplant recipient state; absence of a matched term does not establish absence of disease.",no_explicit_renal_status_exclusion
mover,"Renal cell cancer, left (CMS-HCC)",,include,"No sufficiently explicit recorded ESRD, chronic dialysis dependence, or renal-transplant recipient state; absence of a matched term does not establish absence of disease.",no_explicit_renal_status_exclusion
mover,"Renal cell cancer, right (CMS-HCC)",,include,"No sufficiently explicit recorded ESRD, chronic dialysis dependence, or renal-transplant recipient state; absence of a matched term does not establish absence of disease.",no_explicit_renal_status_exclusion
mover,"Renal cell cancer, unspecified laterality (CMS-HCC)",,include,"No sufficiently explicit recorded ESRD, chronic dialysis dependence, or renal-transplant recipient state; absence of a matched term does not establish absence of disease.",no_explicit_renal_status_exclusion
mover,Renal cell carcinoma of both kidneys (CMS-HCC),,include,"No sufficiently explicit recorded ESRD, chronic dialysis dependence, or renal-transplant recipient state; absence of a matched term does not establish absence of disease.",no_explicit_renal_status_exclusion
mover,Renal cell carcinoma of left kidney (CMS-HCC),,include,"No sufficiently explicit recorded ESRD, chronic dialysis dependence, or renal-transplant recipient state; absence of a matched term does not establish absence of disease.",no_explicit_renal_status_exclusion
mover,Renal cell carcinoma of left kidney metastatic to other site (CMS-HCC),,include,"No sufficiently explicit recorded ESRD, chronic dialysis dependence, or renal-transplant recipient state; absence of a matched term does not establish absence of disease.",no_explicit_renal_status_exclusion
mover,Renal cell carcinoma of right kidney (CMS-HCC),,include,"No sufficiently explicit recorded ESRD, chronic dialysis dependence, or renal-transplant recipient state; absence of a matched term does not establish absence of disease.",no_explicit_renal_status_exclusion
mover,"Renal cell carcinoma, left (CMS-HCC)",,include,"No sufficiently explicit recorded ESRD, chronic dialysis dependence, or renal-transplant recipient state; absence of a matched term does not establish absence of disease.",no_explicit_renal_status_exclusion
mover,"Renal cell carcinoma, right (CMS-HCC)",,include,"No sufficiently explicit recorded ESRD, chronic dialysis dependence, or renal-transplant recipient state; absence of a matched term does not establish absence of disease.",no_explicit_renal_status_exclusion
mover,"Renal cell carcinoma, unspecified laterality (CMS-HCC)",,include,"No sufficiently explicit recorded ESRD, chronic dialysis dependence, or renal-transplant recipient state; absence of a matched term does not establish absence of disease.",no_explicit_renal_status_exclusion
mover,"Renal failure, unspecified chronicity",,include,"No sufficiently explicit recorded ESRD, chronic dialysis dependence, or renal-transplant recipient state; absence of a matched term does not establish absence of disease.",no_explicit_renal_status_exclusion
mover,"Renal injury, right, initial encounter",,include,"No sufficiently explicit recorded ESRD, chronic dialysis dependence, or renal-transplant recipient state; absence of a matched term does not establish absence of disease.",no_explicit_renal_status_exclusion
mover,"Renal laceration with open wound, left, initial encounter",,include,"No sufficiently explicit recorded ESRD, chronic dialysis dependence, or renal-transplant recipient state; absence of a matched term does not establish absence of disease.",no_explicit_renal_status_exclusion
mover,"Renal laceration with open wound, right, initial encounter",,include,"No sufficiently explicit recorded ESRD, chronic dialysis dependence, or renal-transplant recipient state; absence of a matched term does not establish absence of disease.",no_explicit_renal_status_exclusion
mover,"Renal malignant tumor, left (CMS-HCC)",,include,"No sufficiently explicit recorded ESRD, chronic dialysis dependence, or renal-transplant recipient state; absence of a matched term does not establish absence of disease.",no_explicit_renal_status_exclusion
mover,Renal oncocytoma of right kidney,,include,"No sufficiently explicit recorded ESRD, chronic dialysis dependence, or renal-transplant recipient state; absence of a matched term does not establish absence of disease.",no_explicit_renal_status_exclusion
mover,"Renal oncocytoma, left",,include,"No sufficiently explicit recorded ESRD, chronic dialysis dependence, or renal-transplant recipient state; absence of a matched term does not establish absence of disease.",no_explicit_renal_status_exclusion
mover,"Renal pelvis transitional cell malignant neoplasm, left (CMS-HCC)",,include,"No sufficiently explicit recorded ESRD, chronic dialysis dependence, or renal-transplant recipient state; absence of a matched term does not establish absence of disease.",no_explicit_renal_status_exclusion
mover,"Renal pelvis transitional cell malignant neoplasm, right (CMS-HCC)",,include,"No sufficiently explicit recorded ESRD, chronic dialysis dependence, or renal-transplant recipient state; absence of a matched term does not establish absence of disease.",no_explicit_renal_status_exclusion
mover,Renal transplant recipient,,exclude,Exact text/code documents renal transplant recipient/status/complication; not donor or candidate-only wording; timing is not assumed preoperative.,explicit_recorded_renal_recipient
mover,"Renal transplant, status post",,exclude,Exact text/code documents renal transplant recipient/status/complication; not donor or candidate-only wording; timing is not assumed preoperative.,explicit_recorded_renal_recipient
mover,"Renal vein laceration, left, initial encounter",,include,"No sufficiently explicit recorded ESRD, chronic dialysis dependence, or renal-transplant recipient state; absence of a matched term does not establish absence of disease.",no_explicit_renal_status_exclusion
mover,Respiratory arrest before cardiac arrest (CMS-HCC),,include,"No sufficiently explicit recorded ESRD, chronic dialysis dependence, or renal-transplant recipient state; absence of a matched term does not establish absence of disease.",no_explicit_renal_status_exclusion
mover,Retinal dialysis of left eye,,include,"Acute dialysis, access presence/complication, preference, negation, or nonspecific dialysis wording does not establish chronic dependence; retain absent another explicit exclusion. Retinal dialysis is unrelated.",dialysis_related_not_chronic_dependence
mover,Rheumatic aortic valve insufficiency,,include,"No sufficiently explicit recorded ESRD, chronic dialysis dependence, or renal-transplant recipient state; absence of a matched term does not establish absence of disease.",no_explicit_renal_status_exclusion
mover,Right heart failure with reduced right ventricular function (CMS-HCC),,include,"No sufficiently explicit recorded ESRD, chronic dialysis dependence, or renal-transplant recipient state; absence of a matched term does not establish absence of disease.",no_explicit_renal_status_exclusion
mover,Right renal stone,,include,"No sufficiently explicit recorded ESRD, chronic dialysis dependence, or renal-transplant recipient state; absence of a matched term does not establish absence of disease.",no_explicit_renal_status_exclusion
mover,"Right-sided heart failure, unspecified HF chronicity (CMS-HCC)",,include,"No sufficiently explicit recorded ESRD, chronic dialysis dependence, or renal-transplant recipient state; absence of a matched term does not establish absence of disease.",no_explicit_renal_status_exclusion
mover,Ruptured abdominal aortic aneurysm (AAA),,include,"No sufficiently explicit recorded ESRD, chronic dialysis dependence, or renal-transplant recipient state; absence of a matched term does not establish absence of disease.",no_explicit_renal_status_exclusion
mover,Ruptured abdominal aortic aneurysm (AAA) (CMS-HCC),,include,"No sufficiently explicit recorded ESRD, chronic dialysis dependence, or renal-transplant recipient state; absence of a matched term does not establish absence of disease.",no_explicit_renal_status_exclusion
mover,S/P TAVR (transcatheter aortic valve replacement),,include,"No sufficiently explicit recorded ESRD, chronic dialysis dependence, or renal-transplant recipient state; absence of a matched term does not establish absence of disease.",no_explicit_renal_status_exclusion
mover,S/P aortic dissection repair,,include,"No sufficiently explicit recorded ESRD, chronic dialysis dependence, or renal-transplant recipient state; absence of a matched term does not establish absence of disease.",no_explicit_renal_status_exclusion
mover,S/P dialysis catheter insertion (CMS-HCC),,include,"Acute dialysis, access presence/complication, preference, negation, or nonspecific dialysis wording does not establish chronic dependence; retain absent another explicit exclusion. Retinal dialysis is unrelated.",dialysis_related_not_chronic_dependence
mover,S/P drug eluting coronary stent placement,,include,"No sufficiently explicit recorded ESRD, chronic dialysis dependence, or renal-transplant recipient state; absence of a matched term does not establish absence of disease.",no_explicit_renal_status_exclusion
mover,S/P hemodialysis catheter insertion (CMS-HCC),,include,"Acute dialysis, access presence/complication, preference, negation, or nonspecific dialysis wording does not establish chronic dependence; retain absent another explicit exclusion. Retinal dialysis is unrelated.",dialysis_related_not_chronic_dependence
mover,S/P mitral valve clip implantation,,include,"No sufficiently explicit recorded ESRD, chronic dialysis dependence, or renal-transplant recipient state; absence of a matched term does not establish absence of disease.",no_explicit_renal_status_exclusion
mover,ST elevation (STEMI) myocardial infarction involving right coronary artery (CMS-HCC),,include,"No sufficiently explicit recorded ESRD, chronic dialysis dependence, or renal-transplant recipient state; absence of a matched term does not establish absence of disease.",no_explicit_renal_status_exclusion
mover,ST elevation myocardial infarction (STEMI) involving other coronary artery (CMS-HCC),,include,"No sufficiently explicit recorded ESRD, chronic dialysis dependence, or renal-transplant recipient state; absence of a matched term does not establish absence of disease.",no_explicit_renal_status_exclusion
mover,ST elevation myocardial infarction involving left anterior descending (LAD) coronary artery (CMS-HCC),,include,"No sufficiently explicit recorded ESRD, chronic dialysis dependence, or renal-transplant recipient state; absence of a matched term does not establish absence of disease.",no_explicit_renal_status_exclusion
mover,STEMI involving left anterior descending coronary artery (CMS-HCC),,include,"No sufficiently explicit recorded ESRD, chronic dialysis dependence, or renal-transplant recipient state; absence of a matched term does not establish absence of disease.",no_explicit_renal_status_exclusion
mover,STEMI involving left circumflex coronary artery (CMS-HCC),,include,"No sufficiently explicit recorded ESRD, chronic dialysis dependence, or renal-transplant recipient state; absence of a matched term does not establish absence of disease.",no_explicit_renal_status_exclusion
mover,STEMI involving right coronary artery (CMS-HCC),,include,"No sufficiently explicit recorded ESRD, chronic dialysis dependence, or renal-transplant recipient state; absence of a matched term does not establish absence of disease.",no_explicit_renal_status_exclusion
mover,Sarcomatoid renal cell carcinoma (CMS-HCC),,include,"No sufficiently explicit recorded ESRD, chronic dialysis dependence, or renal-transplant recipient state; absence of a matched term does not establish absence of disease.",no_explicit_renal_status_exclusion
mover,Sepsis with acute renal failure (CMS-HCC),,include,"No sufficiently explicit recorded ESRD, chronic dialysis dependence, or renal-transplant recipient state; absence of a matched term does not establish absence of disease.",no_explicit_renal_status_exclusion
mover,Sepsis with acute renal failure and septic shock (CMS-HCC),,include,"No sufficiently explicit recorded ESRD, chronic dialysis dependence, or renal-transplant recipient state; absence of a matched term does not establish absence of disease.",no_explicit_renal_status_exclusion
mover,"Sepsis with acute renal failure without septic shock, due to unspecified organism, unspecified acute renal failure type (CMS-HCC)",,include,"No sufficiently explicit recorded ESRD, chronic dialysis dependence, or renal-transplant recipient state; absence of a matched term does not establish absence of disease.",no_explicit_renal_status_exclusion
mover,"Sepsis with other acute renal failure and septic shock, due to unspecified organism (CMS-HCC)",,include,"No sufficiently explicit recorded ESRD, chronic dialysis dependence, or renal-transplant recipient state; absence of a matched term does not establish absence of disease.",no_explicit_renal_status_exclusion
mover,Severe mitral valve regurgitation,,include,"No sufficiently explicit recorded ESRD, chronic dialysis dependence, or renal-transplant recipient state; absence of a matched term does not establish absence of disease.",no_explicit_renal_status_exclusion
mover,Sinus tachycardia seen on cardiac monitor,,include,"No sufficiently explicit recorded ESRD, chronic dialysis dependence, or renal-transplant recipient state; absence of a matched term does not establish absence of disease.",no_explicit_renal_status_exclusion
mover,Solitary right kidney,,include,"No sufficiently explicit recorded ESRD, chronic dialysis dependence, or renal-transplant recipient state; absence of a matched term does not establish absence of disease.",no_explicit_renal_status_exclusion
mover,Stage 1 acute kidney injury (CMS-HCC),,include,"No sufficiently explicit recorded ESRD, chronic dialysis dependence, or renal-transplant recipient state; absence of a matched term does not establish absence of disease.",no_explicit_renal_status_exclusion
mover,Stage 1 chronic kidney disease due to type 2 diabetes mellitus (CMS-HCC),,include,"No sufficiently explicit recorded ESRD, chronic dialysis dependence, or renal-transplant recipient state; absence of a matched term does not establish absence of disease.",no_explicit_renal_status_exclusion
mover,Stage 2 chronic kidney disease,,include,"No sufficiently explicit recorded ESRD, chronic dialysis dependence, or renal-transplant recipient state; absence of a matched term does not establish absence of disease.",no_explicit_renal_status_exclusion
mover,Stage 3 chronic kidney disease,,include,"No sufficiently explicit recorded ESRD, chronic dialysis dependence, or renal-transplant recipient state; absence of a matched term does not establish absence of disease.",no_explicit_renal_status_exclusion
mover,Stage 3 chronic kidney disease (CMS-HCC),,include,"No sufficiently explicit recorded ESRD, chronic dialysis dependence, or renal-transplant recipient state; absence of a matched term does not establish absence of disease.",no_explicit_renal_status_exclusion
mover,Stage 3 chronic kidney disease due to type 2 diabetes mellitus (CMS-HCC),,include,"No sufficiently explicit recorded ESRD, chronic dialysis dependence, or renal-transplant recipient state; absence of a matched term does not establish absence of disease.",no_explicit_renal_status_exclusion
mover,Stage 3a chronic kidney disease,,include,"No sufficiently explicit recorded ESRD, chronic dialysis dependence, or renal-transplant recipient state; absence of a matched term does not establish absence of disease.",no_explicit_renal_status_exclusion
mover,Stage 3a chronic kidney disease (CMS-HCC),,include,"No sufficiently explicit recorded ESRD, chronic dialysis dependence, or renal-transplant recipient state; absence of a matched term does not establish absence of disease.",no_explicit_renal_status_exclusion
mover,Stage 3b chronic kidney disease,,include,"No sufficiently explicit recorded ESRD, chronic dialysis dependence, or renal-transplant recipient state; absence of a matched term does not establish absence of disease.",no_explicit_renal_status_exclusion
mover,Stage 3b chronic kidney disease (CMS-HCC),,include,"No sufficiently explicit recorded ESRD, chronic dialysis dependence, or renal-transplant recipient state; absence of a matched term does not establish absence of disease.",no_explicit_renal_status_exclusion
mover,Stage 4 chronic kidney disease (CMS-HCC),,include,"No sufficiently explicit recorded ESRD, chronic dialysis dependence, or renal-transplant recipient state; absence of a matched term does not establish absence of disease.",no_explicit_renal_status_exclusion
mover,Stage 5 chronic kidney disease (CMS-HCC),,include,"No sufficiently explicit recorded ESRD, chronic dialysis dependence, or renal-transplant recipient state; absence of a matched term does not establish absence of disease.",no_explicit_renal_status_exclusion
mover,Stage 5 chronic kidney disease not on chronic dialysis (CMS-HCC),,include,"Acute dialysis, access presence/complication, preference, negation, or nonspecific dialysis wording does not establish chronic dependence; retain absent another explicit exclusion. Retinal dialysis is unrelated.",dialysis_related_not_chronic_dependence
mover,Stage 5 chronic kidney disease on chronic dialysis (CMS-HCC),,exclude,Exact text explicitly documents dependence or chronic dialysis; no inference from access alone and no presumption of preoperative timing.,explicit_recorded_dialysis_dependence
mover,Stage 5 chronic kidney disease on dialysis (CMS-HCC),,exclude,Exact text explicitly documents dependence or chronic dialysis; no inference from access alone and no presumption of preoperative timing.,explicit_recorded_dialysis_dependence
mover,Stage 5 chronic kidney disease with transplanted kidney (CMS-HCC),,exclude,Exact text/code documents renal transplant recipient/status/complication; not donor or candidate-only wording; timing is not assumed preoperative.,explicit_recorded_renal_recipient
mover,Status post biopsy of kidney,,include,"No sufficiently explicit recorded ESRD, chronic dialysis dependence, or renal-transplant recipient state; absence of a matched term does not establish absence of disease.",no_explicit_renal_status_exclusion
mover,Status post cardiac surgery,,include,"No sufficiently explicit recorded ESRD, chronic dialysis dependence, or renal-transplant recipient state; absence of a matched term does not establish absence of disease.",no_explicit_renal_status_exclusion
mover,Status post insertion of dialysis catheter (CMS-HCC),,include,"Acute dialysis, access presence/complication, preference, negation, or nonspecific dialysis wording does not establish chronic dependence; retain absent another explicit exclusion. Retinal dialysis is unrelated.",dialysis_related_not_chronic_dependence
mover,Status post insertion of drug eluting coronary artery stent,,include,"No sufficiently explicit recorded ESRD, chronic dialysis dependence, or renal-transplant recipient state; absence of a matched term does not establish absence of disease.",no_explicit_renal_status_exclusion
mover,Status post insertion of drug-eluting stent into right coronary artery for coronary artery disease,,include,"No sufficiently explicit recorded ESRD, chronic dialysis dependence, or renal-transplant recipient state; absence of a matched term does not establish absence of disease.",no_explicit_renal_status_exclusion
mover,Status post left heart catheterization,,include,"No sufficiently explicit recorded ESRD, chronic dialysis dependence, or renal-transplant recipient state; absence of a matched term does not establish absence of disease.",no_explicit_renal_status_exclusion
mover,Status post left heart catheterization (LHC),,include,"No sufficiently explicit recorded ESRD, chronic dialysis dependence, or renal-transplant recipient state; absence of a matched term does not establish absence of disease.",no_explicit_renal_status_exclusion
mover,Status post mechanical aortic valve replacement,,include,"No sufficiently explicit recorded ESRD, chronic dialysis dependence, or renal-transplant recipient state; absence of a matched term does not establish absence of disease.",no_explicit_renal_status_exclusion
mover,Status post simultaneous kidney and pancreas transplant (CMS-HCC),,exclude,Exact text/code documents renal transplant recipient/status/complication; not donor or candidate-only wording; timing is not assumed preoperative.,explicit_recorded_renal_recipient
mover,Status post transcatheter aortic valve replacement (TAVR) using bioprosthesis,,include,"No sufficiently explicit recorded ESRD, chronic dialysis dependence, or renal-transplant recipient state; absence of a matched term does not establish absence of disease.",no_explicit_renal_status_exclusion
mover,"Steal syndrome as complication of dialysis access, initial encounter (CMS-HCC)",,include,"Acute dialysis, access presence/complication, preference, negation, or nonspecific dialysis wording does not establish chronic dependence; retain absent another explicit exclusion. Retinal dialysis is unrelated.",dialysis_related_not_chronic_dependence
mover,"Steal syndrome as complication of dialysis access, sequela",,include,"Acute dialysis, access presence/complication, preference, negation, or nonspecific dialysis wording does not establish chronic dependence; retain absent another explicit exclusion. Retinal dialysis is unrelated.",dialysis_related_not_chronic_dependence
mover,"Steal syndrome as complication of dialysis access, subsequent encounter",,include,"Acute dialysis, access presence/complication, preference, negation, or nonspecific dialysis wording does not establish chronic dependence; retain absent another explicit exclusion. Retinal dialysis is unrelated.",dialysis_related_not_chronic_dependence
mover,Stem cell transplant candidate,,include,Candidate/evaluation/waiting-list text alone does not prove a transplant recipient state.,transplant_candidate_not_recipient
mover,"Stenosis of arteriovenous dialysis fistula, initial encounter (CMS-HCC)",,include,"Acute dialysis, access presence/complication, preference, negation, or nonspecific dialysis wording does not establish chronic dependence; retain absent another explicit exclusion. Retinal dialysis is unrelated.",dialysis_related_not_chronic_dependence
mover,"Stenosis of coronary stent, sequela",,include,"No sufficiently explicit recorded ESRD, chronic dialysis dependence, or renal-transplant recipient state; absence of a matched term does not establish absence of disease.",no_explicit_renal_status_exclusion
mover,"Stenosis of prosthetic mitral valve, initial encounter",,include,"No sufficiently explicit recorded ESRD, chronic dialysis dependence, or renal-transplant recipient state; absence of a matched term does not establish absence of disease.",no_explicit_renal_status_exclusion
mover,Stromal tumor of kidney,,include,"No sufficiently explicit recorded ESRD, chronic dialysis dependence, or renal-transplant recipient state; absence of a matched term does not establish absence of disease.",no_explicit_renal_status_exclusion
mover,Symptomatic severe aortic stenosis with normal ejection fraction,,include,"No sufficiently explicit recorded ESRD, chronic dialysis dependence, or renal-transplant recipient state; absence of a matched term does not establish absence of disease.",no_explicit_renal_status_exclusion
mover,"Systolic congestive heart failure, unspecified HF chronicity (CMS-HCC)",,include,"No sufficiently explicit recorded ESRD, chronic dialysis dependence, or renal-transplant recipient state; absence of a matched term does not establish absence of disease.",no_explicit_renal_status_exclusion
mover,"Systolic heart failure, unspecified HF chronicity (CMS-HCC)",,include,"No sufficiently explicit recorded ESRD, chronic dialysis dependence, or renal-transplant recipient state; absence of a matched term does not establish absence of disease.",no_explicit_renal_status_exclusion
mover,Tachycardia with heart rate 121-140 beats per minute,,include,"No sufficiently explicit recorded ESRD, chronic dialysis dependence, or renal-transplant recipient state; absence of a matched term does not establish absence of disease.",no_explicit_renal_status_exclusion
mover,"Thoracic aorta injury, initial encounter",,include,"No sufficiently explicit recorded ESRD, chronic dialysis dependence, or renal-transplant recipient state; absence of a matched term does not establish absence of disease.",no_explicit_renal_status_exclusion
mover,Thoracoabdominal aortic aneurysm (TAAA),,include,"No sufficiently explicit recorded ESRD, chronic dialysis dependence, or renal-transplant recipient state; absence of a matched term does not establish absence of disease.",no_explicit_renal_status_exclusion
mover,Thoracoabdominal aortic aneurysm (TAAA) without rupture,,include,"No sufficiently explicit recorded ESRD, chronic dialysis dependence, or renal-transplant recipient state; absence of a matched term does not establish absence of disease.",no_explicit_renal_status_exclusion
mover,Thoracoabdominal aortic aneurysm (TAAA) without rupture (CMS-HCC),,include,"No sufficiently explicit recorded ESRD, chronic dialysis dependence, or renal-transplant recipient state; absence of a matched term does not establish absence of disease.",no_explicit_renal_status_exclusion
mover,Thoracoabdominal aortic dissection (CMS-HCC),,include,"No sufficiently explicit recorded ESRD, chronic dialysis dependence, or renal-transplant recipient state; absence of a matched term does not establish absence of disease.",no_explicit_renal_status_exclusion
mover,"Thrombosis due to arteriovenous access device for hemodialysis, initial encounter (CMS-HCC)",,include,"Acute dialysis, access presence/complication, preference, negation, or nonspecific dialysis wording does not establish chronic dependence; retain absent another explicit exclusion. Retinal dialysis is unrelated.",dialysis_related_not_chronic_dependence
mover,"Thrombosis of aortic conduit, initial encounter (CMS-HCC)",,include,"No sufficiently explicit recorded ESRD, chronic dialysis dependence, or renal-transplant recipient state; absence of a matched term does not establish absence of disease.",no_explicit_renal_status_exclusion
mover,"Thrombosis of arteriovenous dialysis fistula, initial encounter (CMS-HCC)",,include,"Acute dialysis, access presence/complication, preference, negation, or nonspecific dialysis wording does not establish chronic dependence; retain absent another explicit exclusion. Retinal dialysis is unrelated.",dialysis_related_not_chronic_dependence
mover,"Thrombosis of arteriovenous dialysis fistula, sequela",,include,"Acute dialysis, access presence/complication, preference, negation, or nonspecific dialysis wording does not establish chronic dependence; retain absent another explicit exclusion. Retinal dialysis is unrelated.",dialysis_related_not_chronic_dependence
mover,"Thrombosis of dialysis shunt, initial encounter (CMS-HCC)",,include,"Acute dialysis, access presence/complication, preference, negation, or nonspecific dialysis wording does not establish chronic dependence; retain absent another explicit exclusion. Retinal dialysis is unrelated.",dialysis_related_not_chronic_dependence
mover,"Thrombosis of kidney dialysis arteriovenous graft, initial encounter (CMS-HCC)",,include,"Acute dialysis, access presence/complication, preference, negation, or nonspecific dialysis wording does not establish chronic dependence; retain absent another explicit exclusion. Retinal dialysis is unrelated.",dialysis_related_not_chronic_dependence
mover,Thrombosis of left renal vein (CMS-HCC),,include,"No sufficiently explicit recorded ESRD, chronic dialysis dependence, or renal-transplant recipient state; absence of a matched term does not establish absence of disease.",no_explicit_renal_status_exclusion
mover,Thrombotic microangiopathy of transplanted kidney (CMS-HCC),,exclude,Exact text/code documents renal transplant recipient/status/complication; not donor or candidate-only wording; timing is not assumed preoperative.,explicit_recorded_renal_recipient
mover,"Transitional cell carcinoma of kidney, left (CMS-HCC)",,include,"No sufficiently explicit recorded ESRD, chronic dialysis dependence, or renal-transplant recipient state; absence of a matched term does not establish absence of disease.",no_explicit_renal_status_exclusion
mover,"Transitional cell carcinoma of kidney, unspecified laterality (CMS-HCC)",,include,"No sufficiently explicit recorded ESRD, chronic dialysis dependence, or renal-transplant recipient state; absence of a matched term does not establish absence of disease.",no_explicit_renal_status_exclusion
mover,"Transitional cell carcinoma of renal pelvis, right (CMS-HCC)",,include,"No sufficiently explicit recorded ESRD, chronic dialysis dependence, or renal-transplant recipient state; absence of a matched term does not establish absence of disease.",no_explicit_renal_status_exclusion
mover,"Traumatic adrenal hematoma, initial encounter",,include,"No sufficiently explicit recorded ESRD, chronic dialysis dependence, or renal-transplant recipient state; absence of a matched term does not establish absence of disease.",no_explicit_renal_status_exclusion
mover,"Traumatic aortic disruption, initial encounter",,include,"No sufficiently explicit recorded ESRD, chronic dialysis dependence, or renal-transplant recipient state; absence of a matched term does not establish absence of disease.",no_explicit_renal_status_exclusion
mover,Traumatic cardiac arrest (CMS-HCC),,include,"No sufficiently explicit recorded ESRD, chronic dialysis dependence, or renal-transplant recipient state; absence of a matched term does not establish absence of disease.",no_explicit_renal_status_exclusion
mover,Traumatic hemopericardium,,include,"No sufficiently explicit recorded ESRD, chronic dialysis dependence, or renal-transplant recipient state; absence of a matched term does not establish absence of disease.",no_explicit_renal_status_exclusion
mover,"Traumatic tear of thoracic aorta, initial encounter",,include,"No sufficiently explicit recorded ESRD, chronic dialysis dependence, or renal-transplant recipient state; absence of a matched term does not establish absence of disease.",no_explicit_renal_status_exclusion
mover,"Tricuspid valve insufficiency, unspecified etiology",,include,"No sufficiently explicit recorded ESRD, chronic dialysis dependence, or renal-transplant recipient state; absence of a matched term does not establish absence of disease.",no_explicit_renal_status_exclusion
mover,"Tricuspid valve stenosis, unspecified etiology",,include,"No sufficiently explicit recorded ESRD, chronic dialysis dependence, or renal-transplant recipient state; absence of a matched term does not establish absence of disease.",no_explicit_renal_status_exclusion
mover,Tumor of right kidney with thrombus of IVC (CMS-HCC),,include,"No sufficiently explicit recorded ESRD, chronic dialysis dependence, or renal-transplant recipient state; absence of a matched term does not establish absence of disease.",no_explicit_renal_status_exclusion
mover,Type 1 diabetes mellitus with chronic kidney disease on chronic dialysis (CMS-HCC),,exclude,Exact text explicitly documents dependence or chronic dialysis; no inference from access alone and no presumption of preoperative timing.,explicit_recorded_dialysis_dependence
mover,"Type 1 diabetes mellitus with chronic kidney disease on chronic dialysis, with long-term current use of insulin (CMS-HCC)",,exclude,Exact text explicitly documents dependence or chronic dialysis; no inference from access alone and no presumption of preoperative timing.,explicit_recorded_dialysis_dependence
mover,Type 1 diabetes mellitus with kidney complication (CMS-HCC),,include,"No sufficiently explicit recorded ESRD, chronic dialysis dependence, or renal-transplant recipient state; absence of a matched term does not establish absence of disease.",no_explicit_renal_status_exclusion
mover,"Type 1 diabetes mellitus with renal manifestations, uncontrolled (CMS-HCC)",,include,"No sufficiently explicit recorded ESRD, chronic dialysis dependence, or renal-transplant recipient state; absence of a matched term does not establish absence of disease.",no_explicit_renal_status_exclusion
mover,Type 2 DM with CKD stage 2 and hypertension (CMS-HCC),,include,"No sufficiently explicit recorded ESRD, chronic dialysis dependence, or renal-transplant recipient state; absence of a matched term does not establish absence of disease.",no_explicit_renal_status_exclusion
mover,Type 2 DM with hypertension and ESRD on dialysis (CMS-HCC),,exclude,Exact text or unambiguous ESRD code documents ESRD in the permitted same-case record; time of documentation is not established as preoperative.,explicit_recorded_esrd
mover,Type 2 diabetes mellitus with chronic kidney disease on chronic dialysis (CMS-HCC),,exclude,Exact text explicitly documents dependence or chronic dialysis; no inference from access alone and no presumption of preoperative timing.,explicit_recorded_dialysis_dependence
mover,"Type 2 diabetes mellitus with chronic kidney disease on chronic dialysis, with long-term current use of insulin (CMS-HCC)",,exclude,Exact text explicitly documents dependence or chronic dialysis; no inference from access alone and no presumption of preoperative timing.,explicit_recorded_dialysis_dependence
mover,"Type 2 diabetes mellitus with chronic kidney disease on chronic dialysis, without long-term current use of insulin (CMS-HCC)",,exclude,Exact text explicitly documents dependence or chronic dialysis; no inference from access alone and no presumption of preoperative timing.,explicit_recorded_dialysis_dependence
mover,"Type 2 diabetes mellitus with chronic kidney disease, with long-term current use of insulin, unspecified CKD stage (CMS-HCC)",,include,"No sufficiently explicit recorded ESRD, chronic dialysis dependence, or renal-transplant recipient state; absence of a matched term does not establish absence of disease.",no_explicit_renal_status_exclusion
mover,"Type 2 diabetes mellitus with chronic kidney disease, without long-term current use of insulin, unspecified CKD stage (CMS-HCC)",,include,"No sufficiently explicit recorded ESRD, chronic dialysis dependence, or renal-transplant recipient state; absence of a matched term does not establish absence of disease.",no_explicit_renal_status_exclusion
mover,"Type 2 diabetes mellitus with kidney complication, with long-term current use of insulin (CMS-HCC)",,include,"No sufficiently explicit recorded ESRD, chronic dialysis dependence, or renal-transplant recipient state; absence of a matched term does not establish absence of disease.",no_explicit_renal_status_exclusion
mover,"Type 2 diabetes mellitus with kidney complication, without long-term current use of insulin (CMS-HCC)",,include,"No sufficiently explicit recorded ESRD, chronic dialysis dependence, or renal-transplant recipient state; absence of a matched term does not establish absence of disease.",no_explicit_renal_status_exclusion
mover,Type 2 diabetes mellitus with other diabetic kidney complication (CMS-HCC),,include,"No sufficiently explicit recorded ESRD, chronic dialysis dependence, or renal-transplant recipient state; absence of a matched term does not establish absence of disease.",no_explicit_renal_status_exclusion
mover,"Type 2 diabetes mellitus with other diabetic kidney complication, with long-term current use of insulin (CMS-HCC)",,include,"No sufficiently explicit recorded ESRD, chronic dialysis dependence, or renal-transplant recipient state; absence of a matched term does not establish absence of disease.",no_explicit_renal_status_exclusion
mover,"Type 2 diabetes mellitus with other diabetic kidney complication, without long-term current use of insulin (CMS-HCC)",,include,"No sufficiently explicit recorded ESRD, chronic dialysis dependence, or renal-transplant recipient state; absence of a matched term does not establish absence of disease.",no_explicit_renal_status_exclusion
mover,Type 2 diabetes mellitus with renal complication (CMS-HCC),,include,"No sufficiently explicit recorded ESRD, chronic dialysis dependence, or renal-transplant recipient state; absence of a matched term does not establish absence of disease.",no_explicit_renal_status_exclusion
mover,Type 2 diabetes mellitus with stage 3 chronic kidney disease and hypertension (CMS-HCC),,include,"No sufficiently explicit recorded ESRD, chronic dialysis dependence, or renal-transplant recipient state; absence of a matched term does not establish absence of disease.",no_explicit_renal_status_exclusion
mover,"Type 2 diabetes mellitus with stage 3 chronic kidney disease, with long-term current use of insulin (CMS-HCC)",,include,"No sufficiently explicit recorded ESRD, chronic dialysis dependence, or renal-transplant recipient state; absence of a matched term does not establish absence of disease.",no_explicit_renal_status_exclusion
mover,"Type 2 diabetes mellitus with stage 3 chronic kidney disease, without long-term current use of insulin (CMS-HCC)",,include,"No sufficiently explicit recorded ESRD, chronic dialysis dependence, or renal-transplant recipient state; absence of a matched term does not establish absence of disease.",no_explicit_renal_status_exclusion
mover,"Type 2 diabetes mellitus with stage 3b chronic kidney disease, without long-term current use of insulin (CMS-HCC)",,include,"No sufficiently explicit recorded ESRD, chronic dialysis dependence, or renal-transplant recipient state; absence of a matched term does not establish absence of disease.",no_explicit_renal_status_exclusion
mover,"Type 2 diabetes mellitus with stage 4 chronic kidney disease, with long-term current use of insulin (CMS-HCC)",,include,"No sufficiently explicit recorded ESRD, chronic dialysis dependence, or renal-transplant recipient state; absence of a matched term does not establish absence of disease.",no_explicit_renal_status_exclusion
mover,"Type 2 diabetes mellitus with stage 4 chronic kidney disease, without long-term current use of insulin (CMS-HCC)",,include,"No sufficiently explicit recorded ESRD, chronic dialysis dependence, or renal-transplant recipient state; absence of a matched term does not establish absence of disease.",no_explicit_renal_status_exclusion
mover,"Type 2 diabetes mellitus with stage 5 chronic kidney disease not on chronic dialysis, unspecified whether long term insulin use (CMS-HCC)",,include,"Acute dialysis, access presence/complication, preference, negation, or nonspecific dialysis wording does not establish chronic dependence; retain absent another explicit exclusion. Retinal dialysis is unrelated.",dialysis_related_not_chronic_dependence
mover,"Type 2 diabetes mellitus with stage 5 chronic kidney disease not on chronic dialysis, with long-term current use of insulin (CMS-HCC)",,include,"Acute dialysis, access presence/complication, preference, negation, or nonspecific dialysis wording does not establish chronic dependence; retain absent another explicit exclusion. Retinal dialysis is unrelated.",dialysis_related_not_chronic_dependence
mover,"Type 2 diabetes mellitus with stage 5 chronic kidney disease not on chronic dialysis, without long-term current use of insulin (CMS-HCC)",,include,"Acute dialysis, access presence/complication, preference, negation, or nonspecific dialysis wording does not establish chronic dependence; retain absent another explicit exclusion. Retinal dialysis is unrelated.",dialysis_related_not_chronic_dependence
mover,Type II endoleak of aortic graft,,include,"No sufficiently explicit recorded ESRD, chronic dialysis dependence, or renal-transplant recipient state; absence of a matched term does not establish absence of disease.",no_explicit_renal_status_exclusion
mover,Uncontrolled type 1 diabetes mellitus with chronic kidney disease on chronic dialysis (CMS-HCC),,exclude,Exact text explicitly documents dependence or chronic dialysis; no inference from access alone and no presumption of preoperative timing.,explicit_recorded_dialysis_dependence
mover,"Uncontrolled type 2 diabetes mellitus with chronic kidney disease on chronic dialysis, with long-term current use of insulin (CMS-HCC)",,exclude,Exact text explicitly documents dependence or chronic dialysis; no inference from access alone and no presumption of preoperative timing.,explicit_recorded_dialysis_dependence
mover,Unstable angina pectoris due to coronary arteriosclerosis (CMS-HCC),,include,"No sufficiently explicit recorded ESRD, chronic dialysis dependence, or renal-transplant recipient state; absence of a matched term does not establish absence of disease.",no_explicit_renal_status_exclusion
mover,Urine leak from transplanted ureter,,exclude,Exact text/code documents renal transplant recipient/status/complication; not donor or candidate-only wording; timing is not assumed preoperative.,explicit_recorded_renal_recipient
mover,"Urothelial carcinoma of kidney, left (CMS-HCC)",,include,"No sufficiently explicit recorded ESRD, chronic dialysis dependence, or renal-transplant recipient state; absence of a matched term does not establish absence of disease.",no_explicit_renal_status_exclusion
mover,"Urothelial carcinoma of kidney, right (CMS-HCC)",,include,"No sufficiently explicit recorded ESRD, chronic dialysis dependence, or renal-transplant recipient state; absence of a matched term does not establish absence of disease.",no_explicit_renal_status_exclusion
mover,"Vascular graft for hemodialysis in place, primary",,include,"Acute dialysis, access presence/complication, preference, negation, or nonspecific dialysis wording does not establish chronic dependence; retain absent another explicit exclusion. Retinal dialysis is unrelated.",dialysis_related_not_chronic_dependence
mover,Volume overload state of heart,,include,"No sufficiently explicit recorded ESRD, chronic dialysis dependence, or renal-transplant recipient state; absence of a matched term does not establish absence of disease.",no_explicit_renal_status_exclusion
mover,Cancer of kidney (CMS-HCC),189.0,include,"No sufficiently explicit recorded ESRD, chronic dialysis dependence, or renal-transplant recipient state; absence of a matched term does not establish absence of disease.",no_explicit_renal_status_exclusion
mover,"Kidney cancer, primary, with metastasis from kidney to other site (CMS-HCC)",189.0,include,"No sufficiently explicit recorded ESRD, chronic dialysis dependence, or renal-transplant recipient state; absence of a matched term does not establish absence of disease.",no_explicit_renal_status_exclusion
mover,"Malignant neoplasm of right kidney, except renal pelvis (CMS-HCC)",189.0,include,"No sufficiently explicit recorded ESRD, chronic dialysis dependence, or renal-transplant recipient state; absence of a matched term does not establish absence of disease.",no_explicit_renal_status_exclusion
mover,Malignant tumor of kidney (CMS-HCC),189.0,include,"No sufficiently explicit recorded ESRD, chronic dialysis dependence, or renal-transplant recipient state; absence of a matched term does not establish absence of disease.",no_explicit_renal_status_exclusion
mover,Metastatic renal cell carcinoma (CMS-HCC),189.0,include,"No sufficiently explicit recorded ESRD, chronic dialysis dependence, or renal-transplant recipient state; absence of a matched term does not establish absence of disease.",no_explicit_renal_status_exclusion
mover,Renal cancer (CMS-HCC),189.0,include,"No sufficiently explicit recorded ESRD, chronic dialysis dependence, or renal-transplant recipient state; absence of a matched term does not establish absence of disease.",no_explicit_renal_status_exclusion
mover,Renal cell adenocarcinoma (CMS-HCC),189.0,include,"No sufficiently explicit recorded ESRD, chronic dialysis dependence, or renal-transplant recipient state; absence of a matched term does not establish absence of disease.",no_explicit_renal_status_exclusion
mover,Renal cell cancer (CMS-HCC),189.0,include,"No sufficiently explicit recorded ESRD, chronic dialysis dependence, or renal-transplant recipient state; absence of a matched term does not establish absence of disease.",no_explicit_renal_status_exclusion
mover,Renal cell carcinoma (CMS-HCC),189.0,include,"No sufficiently explicit recorded ESRD, chronic dialysis dependence, or renal-transplant recipient state; absence of a matched term does not establish absence of disease.",no_explicit_renal_status_exclusion
mover,Malignant neoplasm of left renal pelvis (CMS-HCC),189.1,include,"No sufficiently explicit recorded ESRD, chronic dialysis dependence, or renal-transplant recipient state; absence of a matched term does not establish absence of disease.",no_explicit_renal_status_exclusion
mover,Malignant neoplasm of right renal pelvis (CMS-HCC),189.1,include,"No sufficiently explicit recorded ESRD, chronic dialysis dependence, or renal-transplant recipient state; absence of a matched term does not establish absence of disease.",no_explicit_renal_status_exclusion
mover,Adrenal cancer (CMS-HCC),194.0,include,"No sufficiently explicit recorded ESRD, chronic dialysis dependence, or renal-transplant recipient state; absence of a matched term does not establish absence of disease.",no_explicit_renal_status_exclusion
mover,Metastatic renal cell carcinoma to brain (CMS-HCC),198.3,include,"No sufficiently explicit recorded ESRD, chronic dialysis dependence, or renal-transplant recipient state; absence of a matched term does not establish absence of disease.",no_explicit_renal_status_exclusion
mover,Metastatic renal cell carcinoma to bone (CMS-HCC),198.5,include,"No sufficiently explicit recorded ESRD, chronic dialysis dependence, or renal-transplant recipient state; absence of a matched term does not establish absence of disease.",no_explicit_renal_status_exclusion
mover,Malignant pericardial effusion (CMS-HCC),199.1,include,"No sufficiently explicit recorded ESRD, chronic dialysis dependence, or renal-transplant recipient state; absence of a matched term does not establish absence of disease.",no_explicit_renal_status_exclusion
mover,Renal angiomyolipoma,223.0,include,"No sufficiently explicit recorded ESRD, chronic dialysis dependence, or renal-transplant recipient state; absence of a matched term does not establish absence of disease.",no_explicit_renal_status_exclusion
mover,Benign neoplasm of right renal pelvis,223.1,include,"No sufficiently explicit recorded ESRD, chronic dialysis dependence, or renal-transplant recipient state; absence of a matched term does not establish absence of disease.",no_explicit_renal_status_exclusion
mover,Adenoma of left adrenal gland,227.0,include,"No sufficiently explicit recorded ESRD, chronic dialysis dependence, or renal-transplant recipient state; absence of a matched term does not establish absence of disease.",no_explicit_renal_status_exclusion
mover,Adrenal adenoma,227.0,include,"No sufficiently explicit recorded ESRD, chronic dialysis dependence, or renal-transplant recipient state; absence of a matched term does not establish absence of disease.",no_explicit_renal_status_exclusion
mover,Neoplasm of uncertain behavior of left renal pelvis,236.91,include,"No sufficiently explicit recorded ESRD, chronic dialysis dependence, or renal-transplant recipient state; absence of a matched term does not establish absence of disease.",no_explicit_renal_status_exclusion
mover,Kidney tumor,239.5,include,"No sufficiently explicit recorded ESRD, chronic dialysis dependence, or renal-transplant recipient state; absence of a matched term does not establish absence of disease.",no_explicit_renal_status_exclusion
mover,Neoplasm of renal pelvis,239.5,include,"No sufficiently explicit recorded ESRD, chronic dialysis dependence, or renal-transplant recipient state; absence of a matched term does not establish absence of disease.",no_explicit_renal_status_exclusion
mover,Adrenal tumor,239.7,include,"No sufficiently explicit recorded ESRD, chronic dialysis dependence, or renal-transplant recipient state; absence of a matched term does not establish absence of disease.",no_explicit_renal_status_exclusion
mover,Cardiac tumor,239.89,include,"No sufficiently explicit recorded ESRD, chronic dialysis dependence, or renal-transplant recipient state; absence of a matched term does not establish absence of disease.",no_explicit_renal_status_exclusion
mover,DM (diabetes mellitus) type II controlled with renal manifestation (CMS-HCC),250.40,include,"No sufficiently explicit recorded ESRD, chronic dialysis dependence, or renal-transplant recipient state; absence of a matched term does not establish absence of disease.",no_explicit_renal_status_exclusion
mover,DM type 2 causing ESRD (CMS-HCC),250.40,exclude,Exact text or unambiguous ESRD code documents ESRD in the permitted same-case record; time of documentation is not established as preoperative.,explicit_recorded_esrd
mover,Diabetes mellitus with end-stage renal disease (CMS-HCC),250.40,exclude,Exact text or unambiguous ESRD code documents ESRD in the permitted same-case record; time of documentation is not established as preoperative.,explicit_recorded_esrd
mover,Type 2 diabetes mellitus with ESRD (end-stage renal disease) (CMS-HCC),250.40,exclude,Exact text or unambiguous ESRD code documents ESRD in the permitted same-case record; time of documentation is not established as preoperative.,explicit_recorded_esrd
mover,Type 2 diabetes mellitus with diabetic chronic kidney disease (CMS-HCC),250.40,include,"No sufficiently explicit recorded ESRD, chronic dialysis dependence, or renal-transplant recipient state; absence of a matched term does not establish absence of disease.",no_explicit_renal_status_exclusion
mover,Type 2 diabetes mellitus with end-stage renal disease (CMS-HCC),250.40,exclude,Exact text or unambiguous ESRD code documents ESRD in the permitted same-case record; time of documentation is not established as preoperative.,explicit_recorded_esrd
mover,Type 2 diabetes mellitus with renal manifestations (CMS-HCC),250.40,include,"No sufficiently explicit recorded ESRD, chronic dialysis dependence, or renal-transplant recipient state; absence of a matched term does not establish absence of disease.",no_explicit_renal_status_exclusion
mover,Type 2 diabetes mellitus with stage 4 chronic kidney disease (CMS-HCC),250.40,include,"No sufficiently explicit recorded ESRD, chronic dialysis dependence, or renal-transplant recipient state; absence of a matched term does not establish absence of disease.",no_explicit_renal_status_exclusion
mover,Type 1 diabetes mellitus with diabetic chronic kidney disease (CMS-HCC),250.41,include,"No sufficiently explicit recorded ESRD, chronic dialysis dependence, or renal-transplant recipient state; absence of a matched term does not establish absence of disease.",no_explicit_renal_status_exclusion
mover,Type 1 diabetes mellitus with end-stage renal disease (ESRD) (CMS-HCC),250.41,exclude,Exact text or unambiguous ESRD code documents ESRD in the permitted same-case record; time of documentation is not established as preoperative.,explicit_recorded_esrd
mover,Type 1 diabetes mellitus with stage 3 chronic kidney disease (CMS-HCC),250.41,include,"No sufficiently explicit recorded ESRD, chronic dialysis dependence, or renal-transplant recipient state; absence of a matched term does not establish absence of disease.",no_explicit_renal_status_exclusion
mover,Type I diabetes mellitus with end-stage renal disease (CMS-HCC),250.41,exclude,Exact text or unambiguous ESRD code documents ESRD in the permitted same-case record; time of documentation is not established as preoperative.,explicit_recorded_esrd
mover,"Type 2 diabetes mellitus, uncontrolled, with renal complications (CMS-HCC)",250.42,include,"No sufficiently explicit recorded ESRD, chronic dialysis dependence, or renal-transplant recipient state; absence of a matched term does not establish absence of disease.",no_explicit_renal_status_exclusion
mover,"Type 2 diabetes, uncontrolled, with renal manifestation (CMS-HCC)",250.42,include,"No sufficiently explicit recorded ESRD, chronic dialysis dependence, or renal-transplant recipient state; absence of a matched term does not establish absence of disease.",no_explicit_renal_status_exclusion
mover,Uncontrolled type 2 diabetes with renal manifestation,250.42,include,"No sufficiently explicit recorded ESRD, chronic dialysis dependence, or renal-transplant recipient state; absence of a matched term does not establish absence of disease.",no_explicit_renal_status_exclusion
mover,DM (diabetes mellitus) type I uncontrolled with renal manifestation (CMS-HCC),250.43,include,"No sufficiently explicit recorded ESRD, chronic dialysis dependence, or renal-transplant recipient state; absence of a matched term does not establish absence of disease.",no_explicit_renal_status_exclusion
mover,Cushing syndrome due to adrenal disease (CMS-HCC),255.0,include,"No sufficiently explicit recorded ESRD, chronic dialysis dependence, or renal-transplant recipient state; absence of a matched term does not establish absence of disease.",no_explicit_renal_status_exclusion
mover,Acute adrenal insufficiency (CMS-HCC),255.41,include,"No sufficiently explicit recorded ESRD, chronic dialysis dependence, or renal-transplant recipient state; absence of a matched term does not establish absence of disease.",no_explicit_renal_status_exclusion
mover,Adrenal hemorrhage (CMS-HCC),255.41,include,"No sufficiently explicit recorded ESRD, chronic dialysis dependence, or renal-transplant recipient state; absence of a matched term does not establish absence of disease.",no_explicit_renal_status_exclusion
mover,Adrenal insufficiency (Addison's disease) (CMS-HCC),255.41,include,"No sufficiently explicit recorded ESRD, chronic dialysis dependence, or renal-transplant recipient state; absence of a matched term does not establish absence of disease.",no_explicit_renal_status_exclusion
mover,Adrenal insufficiency (CMS-HCC),255.41,include,"No sufficiently explicit recorded ESRD, chronic dialysis dependence, or renal-transplant recipient state; absence of a matched term does not establish absence of disease.",no_explicit_renal_status_exclusion
mover,"Adrenal insufficiency, primary, infectious (CMS-HCC)",255.41,include,"No sufficiently explicit recorded ESRD, chronic dialysis dependence, or renal-transplant recipient state; absence of a matched term does not establish absence of disease.",no_explicit_renal_status_exclusion
mover,Iatrogenic adrenal insufficiency (CMS-HCC),255.41,include,"No sufficiently explicit recorded ESRD, chronic dialysis dependence, or renal-transplant recipient state; absence of a matched term does not establish absence of disease.",no_explicit_renal_status_exclusion
mover,Secondary adrenal insufficiency (CMS-HCC),255.41,include,"No sufficiently explicit recorded ESRD, chronic dialysis dependence, or renal-transplant recipient state; absence of a matched term does not establish absence of disease.",no_explicit_renal_status_exclusion
mover,Adrenal nodule (CMS-HCC),255.8,include,"No sufficiently explicit recorded ESRD, chronic dialysis dependence, or renal-transplant recipient state; absence of a matched term does not establish absence of disease.",no_explicit_renal_status_exclusion
mover,Adrenal mass (CMS-HCC),255.9,include,"No sufficiently explicit recorded ESRD, chronic dialysis dependence, or renal-transplant recipient state; absence of a matched term does not establish absence of disease.",no_explicit_renal_status_exclusion
mover,"Adrenal mass, left (CMS-HCC)",255.9,include,"No sufficiently explicit recorded ESRD, chronic dialysis dependence, or renal-transplant recipient state; absence of a matched term does not establish absence of disease.",no_explicit_renal_status_exclusion
mover,"Adrenal mass, right (CMS-HCC)",255.9,include,"No sufficiently explicit recorded ESRD, chronic dialysis dependence, or renal-transplant recipient state; absence of a matched term does not establish absence of disease.",no_explicit_renal_status_exclusion
mover,Left adrenal mass (CMS-HCC),255.9,include,"No sufficiently explicit recorded ESRD, chronic dialysis dependence, or renal-transplant recipient state; absence of a matched term does not establish absence of disease.",no_explicit_renal_status_exclusion
mover,Mass of right adrenal gland (CMS-HCC),255.9,include,"No sufficiently explicit recorded ESRD, chronic dialysis dependence, or renal-transplant recipient state; absence of a matched term does not establish absence of disease.",no_explicit_renal_status_exclusion
mover,Right adrenal mass (CMS-HCC),255.9,include,"No sufficiently explicit recorded ESRD, chronic dialysis dependence, or renal-transplant recipient state; absence of a matched term does not establish absence of disease.",no_explicit_renal_status_exclusion
mover,"Hyperkalemia, diminished renal excretion",276.7,include,"No sufficiently explicit recorded ESRD, chronic dialysis dependence, or renal-transplant recipient state; absence of a matched term does not establish absence of disease.",no_explicit_renal_status_exclusion
mover,Cardiac amyloidosis (CMS-HCC),277.39,include,"No sufficiently explicit recorded ESRD, chronic dialysis dependence, or renal-transplant recipient state; absence of a matched term does not establish absence of disease.",no_explicit_renal_status_exclusion
mover,Renal amyloidosis (CMS-HCC),277.39,include,"No sufficiently explicit recorded ESRD, chronic dialysis dependence, or renal-transplant recipient state; absence of a matched term does not establish absence of disease.",no_explicit_renal_status_exclusion
mover,Anemia in CKD (chronic kidney disease),285.21,include,"No sufficiently explicit recorded ESRD, chronic dialysis dependence, or renal-transplant recipient state; absence of a matched term does not establish absence of disease.",no_explicit_renal_status_exclusion
mover,Anemia in ESRD (end-stage renal disease) (CMS-HCC),285.21,exclude,Exact text or unambiguous ESRD code documents ESRD in the permitted same-case record; time of documentation is not established as preoperative.,explicit_recorded_esrd
mover,Anemia in chronic kidney disease (CKD),285.21,include,"No sufficiently explicit recorded ESRD, chronic dialysis dependence, or renal-transplant recipient state; absence of a matched term does not establish absence of disease.",no_explicit_renal_status_exclusion
mover,Anemia of chronic kidney failure,285.21,include,"No sufficiently explicit recorded ESRD, chronic dialysis dependence, or renal-transplant recipient state; absence of a matched term does not establish absence of disease.",no_explicit_renal_status_exclusion
mover,Anemia of chronic renal failure,285.21,include,"No sufficiently explicit recorded ESRD, chronic dialysis dependence, or renal-transplant recipient state; absence of a matched term does not establish absence of disease.",no_explicit_renal_status_exclusion
mover,Anemia of renal disease,285.21,include,"No sufficiently explicit recorded ESRD, chronic dialysis dependence, or renal-transplant recipient state; absence of a matched term does not establish absence of disease.",no_explicit_renal_status_exclusion
mover,Anemia secondary to renal failure,285.21,include,"No sufficiently explicit recorded ESRD, chronic dialysis dependence, or renal-transplant recipient state; absence of a matched term does not establish absence of disease.",no_explicit_renal_status_exclusion
mover,Dialysis (juvenile) of retina (with detachment),361.04,include,"Acute dialysis, access presence/complication, preference, negation, or nonspecific dialysis wording does not establish chronic dependence; retain absent another explicit exclusion. Retinal dialysis is unrelated.",dialysis_related_not_chronic_dependence
mover,Retinal detachment of left eye with retinal dialysis,361.04,include,"Acute dialysis, access presence/complication, preference, negation, or nonspecific dialysis wording does not establish chronic dependence; retain absent another explicit exclusion. Retinal dialysis is unrelated.",dialysis_related_not_chronic_dependence
mover,Retinal detachment of right eye with retinal dialysis,361.04,include,"Acute dialysis, access presence/complication, preference, negation, or nonspecific dialysis wording does not establish chronic dependence; retain absent another explicit exclusion. Retinal dialysis is unrelated.",dialysis_related_not_chronic_dependence
mover,Iridodialysis of left eye,364.76,include,"Acute dialysis, access presence/complication, preference, negation, or nonspecific dialysis wording does not establish chronic dependence; retain absent another explicit exclusion. Retinal dialysis is unrelated.",dialysis_related_not_chronic_dependence
mover,Mitral valve stenosis,394.0,include,"No sufficiently explicit recorded ESRD, chronic dialysis dependence, or renal-transplant recipient state; absence of a matched term does not establish absence of disease.",no_explicit_renal_status_exclusion
mover,"Mitral valve stenosis, moderate",394.0,include,"No sufficiently explicit recorded ESRD, chronic dialysis dependence, or renal-transplant recipient state; absence of a matched term does not establish absence of disease.",no_explicit_renal_status_exclusion
mover,Severe mitral valve stenosis,394.0,include,"No sufficiently explicit recorded ESRD, chronic dialysis dependence, or renal-transplant recipient state; absence of a matched term does not establish absence of disease.",no_explicit_renal_status_exclusion
mover,Mitral valve disease,394.9,include,"No sufficiently explicit recorded ESRD, chronic dialysis dependence, or renal-transplant recipient state; absence of a matched term does not establish absence of disease.",no_explicit_renal_status_exclusion
mover,Rheumatic disease of mitral valve,394.9,include,"No sufficiently explicit recorded ESRD, chronic dialysis dependence, or renal-transplant recipient state; absence of a matched term does not establish absence of disease.",no_explicit_renal_status_exclusion
mover,Rheumatic aortic stenosis,395.0,include,"No sufficiently explicit recorded ESRD, chronic dialysis dependence, or renal-transplant recipient state; absence of a matched term does not establish absence of disease.",no_explicit_renal_status_exclusion
mover,Mitral valve stenosis and aortic valve stenosis,396.0,include,"No sufficiently explicit recorded ESRD, chronic dialysis dependence, or renal-transplant recipient state; absence of a matched term does not establish absence of disease.",no_explicit_renal_status_exclusion
mover,Mitral regurgitation and aortic stenosis,396.2,include,"No sufficiently explicit recorded ESRD, chronic dialysis dependence, or renal-transplant recipient state; absence of a matched term does not establish absence of disease.",no_explicit_renal_status_exclusion
mover,Mitral valve insufficiency and aortic valve insufficiency,396.3,include,"No sufficiently explicit recorded ESRD, chronic dialysis dependence, or renal-transplant recipient state; absence of a matched term does not establish absence of disease.",no_explicit_renal_status_exclusion
mover,Rheumatic tricuspid valve regurgitation,397.0,include,"No sufficiently explicit recorded ESRD, chronic dialysis dependence, or renal-transplant recipient state; absence of a matched term does not establish absence of disease.",no_explicit_renal_status_exclusion
mover,Severe tricuspid valve regurgitation,397.0,include,"No sufficiently explicit recorded ESRD, chronic dialysis dependence, or renal-transplant recipient state; absence of a matched term does not establish absence of disease.",no_explicit_renal_status_exclusion
mover,Tricuspid valve disease,397.0,include,"No sufficiently explicit recorded ESRD, chronic dialysis dependence, or renal-transplant recipient state; absence of a matched term does not establish absence of disease.",no_explicit_renal_status_exclusion
mover,Tricuspid valve incompetence,397.0,include,"No sufficiently explicit recorded ESRD, chronic dialysis dependence, or renal-transplant recipient state; absence of a matched term does not establish absence of disease.",no_explicit_renal_status_exclusion
mover,Tricuspid valve insufficiency,397.0,include,"No sufficiently explicit recorded ESRD, chronic dialysis dependence, or renal-transplant recipient state; absence of a matched term does not establish absence of disease.",no_explicit_renal_status_exclusion
mover,Tricuspid valve regurgitation,397.0,include,"No sufficiently explicit recorded ESRD, chronic dialysis dependence, or renal-transplant recipient state; absence of a matched term does not establish absence of disease.",no_explicit_renal_status_exclusion
mover,Rheumatic heart disease,398.90,include,"No sufficiently explicit recorded ESRD, chronic dialysis dependence, or renal-transplant recipient state; absence of a matched term does not establish absence of disease.",no_explicit_renal_status_exclusion
mover,Hypertensive emergency without congestive heart failure,401.9,include,"No sufficiently explicit recorded ESRD, chronic dialysis dependence, or renal-transplant recipient state; absence of a matched term does not establish absence of disease.",no_explicit_renal_status_exclusion
mover,Benign hypertensive heart disease without heart failure,402.10,include,"No sufficiently explicit recorded ESRD, chronic dialysis dependence, or renal-transplant recipient state; absence of a matched term does not establish absence of disease.",no_explicit_renal_status_exclusion
mover,Hypertensive heart disease without heart failure,402.90,include,"No sufficiently explicit recorded ESRD, chronic dialysis dependence, or renal-transplant recipient state; absence of a matched term does not establish absence of disease.",no_explicit_renal_status_exclusion
mover,Hypertensive heart disease with heart failure (CMS-HCC),402.91,include,"No sufficiently explicit recorded ESRD, chronic dialysis dependence, or renal-transplant recipient state; absence of a matched term does not establish absence of disease.",no_explicit_renal_status_exclusion
mover,"Benign hypertension with CKD (chronic kidney disease), stage II",403.10,include,"No sufficiently explicit recorded ESRD, chronic dialysis dependence, or renal-transplant recipient state; absence of a matched term does not establish absence of disease.",no_explicit_renal_status_exclusion
mover,Benign hypertensive kidney disease with chronic kidney disease stage V or end stage renal disease (CMS-HCC),403.11,include,Composite description/code permits CKD stage 5 OR ESRD; cannot classify as definite ESRD.,ckd5_or_esrd_ambiguous
mover,"Hypertension, renal",403.90,include,"No sufficiently explicit recorded ESRD, chronic dialysis dependence, or renal-transplant recipient state; absence of a matched term does not establish absence of disease.",no_explicit_renal_status_exclusion
mover,Hypertensive renal disease with renal failure,403.90,include,"No sufficiently explicit recorded ESRD, chronic dialysis dependence, or renal-transplant recipient state; absence of a matched term does not establish absence of disease.",no_explicit_renal_status_exclusion
mover,"Hypertensive CKD, ESRD on dialysis (CMS-HCC)",403.91,exclude,Exact text or unambiguous ESRD code documents ESRD in the permitted same-case record; time of documentation is not established as preoperative.,explicit_recorded_esrd
mover,Cardiorenal syndrome,404.90,include,"No sufficiently explicit recorded ESRD, chronic dialysis dependence, or renal-transplant recipient state; absence of a matched term does not establish absence of disease.",no_explicit_renal_status_exclusion
mover,Hypertensive heart and chronic kidney disease,404.90,include,"No sufficiently explicit recorded ESRD, chronic dialysis dependence, or renal-transplant recipient state; absence of a matched term does not establish absence of disease.",no_explicit_renal_status_exclusion
mover,Secondary hypertension due to renal disease,405.99,include,"No sufficiently explicit recorded ESRD, chronic dialysis dependence, or renal-transplant recipient state; absence of a matched term does not establish absence of disease.",no_explicit_renal_status_exclusion
mover,ST elevation myocardial infarction involving left main coronary artery (CMS-HCC),410.11,include,"No sufficiently explicit recorded ESRD, chronic dialysis dependence, or renal-transplant recipient state; absence of a matched term does not establish absence of disease.",no_explicit_renal_status_exclusion
mover,ST elevation myocardial infarction involving right coronary artery (CMS-HCC),410.31,include,"No sufficiently explicit recorded ESRD, chronic dialysis dependence, or renal-transplant recipient state; absence of a matched term does not establish absence of disease.",no_explicit_renal_status_exclusion
mover,ST elevation myocardial infarction involving left circumflex coronary artery (CMS-HCC),410.81,include,"No sufficiently explicit recorded ESRD, chronic dialysis dependence, or renal-transplant recipient state; absence of a matched term does not establish absence of disease.",no_explicit_renal_status_exclusion
mover,"Coronary artery disease, occlusive",410.90,include,"No sufficiently explicit recorded ESRD, chronic dialysis dependence, or renal-transplant recipient state; absence of a matched term does not establish absence of disease.",no_explicit_renal_status_exclusion
mover,Coronary occlusion (CMS-HCC),410.90,include,"No sufficiently explicit recorded ESRD, chronic dialysis dependence, or renal-transplant recipient state; absence of a matched term does not establish absence of disease.",no_explicit_renal_status_exclusion
mover,Heart attack (CMS-HCC),410.90,include,"No sufficiently explicit recorded ESRD, chronic dialysis dependence, or renal-transplant recipient state; absence of a matched term does not establish absence of disease.",no_explicit_renal_status_exclusion
mover,ACS (acute coronary syndrome) (CMS-HCC),411.1,include,"No sufficiently explicit recorded ESRD, chronic dialysis dependence, or renal-transplant recipient state; absence of a matched term does not establish absence of disease.",no_explicit_renal_status_exclusion
mover,Acute coronary syndrome (CMS-HCC),411.1,include,"No sufficiently explicit recorded ESRD, chronic dialysis dependence, or renal-transplant recipient state; absence of a matched term does not establish absence of disease.",no_explicit_renal_status_exclusion
mover,Cardiac microvascular disease,413.9,include,"No sufficiently explicit recorded ESRD, chronic dialysis dependence, or renal-transplant recipient state; absence of a matched term does not establish absence of disease.",no_explicit_renal_status_exclusion
mover,Coronary artery spasm (CMS-HCC),413.9,include,"No sufficiently explicit recorded ESRD, chronic dialysis dependence, or renal-transplant recipient state; absence of a matched term does not establish absence of disease.",no_explicit_renal_status_exclusion
mover,3-vessel coronary artery disease,414.00,include,"No sufficiently explicit recorded ESRD, chronic dialysis dependence, or renal-transplant recipient state; absence of a matched term does not establish absence of disease.",no_explicit_renal_status_exclusion
mover,Arteriosclerosis of coronary artery,414.00,include,"No sufficiently explicit recorded ESRD, chronic dialysis dependence, or renal-transplant recipient state; absence of a matched term does not establish absence of disease.",no_explicit_renal_status_exclusion
mover,Atherosclerosis of coronary artery,414.00,include,"No sufficiently explicit recorded ESRD, chronic dialysis dependence, or renal-transplant recipient state; absence of a matched term does not establish absence of disease.",no_explicit_renal_status_exclusion
mover,CAD (coronary artery disease),414.00,include,"No sufficiently explicit recorded ESRD, chronic dialysis dependence, or renal-transplant recipient state; absence of a matched term does not establish absence of disease.",no_explicit_renal_status_exclusion
mover,CAD (coronary atherosclerotic disease),414.00,include,"No sufficiently explicit recorded ESRD, chronic dialysis dependence, or renal-transplant recipient state; absence of a matched term does not establish absence of disease.",no_explicit_renal_status_exclusion
mover,Chronic coronary artery disease,414.00,include,"No sufficiently explicit recorded ESRD, chronic dialysis dependence, or renal-transplant recipient state; absence of a matched term does not establish absence of disease.",no_explicit_renal_status_exclusion
mover,"Complete occlusion of coronary artery, chronic",414.00,include,"No sufficiently explicit recorded ESRD, chronic dialysis dependence, or renal-transplant recipient state; absence of a matched term does not establish absence of disease.",no_explicit_renal_status_exclusion
mover,Coronary arteriosclerosis,414.00,include,"No sufficiently explicit recorded ESRD, chronic dialysis dependence, or renal-transplant recipient state; absence of a matched term does not establish absence of disease.",no_explicit_renal_status_exclusion
mover,Coronary artery arteriosclerosis,414.00,include,"No sufficiently explicit recorded ESRD, chronic dialysis dependence, or renal-transplant recipient state; absence of a matched term does not establish absence of disease.",no_explicit_renal_status_exclusion
mover,Coronary artery calcification seen on CAT scan,414.00,include,"No sufficiently explicit recorded ESRD, chronic dialysis dependence, or renal-transplant recipient state; absence of a matched term does not establish absence of disease.",no_explicit_renal_status_exclusion
mover,Coronary artery disease,414.00,include,"No sufficiently explicit recorded ESRD, chronic dialysis dependence, or renal-transplant recipient state; absence of a matched term does not establish absence of disease.",no_explicit_renal_status_exclusion
mover,"Coronary artery disease, non-occlusive",414.00,include,"No sufficiently explicit recorded ESRD, chronic dialysis dependence, or renal-transplant recipient state; absence of a matched term does not establish absence of disease.",no_explicit_renal_status_exclusion
mover,Coronary artery stenosis,414.00,include,"No sufficiently explicit recorded ESRD, chronic dialysis dependence, or renal-transplant recipient state; absence of a matched term does not establish absence of disease.",no_explicit_renal_status_exclusion
mover,Coronary atherosclerosis,414.00,include,"No sufficiently explicit recorded ESRD, chronic dialysis dependence, or renal-transplant recipient state; absence of a matched term does not establish absence of disease.",no_explicit_renal_status_exclusion
mover,Coronary atherosclerosis due to calcified coronary lesion,414.00,include,"No sufficiently explicit recorded ESRD, chronic dialysis dependence, or renal-transplant recipient state; absence of a matched term does not establish absence of disease.",no_explicit_renal_status_exclusion
mover,Left main coronary artery disease,414.00,include,"No sufficiently explicit recorded ESRD, chronic dialysis dependence, or renal-transplant recipient state; absence of a matched term does not establish absence of disease.",no_explicit_renal_status_exclusion
mover,Multiple vessel coronary artery disease,414.00,include,"No sufficiently explicit recorded ESRD, chronic dialysis dependence, or renal-transplant recipient state; absence of a matched term does not establish absence of disease.",no_explicit_renal_status_exclusion
mover,Triple vessel coronary artery disease,414.00,include,"No sufficiently explicit recorded ESRD, chronic dialysis dependence, or renal-transplant recipient state; absence of a matched term does not establish absence of disease.",no_explicit_renal_status_exclusion
mover,Triple vessel disease of the heart,414.00,include,"No sufficiently explicit recorded ESRD, chronic dialysis dependence, or renal-transplant recipient state; absence of a matched term does not establish absence of disease.",no_explicit_renal_status_exclusion
mover,Atherosclerotic heart disease of native coronary artery without angina pectoris,414.01,include,"No sufficiently explicit recorded ESRD, chronic dialysis dependence, or renal-transplant recipient state; absence of a matched term does not establish absence of disease.",no_explicit_renal_status_exclusion
mover,"CAD (coronary artery disease), native coronary artery",414.01,include,"No sufficiently explicit recorded ESRD, chronic dialysis dependence, or renal-transplant recipient state; absence of a matched term does not establish absence of disease.",no_explicit_renal_status_exclusion
mover,CAD S/P percutaneous coronary angioplasty,414.01,include,"No sufficiently explicit recorded ESRD, chronic dialysis dependence, or renal-transplant recipient state; absence of a matched term does not establish absence of disease.",no_explicit_renal_status_exclusion
mover,Coronary arteriosclerosis in native artery,414.01,include,"No sufficiently explicit recorded ESRD, chronic dialysis dependence, or renal-transplant recipient state; absence of a matched term does not establish absence of disease.",no_explicit_renal_status_exclusion
mover,Coronary artery disease with history of myocardial infarction without history of CABG,414.01,include,"No sufficiently explicit recorded ESRD, chronic dialysis dependence, or renal-transplant recipient state; absence of a matched term does not establish absence of disease.",no_explicit_renal_status_exclusion
mover,Coronary artery disease with hx of myocardial infarct w/o hx of CABG,414.01,include,"No sufficiently explicit recorded ESRD, chronic dialysis dependence, or renal-transplant recipient state; absence of a matched term does not establish absence of disease.",no_explicit_renal_status_exclusion
mover,Coronary atherosclerosis of native coronary artery,414.01,include,"No sufficiently explicit recorded ESRD, chronic dialysis dependence, or renal-transplant recipient state; absence of a matched term does not establish absence of disease.",no_explicit_renal_status_exclusion
mover,Nonocclusive coronary atherosclerosis of native coronary artery,414.01,include,"No sufficiently explicit recorded ESRD, chronic dialysis dependence, or renal-transplant recipient state; absence of a matched term does not establish absence of disease.",no_explicit_renal_status_exclusion
mover,Atherosclerosis of autologous vein coronary artery bypass graft with angina pectoris (CMS-HCC),414.02,include,"No sufficiently explicit recorded ESRD, chronic dialysis dependence, or renal-transplant recipient state; absence of a matched term does not establish absence of disease.",no_explicit_renal_status_exclusion
mover,Coronary atherosclerosis of nonautologous biological bypass graft,414.03,include,"No sufficiently explicit recorded ESRD, chronic dialysis dependence, or renal-transplant recipient state; absence of a matched term does not establish absence of disease.",no_explicit_renal_status_exclusion
mover,Atherosclerosis of coronary artery bypass graft,414.05,include,"No sufficiently explicit recorded ESRD, chronic dialysis dependence, or renal-transplant recipient state; absence of a matched term does not establish absence of disease.",no_explicit_renal_status_exclusion
mover,"CAD (coronary artery disease), native artery transplanted heart",414.06,include,"No sufficiently explicit recorded ESRD, chronic dialysis dependence, or renal-transplant recipient state; absence of a matched term does not establish absence of disease.",no_explicit_renal_status_exclusion
mover,Aneurysm (arteriovenous) of coronary vessels,414.11,include,"No sufficiently explicit recorded ESRD, chronic dialysis dependence, or renal-transplant recipient state; absence of a matched term does not establish absence of disease.",no_explicit_renal_status_exclusion
mover,Aneurysm of coronary vessels,414.11,include,"No sufficiently explicit recorded ESRD, chronic dialysis dependence, or renal-transplant recipient state; absence of a matched term does not establish absence of disease.",no_explicit_renal_status_exclusion
mover,Coronary artery aneurysm,414.11,include,"No sufficiently explicit recorded ESRD, chronic dialysis dependence, or renal-transplant recipient state; absence of a matched term does not establish absence of disease.",no_explicit_renal_status_exclusion
mover,Coronary atherosclerosis due to lipid rich plaque,414.3,include,"No sufficiently explicit recorded ESRD, chronic dialysis dependence, or renal-transplant recipient state; absence of a matched term does not establish absence of disease.",no_explicit_renal_status_exclusion
mover,Chronic ischemic heart disease,414.9,include,"No sufficiently explicit recorded ESRD, chronic dialysis dependence, or renal-transplant recipient state; absence of a matched term does not establish absence of disease.",no_explicit_renal_status_exclusion
mover,Ischemic heart disease,414.9,include,"No sufficiently explicit recorded ESRD, chronic dialysis dependence, or renal-transplant recipient state; absence of a matched term does not establish absence of disease.",no_explicit_renal_status_exclusion
mover,"Ischemic heart disease, chronic",414.9,include,"No sufficiently explicit recorded ESRD, chronic dialysis dependence, or renal-transplant recipient state; absence of a matched term does not establish absence of disease.",no_explicit_renal_status_exclusion
mover,Pulmonary hypertension due to left heart disease (CMS-HCC),416.8,include,"No sufficiently explicit recorded ESRD, chronic dialysis dependence, or renal-transplant recipient state; absence of a matched term does not establish absence of disease.",no_explicit_renal_status_exclusion
mover,Chronic pulmonary heart disease (CMS-HCC),416.9,include,"No sufficiently explicit recorded ESRD, chronic dialysis dependence, or renal-transplant recipient state; absence of a matched term does not establish absence of disease.",no_explicit_renal_status_exclusion
mover,Acute pericardial effusion,420.90,include,"No sufficiently explicit recorded ESRD, chronic dialysis dependence, or renal-transplant recipient state; absence of a matched term does not establish absence of disease.",no_explicit_renal_status_exclusion
mover,Acute pericarditis,420.90,include,"No sufficiently explicit recorded ESRD, chronic dialysis dependence, or renal-transplant recipient state; absence of a matched term does not establish absence of disease.",no_explicit_renal_status_exclusion
mover,Aortic valve vegetation,421.0,include,"No sufficiently explicit recorded ESRD, chronic dialysis dependence, or renal-transplant recipient state; absence of a matched term does not establish absence of disease.",no_explicit_renal_status_exclusion
mover,Mitral valve abscess,421.0,include,"No sufficiently explicit recorded ESRD, chronic dialysis dependence, or renal-transplant recipient state; absence of a matched term does not establish absence of disease.",no_explicit_renal_status_exclusion
mover,Mitral valve vegetation,421.0,include,"No sufficiently explicit recorded ESRD, chronic dialysis dependence, or renal-transplant recipient state; absence of a matched term does not establish absence of disease.",no_explicit_renal_status_exclusion
mover,Tricuspid valve vegetation,421.0,include,"No sufficiently explicit recorded ESRD, chronic dialysis dependence, or renal-transplant recipient state; absence of a matched term does not establish absence of disease.",no_explicit_renal_status_exclusion
mover,Vegetation of heart valve,421.0,include,"No sufficiently explicit recorded ESRD, chronic dialysis dependence, or renal-transplant recipient state; absence of a matched term does not establish absence of disease.",no_explicit_renal_status_exclusion
mover,Vegetative endocarditis of mitral valve,421.0,include,"No sufficiently explicit recorded ESRD, chronic dialysis dependence, or renal-transplant recipient state; absence of a matched term does not establish absence of disease.",no_explicit_renal_status_exclusion
mover,Hemopericardium,423.0,include,"No sufficiently explicit recorded ESRD, chronic dialysis dependence, or renal-transplant recipient state; absence of a matched term does not establish absence of disease.",no_explicit_renal_status_exclusion
mover,Pericardial hematoma,423.0,include,"No sufficiently explicit recorded ESRD, chronic dialysis dependence, or renal-transplant recipient state; absence of a matched term does not establish absence of disease.",no_explicit_renal_status_exclusion
mover,Constrictive pericarditis,423.2,include,"No sufficiently explicit recorded ESRD, chronic dialysis dependence, or renal-transplant recipient state; absence of a matched term does not establish absence of disease.",no_explicit_renal_status_exclusion
mover,Cardiac tamponade,423.3,include,"No sufficiently explicit recorded ESRD, chronic dialysis dependence, or renal-transplant recipient state; absence of a matched term does not establish absence of disease.",no_explicit_renal_status_exclusion
mover,Cardiac/pericardial tamponade,423.3,include,"No sufficiently explicit recorded ESRD, chronic dialysis dependence, or renal-transplant recipient state; absence of a matched term does not establish absence of disease.",no_explicit_renal_status_exclusion
mover,Pericardial tamponade,423.3,include,"No sufficiently explicit recorded ESRD, chronic dialysis dependence, or renal-transplant recipient state; absence of a matched term does not establish absence of disease.",no_explicit_renal_status_exclusion
mover,Pericardial effusion,423.9,include,"No sufficiently explicit recorded ESRD, chronic dialysis dependence, or renal-transplant recipient state; absence of a matched term does not establish absence of disease.",no_explicit_renal_status_exclusion
mover,Pericarditis,423.9,include,"No sufficiently explicit recorded ESRD, chronic dialysis dependence, or renal-transplant recipient state; absence of a matched term does not establish absence of disease.",no_explicit_renal_status_exclusion
mover,Pneumopericardium,423.9,include,"No sufficiently explicit recorded ESRD, chronic dialysis dependence, or renal-transplant recipient state; absence of a matched term does not establish absence of disease.",no_explicit_renal_status_exclusion
mover,Mitral valve disorder,424.0,include,"No sufficiently explicit recorded ESRD, chronic dialysis dependence, or renal-transplant recipient state; absence of a matched term does not establish absence of disease.",no_explicit_renal_status_exclusion
mover,Mitral valve mass,424.0,include,"No sufficiently explicit recorded ESRD, chronic dialysis dependence, or renal-transplant recipient state; absence of a matched term does not establish absence of disease.",no_explicit_renal_status_exclusion
mover,Mitral valve prolapse,424.0,include,"No sufficiently explicit recorded ESRD, chronic dialysis dependence, or renal-transplant recipient state; absence of a matched term does not establish absence of disease.",no_explicit_renal_status_exclusion
mover,Mitral valve regurgitation,424.0,include,"No sufficiently explicit recorded ESRD, chronic dialysis dependence, or renal-transplant recipient state; absence of a matched term does not establish absence of disease.",no_explicit_renal_status_exclusion
mover,Mitral valvular regurgitation,424.0,include,"No sufficiently explicit recorded ESRD, chronic dialysis dependence, or renal-transplant recipient state; absence of a matched term does not establish absence of disease.",no_explicit_renal_status_exclusion
mover,AR (aortic regurgitation),424.1,include,"No sufficiently explicit recorded ESRD, chronic dialysis dependence, or renal-transplant recipient state; absence of a matched term does not establish absence of disease.",no_explicit_renal_status_exclusion
mover,AS (aortic stenosis),424.1,include,"No sufficiently explicit recorded ESRD, chronic dialysis dependence, or renal-transplant recipient state; absence of a matched term does not establish absence of disease.",no_explicit_renal_status_exclusion
mover,AVD (aortic valve disease),424.1,include,"No sufficiently explicit recorded ESRD, chronic dialysis dependence, or renal-transplant recipient state; absence of a matched term does not establish absence of disease.",no_explicit_renal_status_exclusion
mover,Aortic insufficiency,424.1,include,"No sufficiently explicit recorded ESRD, chronic dialysis dependence, or renal-transplant recipient state; absence of a matched term does not establish absence of disease.",no_explicit_renal_status_exclusion
mover,Aortic regurgitation,424.1,include,"No sufficiently explicit recorded ESRD, chronic dialysis dependence, or renal-transplant recipient state; absence of a matched term does not establish absence of disease.",no_explicit_renal_status_exclusion
mover,Aortic stenosis,424.1,include,"No sufficiently explicit recorded ESRD, chronic dialysis dependence, or renal-transplant recipient state; absence of a matched term does not establish absence of disease.",no_explicit_renal_status_exclusion
mover,"Aortic stenosis, moderate",424.1,include,"No sufficiently explicit recorded ESRD, chronic dialysis dependence, or renal-transplant recipient state; absence of a matched term does not establish absence of disease.",no_explicit_renal_status_exclusion
mover,"Aortic stenosis, severe",424.1,include,"No sufficiently explicit recorded ESRD, chronic dialysis dependence, or renal-transplant recipient state; absence of a matched term does not establish absence of disease.",no_explicit_renal_status_exclusion
mover,Aortic valve abscess,424.1,include,"No sufficiently explicit recorded ESRD, chronic dialysis dependence, or renal-transplant recipient state; absence of a matched term does not establish absence of disease.",no_explicit_renal_status_exclusion
mover,Aortic valve defect,424.1,include,"No sufficiently explicit recorded ESRD, chronic dialysis dependence, or renal-transplant recipient state; absence of a matched term does not establish absence of disease.",no_explicit_renal_status_exclusion
mover,Aortic valve disease,424.1,include,"No sufficiently explicit recorded ESRD, chronic dialysis dependence, or renal-transplant recipient state; absence of a matched term does not establish absence of disease.",no_explicit_renal_status_exclusion
mover,Aortic valve disorder,424.1,include,"No sufficiently explicit recorded ESRD, chronic dialysis dependence, or renal-transplant recipient state; absence of a matched term does not establish absence of disease.",no_explicit_renal_status_exclusion
mover,Aortic valve endocarditis,424.1,include,"No sufficiently explicit recorded ESRD, chronic dialysis dependence, or renal-transplant recipient state; absence of a matched term does not establish absence of disease.",no_explicit_renal_status_exclusion
mover,Aortic valve insufficiency,424.1,include,"No sufficiently explicit recorded ESRD, chronic dialysis dependence, or renal-transplant recipient state; absence of a matched term does not establish absence of disease.",no_explicit_renal_status_exclusion
mover,Aortic valve mass,424.1,include,"No sufficiently explicit recorded ESRD, chronic dialysis dependence, or renal-transplant recipient state; absence of a matched term does not establish absence of disease.",no_explicit_renal_status_exclusion
mover,Aortic valve regurgitation,424.1,include,"No sufficiently explicit recorded ESRD, chronic dialysis dependence, or renal-transplant recipient state; absence of a matched term does not establish absence of disease.",no_explicit_renal_status_exclusion
mover,Aortic valve stenosis,424.1,include,"No sufficiently explicit recorded ESRD, chronic dialysis dependence, or renal-transplant recipient state; absence of a matched term does not establish absence of disease.",no_explicit_renal_status_exclusion
mover,"Aortic valve stenosis, acquired",424.1,include,"No sufficiently explicit recorded ESRD, chronic dialysis dependence, or renal-transplant recipient state; absence of a matched term does not establish absence of disease.",no_explicit_renal_status_exclusion
mover,"Aortic valve stenosis, nonrheumatic",424.1,include,"No sufficiently explicit recorded ESRD, chronic dialysis dependence, or renal-transplant recipient state; absence of a matched term does not establish absence of disease.",no_explicit_renal_status_exclusion
mover,"Aortic valve stenosis, severe",424.1,include,"No sufficiently explicit recorded ESRD, chronic dialysis dependence, or renal-transplant recipient state; absence of a matched term does not establish absence of disease.",no_explicit_renal_status_exclusion
mover,Calcific aortic stenosis,424.1,include,"No sufficiently explicit recorded ESRD, chronic dialysis dependence, or renal-transplant recipient state; absence of a matched term does not establish absence of disease.",no_explicit_renal_status_exclusion
mover,Calcific aortic valve stenosis,424.1,include,"No sufficiently explicit recorded ESRD, chronic dialysis dependence, or renal-transplant recipient state; absence of a matched term does not establish absence of disease.",no_explicit_renal_status_exclusion
mover,Critical aortic valve stenosis,424.1,include,"No sufficiently explicit recorded ESRD, chronic dialysis dependence, or renal-transplant recipient state; absence of a matched term does not establish absence of disease.",no_explicit_renal_status_exclusion
mover,Endocarditis of aortic valve,424.1,include,"No sufficiently explicit recorded ESRD, chronic dialysis dependence, or renal-transplant recipient state; absence of a matched term does not establish absence of disease.",no_explicit_renal_status_exclusion
mover,Moderate aortic regurgitation,424.1,include,"No sufficiently explicit recorded ESRD, chronic dialysis dependence, or renal-transplant recipient state; absence of a matched term does not establish absence of disease.",no_explicit_renal_status_exclusion
mover,Moderate aortic stenosis,424.1,include,"No sufficiently explicit recorded ESRD, chronic dialysis dependence, or renal-transplant recipient state; absence of a matched term does not establish absence of disease.",no_explicit_renal_status_exclusion
mover,Nonrheumatic aortic valve insufficiency,424.1,include,"No sufficiently explicit recorded ESRD, chronic dialysis dependence, or renal-transplant recipient state; absence of a matched term does not establish absence of disease.",no_explicit_renal_status_exclusion
mover,Nonrheumatic aortic valve stenosis,424.1,include,"No sufficiently explicit recorded ESRD, chronic dialysis dependence, or renal-transplant recipient state; absence of a matched term does not establish absence of disease.",no_explicit_renal_status_exclusion
mover,Severe aortic regurgitation,424.1,include,"No sufficiently explicit recorded ESRD, chronic dialysis dependence, or renal-transplant recipient state; absence of a matched term does not establish absence of disease.",no_explicit_renal_status_exclusion
mover,Severe aortic stenosis,424.1,include,"No sufficiently explicit recorded ESRD, chronic dialysis dependence, or renal-transplant recipient state; absence of a matched term does not establish absence of disease.",no_explicit_renal_status_exclusion
mover,Severe aortic stenosis by prior echocardiogram,424.1,include,"No sufficiently explicit recorded ESRD, chronic dialysis dependence, or renal-transplant recipient state; absence of a matched term does not establish absence of disease.",no_explicit_renal_status_exclusion
mover,Severe aortic valve regurgitation,424.1,include,"No sufficiently explicit recorded ESRD, chronic dialysis dependence, or renal-transplant recipient state; absence of a matched term does not establish absence of disease.",no_explicit_renal_status_exclusion
mover,Severe aortic valve stenosis,424.1,include,"No sufficiently explicit recorded ESRD, chronic dialysis dependence, or renal-transplant recipient state; absence of a matched term does not establish absence of disease.",no_explicit_renal_status_exclusion
mover,Non-rheumatic tricuspid valve insufficiency,424.2,include,"No sufficiently explicit recorded ESRD, chronic dialysis dependence, or renal-transplant recipient state; absence of a matched term does not establish absence of disease.",no_explicit_renal_status_exclusion
mover,Nonrheumatic tricuspid valve regurgitation,424.2,include,"No sufficiently explicit recorded ESRD, chronic dialysis dependence, or renal-transplant recipient state; absence of a matched term does not establish absence of disease.",no_explicit_renal_status_exclusion
mover,Tricuspid valve disorder,424.2,include,"No sufficiently explicit recorded ESRD, chronic dialysis dependence, or renal-transplant recipient state; absence of a matched term does not establish absence of disease.",no_explicit_renal_status_exclusion
mover,Tricuspid valve mass,424.2,include,"No sufficiently explicit recorded ESRD, chronic dialysis dependence, or renal-transplant recipient state; absence of a matched term does not establish absence of disease.",no_explicit_renal_status_exclusion
mover,Nonrheumatic pulmonary valve insufficiency,424.3,include,"No sufficiently explicit recorded ESRD, chronic dialysis dependence, or renal-transplant recipient state; absence of a matched term does not establish absence of disease.",no_explicit_renal_status_exclusion
mover,Nonrheumatic pulmonary valve stenosis,424.3,include,"No sufficiently explicit recorded ESRD, chronic dialysis dependence, or renal-transplant recipient state; absence of a matched term does not establish absence of disease.",no_explicit_renal_status_exclusion
mover,Endocarditis of native valve,424.90,include,"No sufficiently explicit recorded ESRD, chronic dialysis dependence, or renal-transplant recipient state; absence of a matched term does not establish absence of disease.",no_explicit_renal_status_exclusion
mover,Heart valve disease,424.90,include,"No sufficiently explicit recorded ESRD, chronic dialysis dependence, or renal-transplant recipient state; absence of a matched term does not establish absence of disease.",no_explicit_renal_status_exclusion
mover,Valvular heart disease,424.90,include,"No sufficiently explicit recorded ESRD, chronic dialysis dependence, or renal-transplant recipient state; absence of a matched term does not establish absence of disease.",no_explicit_renal_status_exclusion
mover,Valvular cardiomyopathy (CMS-HCC),425.4,include,"No sufficiently explicit recorded ESRD, chronic dialysis dependence, or renal-transplant recipient state; absence of a matched term does not establish absence of disease.",no_explicit_renal_status_exclusion
mover,CHB (complete heart block) (CMS-HCC),426.0,include,"No sufficiently explicit recorded ESRD, chronic dialysis dependence, or renal-transplant recipient state; absence of a matched term does not establish absence of disease.",no_explicit_renal_status_exclusion
mover,Complete heart block (CMS-HCC),426.0,include,"No sufficiently explicit recorded ESRD, chronic dialysis dependence, or renal-transplant recipient state; absence of a matched term does not establish absence of disease.",no_explicit_renal_status_exclusion
mover,Heart block AV complete (CMS-HCC),426.0,include,"No sufficiently explicit recorded ESRD, chronic dialysis dependence, or renal-transplant recipient state; absence of a matched term does not establish absence of disease.",no_explicit_renal_status_exclusion
mover,Heart block AV third degree (CMS-HCC),426.0,include,"No sufficiently explicit recorded ESRD, chronic dialysis dependence, or renal-transplant recipient state; absence of a matched term does not establish absence of disease.",no_explicit_renal_status_exclusion
mover,Third degree heart block (CMS-HCC),426.0,include,"No sufficiently explicit recorded ESRD, chronic dialysis dependence, or renal-transplant recipient state; absence of a matched term does not establish absence of disease.",no_explicit_renal_status_exclusion
mover,"Heart block, AV",426.10,include,"No sufficiently explicit recorded ESRD, chronic dialysis dependence, or renal-transplant recipient state; absence of a matched term does not establish absence of disease.",no_explicit_renal_status_exclusion
mover,Heart block AV second degree,426.13,include,"No sufficiently explicit recorded ESRD, chronic dialysis dependence, or renal-transplant recipient state; absence of a matched term does not establish absence of disease.",no_explicit_renal_status_exclusion
mover,Second degree heart block,426.13,include,"No sufficiently explicit recorded ESRD, chronic dialysis dependence, or renal-transplant recipient state; absence of a matched term does not establish absence of disease.",no_explicit_renal_status_exclusion
mover,Second-degree heart block,426.13,include,"No sufficiently explicit recorded ESRD, chronic dialysis dependence, or renal-transplant recipient state; absence of a matched term does not establish absence of disease.",no_explicit_renal_status_exclusion
mover,Cardiac conduction disorder,426.9,include,"No sufficiently explicit recorded ESRD, chronic dialysis dependence, or renal-transplant recipient state; absence of a matched term does not establish absence of disease.",no_explicit_renal_status_exclusion
mover,Heart block,426.9,include,"No sufficiently explicit recorded ESRD, chronic dialysis dependence, or renal-transplant recipient state; absence of a matched term does not establish absence of disease.",no_explicit_renal_status_exclusion
mover,Cardiac arrest (CMS-HCC),427.5,include,"No sufficiently explicit recorded ESRD, chronic dialysis dependence, or renal-transplant recipient state; absence of a matched term does not establish absence of disease.",no_explicit_renal_status_exclusion
mover,Cardiac arrest due to underlying cardiac condition (CMS-HCC),427.5,include,"No sufficiently explicit recorded ESRD, chronic dialysis dependence, or renal-transplant recipient state; absence of a matched term does not establish absence of disease.",no_explicit_renal_status_exclusion
mover,Abnormal heart rhythm,427.9,include,"No sufficiently explicit recorded ESRD, chronic dialysis dependence, or renal-transplant recipient state; absence of a matched term does not establish absence of disease.",no_explicit_renal_status_exclusion
mover,Arrhythmia as indication for cardiac pacemaker replacement,427.9,include,"No sufficiently explicit recorded ESRD, chronic dialysis dependence, or renal-transplant recipient state; absence of a matched term does not establish absence of disease.",no_explicit_renal_status_exclusion
mover,Cardiac arrhythmia,427.9,include,"No sufficiently explicit recorded ESRD, chronic dialysis dependence, or renal-transplant recipient state; absence of a matched term does not establish absence of disease.",no_explicit_renal_status_exclusion
mover,"Dysrhythmia, cardiac",427.9,include,"No sufficiently explicit recorded ESRD, chronic dialysis dependence, or renal-transplant recipient state; absence of a matched term does not establish absence of disease.",no_explicit_renal_status_exclusion
mover,Irregular heart beat,427.9,include,"No sufficiently explicit recorded ESRD, chronic dialysis dependence, or renal-transplant recipient state; absence of a matched term does not establish absence of disease.",no_explicit_renal_status_exclusion
mover,Acute exacerbation of CHF (congestive heart failure) (CMS-HCC),428.0,include,"No sufficiently explicit recorded ESRD, chronic dialysis dependence, or renal-transplant recipient state; absence of a matched term does not establish absence of disease.",no_explicit_renal_status_exclusion
mover,Acute exacerbation of congestive heart failure (CMS-HCC),428.0,include,"No sufficiently explicit recorded ESRD, chronic dialysis dependence, or renal-transplant recipient state; absence of a matched term does not establish absence of disease.",no_explicit_renal_status_exclusion
mover,Acute on chronic congestive heart failure (CMS-HCC),428.0,include,"No sufficiently explicit recorded ESRD, chronic dialysis dependence, or renal-transplant recipient state; absence of a matched term does not establish absence of disease.",no_explicit_renal_status_exclusion
mover,Acute on chronic heart failure (CMS-HCC),428.0,include,"No sufficiently explicit recorded ESRD, chronic dialysis dependence, or renal-transplant recipient state; absence of a matched term does not establish absence of disease.",no_explicit_renal_status_exclusion
mover,Acute right heart failure (CMS-HCC),428.0,include,"No sufficiently explicit recorded ESRD, chronic dialysis dependence, or renal-transplant recipient state; absence of a matched term does not establish absence of disease.",no_explicit_renal_status_exclusion
mover,Acute right-sided CHF (congestive heart failure) (CMS-HCC),428.0,include,"No sufficiently explicit recorded ESRD, chronic dialysis dependence, or renal-transplant recipient state; absence of a matched term does not establish absence of disease.",no_explicit_renal_status_exclusion
mover,Biventricular congestive heart failure (CMS-HCC),428.0,include,"No sufficiently explicit recorded ESRD, chronic dialysis dependence, or renal-transplant recipient state; absence of a matched term does not establish absence of disease.",no_explicit_renal_status_exclusion
mover,Biventricular heart failure (CMS-HCC),428.0,include,"No sufficiently explicit recorded ESRD, chronic dialysis dependence, or renal-transplant recipient state; absence of a matched term does not establish absence of disease.",no_explicit_renal_status_exclusion
mover,CHF (congestive heart failure) (CMS-HCC),428.0,include,"No sufficiently explicit recorded ESRD, chronic dialysis dependence, or renal-transplant recipient state; absence of a matched term does not establish absence of disease.",no_explicit_renal_status_exclusion
mover,"CHF (congestive heart failure), NYHA class I (CMS-HCC)",428.0,include,"No sufficiently explicit recorded ESRD, chronic dialysis dependence, or renal-transplant recipient state; absence of a matched term does not establish absence of disease.",no_explicit_renal_status_exclusion
mover,Chronic CHF (congestive heart failure) (CMS-HCC),428.0,include,"No sufficiently explicit recorded ESRD, chronic dialysis dependence, or renal-transplant recipient state; absence of a matched term does not establish absence of disease.",no_explicit_renal_status_exclusion
mover,Chronic congestive heart failure (CMS-HCC),428.0,include,"No sufficiently explicit recorded ESRD, chronic dialysis dependence, or renal-transplant recipient state; absence of a matched term does not establish absence of disease.",no_explicit_renal_status_exclusion
mover,Chronic right-sided heart failure (CMS-HCC),428.0,include,"No sufficiently explicit recorded ESRD, chronic dialysis dependence, or renal-transplant recipient state; absence of a matched term does not establish absence of disease.",no_explicit_renal_status_exclusion
mover,Congestive heart failure (CHF) (CMS-HCC),428.0,include,"No sufficiently explicit recorded ESRD, chronic dialysis dependence, or renal-transplant recipient state; absence of a matched term does not establish absence of disease.",no_explicit_renal_status_exclusion
mover,Congestive heart failure (CMS-HCC),428.0,include,"No sufficiently explicit recorded ESRD, chronic dialysis dependence, or renal-transplant recipient state; absence of a matched term does not establish absence of disease.",no_explicit_renal_status_exclusion
mover,Congestive heart failure with cardiomyopathy (CMS-HCC),428.0,include,"No sufficiently explicit recorded ESRD, chronic dialysis dependence, or renal-transplant recipient state; absence of a matched term does not establish absence of disease.",no_explicit_renal_status_exclusion
mover,Congestive heart failure with right heart failure (CMS-HCC),428.0,include,"No sufficiently explicit recorded ESRD, chronic dialysis dependence, or renal-transplant recipient state; absence of a matched term does not establish absence of disease.",no_explicit_renal_status_exclusion
mover,"Congestive heart failure, NYHA class 4 (CMS-HCC)",428.0,include,"No sufficiently explicit recorded ESRD, chronic dialysis dependence, or renal-transplant recipient state; absence of a matched term does not establish absence of disease.",no_explicit_renal_status_exclusion
mover,Heart failure due to valvular disease (CMS-HCC),428.0,include,"No sufficiently explicit recorded ESRD, chronic dialysis dependence, or renal-transplant recipient state; absence of a matched term does not establish absence of disease.",no_explicit_renal_status_exclusion
mover,"Heart failure with acute decompensation, type unknown (CMS-HCC)",428.0,include,"No sufficiently explicit recorded ESRD, chronic dialysis dependence, or renal-transplant recipient state; absence of a matched term does not establish absence of disease.",no_explicit_renal_status_exclusion
mover,Right heart failure (CMS-HCC),428.0,include,"No sufficiently explicit recorded ESRD, chronic dialysis dependence, or renal-transplant recipient state; absence of a matched term does not establish absence of disease.",no_explicit_renal_status_exclusion
mover,Right heart failure due to pulmonary hypertension (CMS-HCC),428.0,include,"No sufficiently explicit recorded ESRD, chronic dialysis dependence, or renal-transplant recipient state; absence of a matched term does not establish absence of disease.",no_explicit_renal_status_exclusion
mover,Cardiac asthma (CMS-HCC),428.1,include,"No sufficiently explicit recorded ESRD, chronic dialysis dependence, or renal-transplant recipient state; absence of a matched term does not establish absence of disease.",no_explicit_renal_status_exclusion
mover,Left heart failure (CMS-HCC),428.1,include,"No sufficiently explicit recorded ESRD, chronic dialysis dependence, or renal-transplant recipient state; absence of a matched term does not establish absence of disease.",no_explicit_renal_status_exclusion
mover,"Pulmonary edema, acute, with congestive heart failure (CMS-HCC)",428.1,include,"No sufficiently explicit recorded ESRD, chronic dialysis dependence, or renal-transplant recipient state; absence of a matched term does not establish absence of disease.",no_explicit_renal_status_exclusion
mover,Systolic congestive heart failure (CMS-HCC),428.20,include,"No sufficiently explicit recorded ESRD, chronic dialysis dependence, or renal-transplant recipient state; absence of a matched term does not establish absence of disease.",no_explicit_renal_status_exclusion
mover,"Systolic congestive heart failure with reduced left ventricular function, NYHA class 1 (CMS-HCC)",428.20,include,"No sufficiently explicit recorded ESRD, chronic dialysis dependence, or renal-transplant recipient state; absence of a matched term does not establish absence of disease.",no_explicit_renal_status_exclusion
mover,Systolic heart failure (CMS-HCC),428.20,include,"No sufficiently explicit recorded ESRD, chronic dialysis dependence, or renal-transplant recipient state; absence of a matched term does not establish absence of disease.",no_explicit_renal_status_exclusion
mover,Acute systolic congestive heart failure (CMS-HCC),428.21,include,"No sufficiently explicit recorded ESRD, chronic dialysis dependence, or renal-transplant recipient state; absence of a matched term does not establish absence of disease.",no_explicit_renal_status_exclusion
mover,Acute systolic heart failure (CMS-HCC),428.21,include,"No sufficiently explicit recorded ESRD, chronic dialysis dependence, or renal-transplant recipient state; absence of a matched term does not establish absence of disease.",no_explicit_renal_status_exclusion
mover,"Heart failure, acute systolic (CMS-HCC)",428.21,include,"No sufficiently explicit recorded ESRD, chronic dialysis dependence, or renal-transplant recipient state; absence of a matched term does not establish absence of disease.",no_explicit_renal_status_exclusion
mover,Chronic systolic CHF (congestive heart failure) (CMS-HCC),428.22,include,"No sufficiently explicit recorded ESRD, chronic dialysis dependence, or renal-transplant recipient state; absence of a matched term does not establish absence of disease.",no_explicit_renal_status_exclusion
mover,Chronic systolic congestive heart failure (CMS-HCC),428.22,include,"No sufficiently explicit recorded ESRD, chronic dialysis dependence, or renal-transplant recipient state; absence of a matched term does not establish absence of disease.",no_explicit_renal_status_exclusion
mover,Chronic systolic heart failure (CMS-HCC),428.22,include,"No sufficiently explicit recorded ESRD, chronic dialysis dependence, or renal-transplant recipient state; absence of a matched term does not establish absence of disease.",no_explicit_renal_status_exclusion
mover,"Heart failure, chronic systolic (CMS-HCC)",428.22,include,"No sufficiently explicit recorded ESRD, chronic dialysis dependence, or renal-transplant recipient state; absence of a matched term does not establish absence of disease.",no_explicit_renal_status_exclusion
mover,Acute on chronic systolic congestive heart failure (CMS-HCC),428.23,include,"No sufficiently explicit recorded ESRD, chronic dialysis dependence, or renal-transplant recipient state; absence of a matched term does not establish absence of disease.",no_explicit_renal_status_exclusion
mover,Acute on chronic systolic heart failure (CMS-HCC),428.23,include,"No sufficiently explicit recorded ESRD, chronic dialysis dependence, or renal-transplant recipient state; absence of a matched term does not establish absence of disease.",no_explicit_renal_status_exclusion
mover,"Heart failure, systolic, with acute decompensation (CMS-HCC)",428.23,include,"No sufficiently explicit recorded ESRD, chronic dialysis dependence, or renal-transplant recipient state; absence of a matched term does not establish absence of disease.",no_explicit_renal_status_exclusion
mover,Diastolic congestive heart failure (CMS-HCC),428.30,include,"No sufficiently explicit recorded ESRD, chronic dialysis dependence, or renal-transplant recipient state; absence of a matched term does not establish absence of disease.",no_explicit_renal_status_exclusion
mover,Diastolic heart failure (CMS-HCC),428.30,include,"No sufficiently explicit recorded ESRD, chronic dialysis dependence, or renal-transplant recipient state; absence of a matched term does not establish absence of disease.",no_explicit_renal_status_exclusion
mover,Acute diastolic congestive heart failure (CMS-HCC),428.31,include,"No sufficiently explicit recorded ESRD, chronic dialysis dependence, or renal-transplant recipient state; absence of a matched term does not establish absence of disease.",no_explicit_renal_status_exclusion
mover,Acute diastolic heart failure (CMS-HCC),428.31,include,"No sufficiently explicit recorded ESRD, chronic dialysis dependence, or renal-transplant recipient state; absence of a matched term does not establish absence of disease.",no_explicit_renal_status_exclusion
mover,Chronic diastolic CHF (congestive heart failure) (CMS-HCC),428.32,include,"No sufficiently explicit recorded ESRD, chronic dialysis dependence, or renal-transplant recipient state; absence of a matched term does not establish absence of disease.",no_explicit_renal_status_exclusion
mover,Chronic diastolic congestive heart failure (CMS-HCC),428.32,include,"No sufficiently explicit recorded ESRD, chronic dialysis dependence, or renal-transplant recipient state; absence of a matched term does not establish absence of disease.",no_explicit_renal_status_exclusion
mover,Chronic diastolic heart failure (CMS-HCC),428.32,include,"No sufficiently explicit recorded ESRD, chronic dialysis dependence, or renal-transplant recipient state; absence of a matched term does not establish absence of disease.",no_explicit_renal_status_exclusion
mover,"Heart failure, diastolic, chronic (CMS-HCC)",428.32,include,"No sufficiently explicit recorded ESRD, chronic dialysis dependence, or renal-transplant recipient state; absence of a matched term does not establish absence of disease.",no_explicit_renal_status_exclusion
mover,Acute on chronic diastolic congestive heart failure (CMS-HCC),428.33,include,"No sufficiently explicit recorded ESRD, chronic dialysis dependence, or renal-transplant recipient state; absence of a matched term does not establish absence of disease.",no_explicit_renal_status_exclusion
mover,Acute on chronic diastolic heart failure (CMS-HCC),428.33,include,"No sufficiently explicit recorded ESRD, chronic dialysis dependence, or renal-transplant recipient state; absence of a matched term does not establish absence of disease.",no_explicit_renal_status_exclusion
mover,"Heart failure, diastolic, acute on chronic (CMS-HCC)",428.33,include,"No sufficiently explicit recorded ESRD, chronic dialysis dependence, or renal-transplant recipient state; absence of a matched term does not establish absence of disease.",no_explicit_renal_status_exclusion
mover,"Heart failure, diastolic, with acute decompensation (CMS-HCC)",428.33,include,"No sufficiently explicit recorded ESRD, chronic dialysis dependence, or renal-transplant recipient state; absence of a matched term does not establish absence of disease.",no_explicit_renal_status_exclusion
mover,Combined congestive systolic and diastolic heart failure (CMS-HCC),428.40,include,"No sufficiently explicit recorded ESRD, chronic dialysis dependence, or renal-transplant recipient state; absence of a matched term does not establish absence of disease.",no_explicit_renal_status_exclusion
mover,"Combined systolic and diastolic congestive heart failure with reduced left ventricular function, NYHA class 4 (CMS-HCC)",428.40,include,"No sufficiently explicit recorded ESRD, chronic dialysis dependence, or renal-transplant recipient state; absence of a matched term does not establish absence of disease.",no_explicit_renal_status_exclusion
mover,Combined systolic and diastolic heart failure (CMS-HCC),428.40,include,"No sufficiently explicit recorded ESRD, chronic dialysis dependence, or renal-transplant recipient state; absence of a matched term does not establish absence of disease.",no_explicit_renal_status_exclusion
mover,"Heart failure, systolic and diastolic (CMS-HCC)",428.40,include,"No sufficiently explicit recorded ESRD, chronic dialysis dependence, or renal-transplant recipient state; absence of a matched term does not establish absence of disease.",no_explicit_renal_status_exclusion
mover,Acute combined systolic and diastolic HF (heart failure) (CMS-HCC),428.41,include,"No sufficiently explicit recorded ESRD, chronic dialysis dependence, or renal-transplant recipient state; absence of a matched term does not establish absence of disease.",no_explicit_renal_status_exclusion
mover,Acute combined systolic and diastolic congestive heart failure (CMS-HCC),428.41,include,"No sufficiently explicit recorded ESRD, chronic dialysis dependence, or renal-transplant recipient state; absence of a matched term does not establish absence of disease.",no_explicit_renal_status_exclusion
mover,"Acute combined systolic and diastolic congestive heart failure, NYHA class 3 (CMS-HCC)",428.41,include,"No sufficiently explicit recorded ESRD, chronic dialysis dependence, or renal-transplant recipient state; absence of a matched term does not establish absence of disease.",no_explicit_renal_status_exclusion
mover,"Acute combined systolic and diastolic congestive heart failure, NYHA class 4 (CMS-HCC)",428.41,include,"No sufficiently explicit recorded ESRD, chronic dialysis dependence, or renal-transplant recipient state; absence of a matched term does not establish absence of disease.",no_explicit_renal_status_exclusion
mover,Acute combined systolic and diastolic heart failure (CMS-HCC),428.41,include,"No sufficiently explicit recorded ESRD, chronic dialysis dependence, or renal-transplant recipient state; absence of a matched term does not establish absence of disease.",no_explicit_renal_status_exclusion
mover,Chronic combined systolic and diastolic CHF (congestive heart failure) (CMS-HCC),428.42,include,"No sufficiently explicit recorded ESRD, chronic dialysis dependence, or renal-transplant recipient state; absence of a matched term does not establish absence of disease.",no_explicit_renal_status_exclusion
mover,Chronic combined systolic and diastolic HF (heart failure) (CMS-HCC),428.42,include,"No sufficiently explicit recorded ESRD, chronic dialysis dependence, or renal-transplant recipient state; absence of a matched term does not establish absence of disease.",no_explicit_renal_status_exclusion
mover,"Chronic combined systolic and diastolic HF (heart failure), NYHA class 1 (CMS-HCC)",428.42,include,"No sufficiently explicit recorded ESRD, chronic dialysis dependence, or renal-transplant recipient state; absence of a matched term does not establish absence of disease.",no_explicit_renal_status_exclusion
mover,Chronic combined systolic and diastolic congestive heart failure (CMS-HCC),428.42,include,"No sufficiently explicit recorded ESRD, chronic dialysis dependence, or renal-transplant recipient state; absence of a matched term does not establish absence of disease.",no_explicit_renal_status_exclusion
mover,"Chronic combined systolic and diastolic congestive heart failure, NYHA class 2 (CMS-HCC)",428.42,include,"No sufficiently explicit recorded ESRD, chronic dialysis dependence, or renal-transplant recipient state; absence of a matched term does not establish absence of disease.",no_explicit_renal_status_exclusion
mover,Chronic combined systolic and diastolic heart failure (CMS-HCC),428.42,include,"No sufficiently explicit recorded ESRD, chronic dialysis dependence, or renal-transplant recipient state; absence of a matched term does not establish absence of disease.",no_explicit_renal_status_exclusion
mover,"Chronic combined systolic and diastolic heart failure, NYHA class 4 (CMS-HCC)",428.42,include,"No sufficiently explicit recorded ESRD, chronic dialysis dependence, or renal-transplant recipient state; absence of a matched term does not establish absence of disease.",no_explicit_renal_status_exclusion
mover,"Heart failure, systolic and diastolic, chronic (CMS-HCC)",428.42,include,"No sufficiently explicit recorded ESRD, chronic dialysis dependence, or renal-transplant recipient state; absence of a matched term does not establish absence of disease.",no_explicit_renal_status_exclusion
mover,Acute on chronic combined systolic and diastolic CHF (congestive heart failure) (CMS-HCC),428.43,include,"No sufficiently explicit recorded ESRD, chronic dialysis dependence, or renal-transplant recipient state; absence of a matched term does not establish absence of disease.",no_explicit_renal_status_exclusion
mover,Acute on chronic combined systolic and diastolic HF (heart failure) (CMS-HCC),428.43,include,"No sufficiently explicit recorded ESRD, chronic dialysis dependence, or renal-transplant recipient state; absence of a matched term does not establish absence of disease.",no_explicit_renal_status_exclusion
mover,"Acute on chronic combined systolic and diastolic HF (heart failure), NYHA class 4 (CMS-HCC)",428.43,include,"No sufficiently explicit recorded ESRD, chronic dialysis dependence, or renal-transplant recipient state; absence of a matched term does not establish absence of disease.",no_explicit_renal_status_exclusion
mover,Acute on chronic combined systolic and diastolic congestive heart failure (CMS-HCC),428.43,include,"No sufficiently explicit recorded ESRD, chronic dialysis dependence, or renal-transplant recipient state; absence of a matched term does not establish absence of disease.",no_explicit_renal_status_exclusion
mover,"Acute on chronic combined systolic and diastolic congestive heart failure, NYHA class 1 (CMS-HCC)",428.43,include,"No sufficiently explicit recorded ESRD, chronic dialysis dependence, or renal-transplant recipient state; absence of a matched term does not establish absence of disease.",no_explicit_renal_status_exclusion
mover,"Acute on chronic combined systolic and diastolic congestive heart failure, NYHA class 2 (CMS-HCC)",428.43,include,"No sufficiently explicit recorded ESRD, chronic dialysis dependence, or renal-transplant recipient state; absence of a matched term does not establish absence of disease.",no_explicit_renal_status_exclusion
mover,"Acute on chronic combined systolic and diastolic congestive heart failure, NYHA class 4 (CMS-HCC)",428.43,include,"No sufficiently explicit recorded ESRD, chronic dialysis dependence, or renal-transplant recipient state; absence of a matched term does not establish absence of disease.",no_explicit_renal_status_exclusion
mover,Acute on chronic combined systolic and diastolic heart failure (CMS-HCC),428.43,include,"No sufficiently explicit recorded ESRD, chronic dialysis dependence, or renal-transplant recipient state; absence of a matched term does not establish absence of disease.",no_explicit_renal_status_exclusion
mover,"Heart failure, acute on chronic, systolic and diastolic (CMS-HCC)",428.43,include,"No sufficiently explicit recorded ESRD, chronic dialysis dependence, or renal-transplant recipient state; absence of a matched term does not establish absence of disease.",no_explicit_renal_status_exclusion
mover,Acute heart failure (CMS-HCC),428.9,include,"No sufficiently explicit recorded ESRD, chronic dialysis dependence, or renal-transplant recipient state; absence of a matched term does not establish absence of disease.",no_explicit_renal_status_exclusion
mover,Chronic heart failure (CMS-HCC),428.9,include,"No sufficiently explicit recorded ESRD, chronic dialysis dependence, or renal-transplant recipient state; absence of a matched term does not establish absence of disease.",no_explicit_renal_status_exclusion
mover,Heart failure (CMS-HCC),428.9,include,"No sufficiently explicit recorded ESRD, chronic dialysis dependence, or renal-transplant recipient state; absence of a matched term does not establish absence of disease.",no_explicit_renal_status_exclusion
mover,Heart failure of unknown etiology (CMS-HCC),428.9,include,"No sufficiently explicit recorded ESRD, chronic dialysis dependence, or renal-transplant recipient state; absence of a matched term does not establish absence of disease.",no_explicit_renal_status_exclusion
mover,"Heart failure, unspecified (CMS-HCC)",428.9,include,"No sufficiently explicit recorded ESRD, chronic dialysis dependence, or renal-transplant recipient state; absence of a matched term does not establish absence of disease.",no_explicit_renal_status_exclusion
mover,Right heart enlargement,429.3,include,"No sufficiently explicit recorded ESRD, chronic dialysis dependence, or renal-transplant recipient state; absence of a matched term does not establish absence of disease.",no_explicit_renal_status_exclusion
mover,Acquired cardiac septal defect,429.71,include,"No sufficiently explicit recorded ESRD, chronic dialysis dependence, or renal-transplant recipient state; absence of a matched term does not establish absence of disease.",no_explicit_renal_status_exclusion
mover,Heart disease,429.9,include,"No sufficiently explicit recorded ESRD, chronic dialysis dependence, or renal-transplant recipient state; absence of a matched term does not establish absence of disease.",no_explicit_renal_status_exclusion
mover,Abdominal aortic atherosclerosis (CMS-HCC),440.0,include,"No sufficiently explicit recorded ESRD, chronic dialysis dependence, or renal-transplant recipient state; absence of a matched term does not establish absence of disease.",no_explicit_renal_status_exclusion
mover,Aortic atherosclerosis (CMS-HCC),440.0,include,"No sufficiently explicit recorded ESRD, chronic dialysis dependence, or renal-transplant recipient state; absence of a matched term does not establish absence of disease.",no_explicit_renal_status_exclusion
mover,Aorto-iliac atherosclerosis (CMS-HCC),440.0,include,"No sufficiently explicit recorded ESRD, chronic dialysis dependence, or renal-transplant recipient state; absence of a matched term does not establish absence of disease.",no_explicit_renal_status_exclusion
mover,Aortoiliac stenosis (CMS-HCC),440.0,include,"No sufficiently explicit recorded ESRD, chronic dialysis dependence, or renal-transplant recipient state; absence of a matched term does not establish absence of disease.",no_explicit_renal_status_exclusion
mover,"Aortoiliac stenosis, left (CMS-HCC)",440.0,include,"No sufficiently explicit recorded ESRD, chronic dialysis dependence, or renal-transplant recipient state; absence of a matched term does not establish absence of disease.",no_explicit_renal_status_exclusion
mover,"Aortoiliac stenosis, right (CMS-HCC)",440.0,include,"No sufficiently explicit recorded ESRD, chronic dialysis dependence, or renal-transplant recipient state; absence of a matched term does not establish absence of disease.",no_explicit_renal_status_exclusion
mover,Atherosclerosis of abdominal aorta (CMS-HCC),440.0,include,"No sufficiently explicit recorded ESRD, chronic dialysis dependence, or renal-transplant recipient state; absence of a matched term does not establish absence of disease.",no_explicit_renal_status_exclusion
mover,Atherosclerosis of aorta (CMS-HCC),440.0,include,"No sufficiently explicit recorded ESRD, chronic dialysis dependence, or renal-transplant recipient state; absence of a matched term does not establish absence of disease.",no_explicit_renal_status_exclusion
mover,Thoracic aorta atherosclerosis (CMS-HCC),440.0,include,"No sufficiently explicit recorded ESRD, chronic dialysis dependence, or renal-transplant recipient state; absence of a matched term does not establish absence of disease.",no_explicit_renal_status_exclusion
mover,Atherosclerosis of renal artery (CMS-HCC),440.1,include,"No sufficiently explicit recorded ESRD, chronic dialysis dependence, or renal-transplant recipient state; absence of a matched term does not establish absence of disease.",no_explicit_renal_status_exclusion
mover,"Atherosclerotic RAS (renal artery stenosis), bilateral (CMS-HCC)",440.1,include,"No sufficiently explicit recorded ESRD, chronic dialysis dependence, or renal-transplant recipient state; absence of a matched term does not establish absence of disease.",no_explicit_renal_status_exclusion
mover,Renal artery stenosis (CMS-HCC),440.1,include,"No sufficiently explicit recorded ESRD, chronic dialysis dependence, or renal-transplant recipient state; absence of a matched term does not establish absence of disease.",no_explicit_renal_status_exclusion
mover,Renal artery stenosis due to fibromuscular dysplasia (CMS-HCC),440.1,include,"No sufficiently explicit recorded ESRD, chronic dialysis dependence, or renal-transplant recipient state; absence of a matched term does not establish absence of disease.",no_explicit_renal_status_exclusion
mover,"Renal artery stenosis, transplant (CMS-HCC)",440.1,exclude,"Exact renal-artery transplant complication wording identifies a renal graft, not ordinary native renal artery stenosis.",explicit_recorded_renal_recipient
mover,Right renal artery stenosis (CMS-HCC),440.1,include,"No sufficiently explicit recorded ESRD, chronic dialysis dependence, or renal-transplant recipient state; absence of a matched term does not establish absence of disease.",no_explicit_renal_status_exclusion
mover,Aortic aneurysm and dissection (CMS-HCC),441.00,include,"No sufficiently explicit recorded ESRD, chronic dialysis dependence, or renal-transplant recipient state; absence of a matched term does not establish absence of disease.",no_explicit_renal_status_exclusion
mover,Aortic aneurysm with dissection (CMS-HCC),441.00,include,"No sufficiently explicit recorded ESRD, chronic dialysis dependence, or renal-transplant recipient state; absence of a matched term does not establish absence of disease.",no_explicit_renal_status_exclusion
mover,Aortic dissection (CMS-HCC),441.00,include,"No sufficiently explicit recorded ESRD, chronic dialysis dependence, or renal-transplant recipient state; absence of a matched term does not establish absence of disease.",no_explicit_renal_status_exclusion
mover,Aortic dissection distal to left subclavian,441.00,include,"No sufficiently explicit recorded ESRD, chronic dialysis dependence, or renal-transplant recipient state; absence of a matched term does not establish absence of disease.",no_explicit_renal_status_exclusion
mover,Aortic dissection distal to left subclavian (CMS-HCC),441.00,include,"No sufficiently explicit recorded ESRD, chronic dialysis dependence, or renal-transplant recipient state; absence of a matched term does not establish absence of disease.",no_explicit_renal_status_exclusion
mover,Dissection of aorta (CMS-HCC),441.00,include,"No sufficiently explicit recorded ESRD, chronic dialysis dependence, or renal-transplant recipient state; absence of a matched term does not establish absence of disease.",no_explicit_renal_status_exclusion
mover,Intramural aortic hematoma (CMS-HCC),441.00,include,"No sufficiently explicit recorded ESRD, chronic dialysis dependence, or renal-transplant recipient state; absence of a matched term does not establish absence of disease.",no_explicit_renal_status_exclusion
mover,"Aortic dissection, thoracic (CMS-HCC)",441.01,include,"No sufficiently explicit recorded ESRD, chronic dialysis dependence, or renal-transplant recipient state; absence of a matched term does not establish absence of disease.",no_explicit_renal_status_exclusion
mover,Ascending aortic dissection,441.01,include,"No sufficiently explicit recorded ESRD, chronic dialysis dependence, or renal-transplant recipient state; absence of a matched term does not establish absence of disease.",no_explicit_renal_status_exclusion
mover,Ascending aortic dissection (CMS-HCC),441.01,include,"No sufficiently explicit recorded ESRD, chronic dialysis dependence, or renal-transplant recipient state; absence of a matched term does not establish absence of disease.",no_explicit_renal_status_exclusion
mover,Descending thoracic aortic dissection,441.01,include,"No sufficiently explicit recorded ESRD, chronic dialysis dependence, or renal-transplant recipient state; absence of a matched term does not establish absence of disease.",no_explicit_renal_status_exclusion
mover,Descending thoracic aortic dissection (CMS-HCC),441.01,include,"No sufficiently explicit recorded ESRD, chronic dialysis dependence, or renal-transplant recipient state; absence of a matched term does not establish absence of disease.",no_explicit_renal_status_exclusion
mover,"Dissection of aorta, thoracic",441.01,include,"No sufficiently explicit recorded ESRD, chronic dialysis dependence, or renal-transplant recipient state; absence of a matched term does not establish absence of disease.",no_explicit_renal_status_exclusion
mover,"Dissection of aorta, thoracic (CMS-HCC)",441.01,include,"No sufficiently explicit recorded ESRD, chronic dialysis dependence, or renal-transplant recipient state; absence of a matched term does not establish absence of disease.",no_explicit_renal_status_exclusion
mover,Dissection of aortic arch (CMS-HCC),441.01,include,"No sufficiently explicit recorded ESRD, chronic dialysis dependence, or renal-transplant recipient state; absence of a matched term does not establish absence of disease.",no_explicit_renal_status_exclusion
mover,Dissection of ascending aorta (CMS-HCC),441.01,include,"No sufficiently explicit recorded ESRD, chronic dialysis dependence, or renal-transplant recipient state; absence of a matched term does not establish absence of disease.",no_explicit_renal_status_exclusion
mover,Dissection of thoracic aorta (CMS-HCC),441.01,include,"No sufficiently explicit recorded ESRD, chronic dialysis dependence, or renal-transplant recipient state; absence of a matched term does not establish absence of disease.",no_explicit_renal_status_exclusion
mover,Thoracic aortic dissection (CMS-HCC),441.01,include,"No sufficiently explicit recorded ESRD, chronic dialysis dependence, or renal-transplant recipient state; absence of a matched term does not establish absence of disease.",no_explicit_renal_status_exclusion
mover,Type 1 dissection of ascending aorta,441.01,include,"No sufficiently explicit recorded ESRD, chronic dialysis dependence, or renal-transplant recipient state; absence of a matched term does not establish absence of disease.",no_explicit_renal_status_exclusion
mover,Type 1 dissection of ascending aorta (CMS-HCC),441.01,include,"No sufficiently explicit recorded ESRD, chronic dialysis dependence, or renal-transplant recipient state; absence of a matched term does not establish absence of disease.",no_explicit_renal_status_exclusion
mover,Type 1 dissection of thoracic aorta (CMS-HCC),441.01,include,"No sufficiently explicit recorded ESRD, chronic dialysis dependence, or renal-transplant recipient state; absence of a matched term does not establish absence of disease.",no_explicit_renal_status_exclusion
mover,"Aortic dissection, abdominal (CMS-HCC)",441.02,include,"No sufficiently explicit recorded ESRD, chronic dialysis dependence, or renal-transplant recipient state; absence of a matched term does not establish absence of disease.",no_explicit_renal_status_exclusion
mover,Dissection of abdominal aorta (CMS-HCC),441.02,include,"No sufficiently explicit recorded ESRD, chronic dialysis dependence, or renal-transplant recipient state; absence of a matched term does not establish absence of disease.",no_explicit_renal_status_exclusion
mover,"Dissection of aorta, thoracoabdominal (CMS-HCC)",441.03,include,"No sufficiently explicit recorded ESRD, chronic dialysis dependence, or renal-transplant recipient state; absence of a matched term does not establish absence of disease.",no_explicit_renal_status_exclusion
mover,Dissection of thoracoabdominal aorta (CMS-HCC),441.03,include,"No sufficiently explicit recorded ESRD, chronic dialysis dependence, or renal-transplant recipient state; absence of a matched term does not establish absence of disease.",no_explicit_renal_status_exclusion
mover,Ruptured aneurysm of thoracic aorta,441.1,include,"No sufficiently explicit recorded ESRD, chronic dialysis dependence, or renal-transplant recipient state; absence of a matched term does not establish absence of disease.",no_explicit_renal_status_exclusion
mover,Aneurysm of aortic arch (CMS-HCC),441.2,include,"No sufficiently explicit recorded ESRD, chronic dialysis dependence, or renal-transplant recipient state; absence of a matched term does not establish absence of disease.",no_explicit_renal_status_exclusion
mover,Aneurysm of ascending aorta,441.2,include,"No sufficiently explicit recorded ESRD, chronic dialysis dependence, or renal-transplant recipient state; absence of a matched term does not establish absence of disease.",no_explicit_renal_status_exclusion
mover,Aneurysm of descending thoracic aorta,441.2,include,"No sufficiently explicit recorded ESRD, chronic dialysis dependence, or renal-transplant recipient state; absence of a matched term does not establish absence of disease.",no_explicit_renal_status_exclusion
mover,Aneurysm of descending thoracic aorta (CMS-HCC),441.2,include,"No sufficiently explicit recorded ESRD, chronic dialysis dependence, or renal-transplant recipient state; absence of a matched term does not establish absence of disease.",no_explicit_renal_status_exclusion
mover,Aneurysm of thoracic aorta,441.2,include,"No sufficiently explicit recorded ESRD, chronic dialysis dependence, or renal-transplant recipient state; absence of a matched term does not establish absence of disease.",no_explicit_renal_status_exclusion
mover,"Aortic aneurysm, thoracic (CMS-HCC)",441.2,include,"No sufficiently explicit recorded ESRD, chronic dialysis dependence, or renal-transplant recipient state; absence of a matched term does not establish absence of disease.",no_explicit_renal_status_exclusion
mover,Aortic arch aneurysm (CMS-HCC),441.2,include,"No sufficiently explicit recorded ESRD, chronic dialysis dependence, or renal-transplant recipient state; absence of a matched term does not establish absence of disease.",no_explicit_renal_status_exclusion
mover,Ascending aortic aneurysm,441.2,include,"No sufficiently explicit recorded ESRD, chronic dialysis dependence, or renal-transplant recipient state; absence of a matched term does not establish absence of disease.",no_explicit_renal_status_exclusion
mover,Ascending aortic aneurysm (CMS-HCC),441.2,include,"No sufficiently explicit recorded ESRD, chronic dialysis dependence, or renal-transplant recipient state; absence of a matched term does not establish absence of disease.",no_explicit_renal_status_exclusion
mover,Descending aortic arch aneurysm (CMS-HCC),441.2,include,"No sufficiently explicit recorded ESRD, chronic dialysis dependence, or renal-transplant recipient state; absence of a matched term does not establish absence of disease.",no_explicit_renal_status_exclusion
mover,Descending thoracic aortic aneurysm,441.2,include,"No sufficiently explicit recorded ESRD, chronic dialysis dependence, or renal-transplant recipient state; absence of a matched term does not establish absence of disease.",no_explicit_renal_status_exclusion
mover,Descending thoracic aortic aneurysm (CMS-HCC),441.2,include,"No sufficiently explicit recorded ESRD, chronic dialysis dependence, or renal-transplant recipient state; absence of a matched term does not establish absence of disease.",no_explicit_renal_status_exclusion
mover,Thoracic aortic aneurysm,441.2,include,"No sufficiently explicit recorded ESRD, chronic dialysis dependence, or renal-transplant recipient state; absence of a matched term does not establish absence of disease.",no_explicit_renal_status_exclusion
mover,Thoracic aortic aneurysm (CMS-HCC),441.2,include,"No sufficiently explicit recorded ESRD, chronic dialysis dependence, or renal-transplant recipient state; absence of a matched term does not establish absence of disease.",no_explicit_renal_status_exclusion
mover,Thoracic aortic aneurysm without rupture,441.2,include,"No sufficiently explicit recorded ESRD, chronic dialysis dependence, or renal-transplant recipient state; absence of a matched term does not establish absence of disease.",no_explicit_renal_status_exclusion
mover,Thoracic aortic aneurysm without rupture (CMS-HCC),441.2,include,"No sufficiently explicit recorded ESRD, chronic dialysis dependence, or renal-transplant recipient state; absence of a matched term does not establish absence of disease.",no_explicit_renal_status_exclusion
mover,Thoracic ascending aortic aneurysm (CMS-HCC),441.2,include,"No sufficiently explicit recorded ESRD, chronic dialysis dependence, or renal-transplant recipient state; absence of a matched term does not establish absence of disease.",no_explicit_renal_status_exclusion
mover,"AAA (abdominal aortic aneurysm, ruptured)",441.3,include,"No sufficiently explicit recorded ESRD, chronic dialysis dependence, or renal-transplant recipient state; absence of a matched term does not establish absence of disease.",no_explicit_renal_status_exclusion
mover,"AAA (abdominal aortic aneurysm, ruptured) (CMS-HCC)",441.3,include,"No sufficiently explicit recorded ESRD, chronic dialysis dependence, or renal-transplant recipient state; absence of a matched term does not establish absence of disease.",no_explicit_renal_status_exclusion
mover,Abdominal aortic aneurysm rupture,441.3,include,"No sufficiently explicit recorded ESRD, chronic dialysis dependence, or renal-transplant recipient state; absence of a matched term does not establish absence of disease.",no_explicit_renal_status_exclusion
mover,AAA (abdominal aortic aneurysm),441.4,include,"No sufficiently explicit recorded ESRD, chronic dialysis dependence, or renal-transplant recipient state; absence of a matched term does not establish absence of disease.",no_explicit_renal_status_exclusion
mover,AAA (abdominal aortic aneurysm) (CMS-HCC),441.4,include,"No sufficiently explicit recorded ESRD, chronic dialysis dependence, or renal-transplant recipient state; absence of a matched term does not establish absence of disease.",no_explicit_renal_status_exclusion
mover,AAA (abdominal aortic aneurysm) without rupture,441.4,include,"No sufficiently explicit recorded ESRD, chronic dialysis dependence, or renal-transplant recipient state; absence of a matched term does not establish absence of disease.",no_explicit_renal_status_exclusion
mover,AAA (abdominal aortic aneurysm) without rupture (CMS-HCC),441.4,include,"No sufficiently explicit recorded ESRD, chronic dialysis dependence, or renal-transplant recipient state; absence of a matched term does not establish absence of disease.",no_explicit_renal_status_exclusion
mover,Abdominal aortic aneurysm,441.4,include,"No sufficiently explicit recorded ESRD, chronic dialysis dependence, or renal-transplant recipient state; absence of a matched term does not establish absence of disease.",no_explicit_renal_status_exclusion
mover,Abdominal aortic aneurysm (CMS-HCC),441.4,include,"No sufficiently explicit recorded ESRD, chronic dialysis dependence, or renal-transplant recipient state; absence of a matched term does not establish absence of disease.",no_explicit_renal_status_exclusion
mover,Abdominal aortic aneurysm without rupture,441.4,include,"No sufficiently explicit recorded ESRD, chronic dialysis dependence, or renal-transplant recipient state; absence of a matched term does not establish absence of disease.",no_explicit_renal_status_exclusion
mover,Abdominal aortic aneurysm without rupture (CMS-HCC),441.4,include,"No sufficiently explicit recorded ESRD, chronic dialysis dependence, or renal-transplant recipient state; absence of a matched term does not establish absence of disease.",no_explicit_renal_status_exclusion
mover,Aneurysm of abdominal aorta (CMS-HCC),441.4,include,"No sufficiently explicit recorded ESRD, chronic dialysis dependence, or renal-transplant recipient state; absence of a matched term does not establish absence of disease.",no_explicit_renal_status_exclusion
mover,Aneurysm of infrarenal abdominal aorta,441.4,include,"No sufficiently explicit recorded ESRD, chronic dialysis dependence, or renal-transplant recipient state; absence of a matched term does not establish absence of disease.",no_explicit_renal_status_exclusion
mover,"Aortic aneurysm, abdominal",441.4,include,"No sufficiently explicit recorded ESRD, chronic dialysis dependence, or renal-transplant recipient state; absence of a matched term does not establish absence of disease.",no_explicit_renal_status_exclusion
mover,"Aortic aneurysm, abdominal (CMS-HCC)",441.4,include,"No sufficiently explicit recorded ESRD, chronic dialysis dependence, or renal-transplant recipient state; absence of a matched term does not establish absence of disease.",no_explicit_renal_status_exclusion
mover,Aortic aneurysm rupture (CMS-HCC),441.5,include,"No sufficiently explicit recorded ESRD, chronic dialysis dependence, or renal-transplant recipient state; absence of a matched term does not establish absence of disease.",no_explicit_renal_status_exclusion
mover,Aortic rupture (CMS-HCC),441.5,include,"No sufficiently explicit recorded ESRD, chronic dialysis dependence, or renal-transplant recipient state; absence of a matched term does not establish absence of disease.",no_explicit_renal_status_exclusion
mover,Rupture of aorta (CMS-HCC),441.5,include,"No sufficiently explicit recorded ESRD, chronic dialysis dependence, or renal-transplant recipient state; absence of a matched term does not establish absence of disease.",no_explicit_renal_status_exclusion
mover,Ruptured aneurysm of thoracoabdominal aorta (CMS-HCC),441.6,include,"No sufficiently explicit recorded ESRD, chronic dialysis dependence, or renal-transplant recipient state; absence of a matched term does not establish absence of disease.",no_explicit_renal_status_exclusion
mover,Abscess of aortic root,441.9,include,"No sufficiently explicit recorded ESRD, chronic dialysis dependence, or renal-transplant recipient state; absence of a matched term does not establish absence of disease.",no_explicit_renal_status_exclusion
mover,Aneurysm of aortic root,441.9,include,"No sufficiently explicit recorded ESRD, chronic dialysis dependence, or renal-transplant recipient state; absence of a matched term does not establish absence of disease.",no_explicit_renal_status_exclusion
mover,Aneurysm of aortic root (CMS-HCC),441.9,include,"No sufficiently explicit recorded ESRD, chronic dialysis dependence, or renal-transplant recipient state; absence of a matched term does not establish absence of disease.",no_explicit_renal_status_exclusion
mover,Aortic aneurysm (CMS-HCC),441.9,include,"No sufficiently explicit recorded ESRD, chronic dialysis dependence, or renal-transplant recipient state; absence of a matched term does not establish absence of disease.",no_explicit_renal_status_exclusion
mover,Aortic aneurysm without rupture (CMS-HCC),441.9,include,"No sufficiently explicit recorded ESRD, chronic dialysis dependence, or renal-transplant recipient state; absence of a matched term does not establish absence of disease.",no_explicit_renal_status_exclusion
mover,Aortic arch pseudoaneurysm,441.9,include,"No sufficiently explicit recorded ESRD, chronic dialysis dependence, or renal-transplant recipient state; absence of a matched term does not establish absence of disease.",no_explicit_renal_status_exclusion
mover,Aortic root aneurysm,441.9,include,"No sufficiently explicit recorded ESRD, chronic dialysis dependence, or renal-transplant recipient state; absence of a matched term does not establish absence of disease.",no_explicit_renal_status_exclusion
mover,Descending aortic aneurysm (CMS-HCC),441.9,include,"No sufficiently explicit recorded ESRD, chronic dialysis dependence, or renal-transplant recipient state; absence of a matched term does not establish absence of disease.",no_explicit_renal_status_exclusion
mover,Pseudoaneurysm of aortic arch,441.9,include,"No sufficiently explicit recorded ESRD, chronic dialysis dependence, or renal-transplant recipient state; absence of a matched term does not establish absence of disease.",no_explicit_renal_status_exclusion
mover,Pseudoaneurysm of aortic arch (CMS-HCC),441.9,include,"No sufficiently explicit recorded ESRD, chronic dialysis dependence, or renal-transplant recipient state; absence of a matched term does not establish absence of disease.",no_explicit_renal_status_exclusion
mover,"Aneurysm artery, renal (CMS-HCC)",442.1,include,"No sufficiently explicit recorded ESRD, chronic dialysis dependence, or renal-transplant recipient state; absence of a matched term does not establish absence of disease.",no_explicit_renal_status_exclusion
mover,Renal artery aneurysm (CMS-HCC),442.1,include,"No sufficiently explicit recorded ESRD, chronic dialysis dependence, or renal-transplant recipient state; absence of a matched term does not establish absence of disease.",no_explicit_renal_status_exclusion
mover,Renal artery pseudoaneurysm (CMS-HCC),442.1,include,"No sufficiently explicit recorded ESRD, chronic dialysis dependence, or renal-transplant recipient state; absence of a matched term does not establish absence of disease.",no_explicit_renal_status_exclusion
mover,Renal artery dissection (CMS-HCC),443.23,include,"No sufficiently explicit recorded ESRD, chronic dialysis dependence, or renal-transplant recipient state; absence of a matched term does not establish absence of disease.",no_explicit_renal_status_exclusion
mover,Aortic bifurcation thrombosis (CMS-HCC),444.09,include,"No sufficiently explicit recorded ESRD, chronic dialysis dependence, or renal-transplant recipient state; absence of a matched term does not establish absence of disease.",no_explicit_renal_status_exclusion
mover,Aortoiliac obstruction (CMS-HCC),444.09,include,"No sufficiently explicit recorded ESRD, chronic dialysis dependence, or renal-transplant recipient state; absence of a matched term does not establish absence of disease.",no_explicit_renal_status_exclusion
mover,Aortoiliac occlusive disease (CMS-HCC),444.09,include,"No sufficiently explicit recorded ESRD, chronic dialysis dependence, or renal-transplant recipient state; absence of a matched term does not establish absence of disease.",no_explicit_renal_status_exclusion
mover,Chronic distal aortic occlusion (CMS-HCC),444.09,include,"No sufficiently explicit recorded ESRD, chronic dialysis dependence, or renal-transplant recipient state; absence of a matched term does not establish absence of disease.",no_explicit_renal_status_exclusion
mover,Embolism and thrombosis of abdominal aorta (CMS-HCC),444.09,include,"No sufficiently explicit recorded ESRD, chronic dialysis dependence, or renal-transplant recipient state; absence of a matched term does not establish absence of disease.",no_explicit_renal_status_exclusion
mover,Terminal aortic occlusion (CMS-HCC),444.09,include,"No sufficiently explicit recorded ESRD, chronic dialysis dependence, or renal-transplant recipient state; absence of a matched term does not establish absence of disease.",no_explicit_renal_status_exclusion
mover,Thrombosis of abdominal aorta (CMS-HCC),444.09,include,"No sufficiently explicit recorded ESRD, chronic dialysis dependence, or renal-transplant recipient state; absence of a matched term does not establish absence of disease.",no_explicit_renal_status_exclusion
mover,Aortic embolism or thrombosis (CMS-HCC),444.1,include,"No sufficiently explicit recorded ESRD, chronic dialysis dependence, or renal-transplant recipient state; absence of a matched term does not establish absence of disease.",no_explicit_renal_status_exclusion
mover,Aortic mural thrombus (CMS-HCC),444.1,include,"No sufficiently explicit recorded ESRD, chronic dialysis dependence, or renal-transplant recipient state; absence of a matched term does not establish absence of disease.",no_explicit_renal_status_exclusion
mover,Aortic thrombus (CMS-HCC),444.1,include,"No sufficiently explicit recorded ESRD, chronic dialysis dependence, or renal-transplant recipient state; absence of a matched term does not establish absence of disease.",no_explicit_renal_status_exclusion
mover,Thrombus of aorta (CMS-HCC),444.1,include,"No sufficiently explicit recorded ESRD, chronic dialysis dependence, or renal-transplant recipient state; absence of a matched term does not establish absence of disease.",no_explicit_renal_status_exclusion
mover,Aortoduodenal fistula (CMS-HCC),447.2,include,"No sufficiently explicit recorded ESRD, chronic dialysis dependence, or renal-transplant recipient state; absence of a matched term does not establish absence of disease.",no_explicit_renal_status_exclusion
mover,Aortitis (CMS-HCC),447.6,include,"No sufficiently explicit recorded ESRD, chronic dialysis dependence, or renal-transplant recipient state; absence of a matched term does not establish absence of disease.",no_explicit_renal_status_exclusion
mover,Ectasis aorta (CMS-HCC),447.70,include,"No sufficiently explicit recorded ESRD, chronic dialysis dependence, or renal-transplant recipient state; absence of a matched term does not establish absence of disease.",no_explicit_renal_status_exclusion
mover,Ectatic aorta (CMS-HCC),447.70,include,"No sufficiently explicit recorded ESRD, chronic dialysis dependence, or renal-transplant recipient state; absence of a matched term does not establish absence of disease.",no_explicit_renal_status_exclusion
mover,Aortic root dilatation (CMS-HCC),447.71,include,"No sufficiently explicit recorded ESRD, chronic dialysis dependence, or renal-transplant recipient state; absence of a matched term does not establish absence of disease.",no_explicit_renal_status_exclusion
mover,Aortic root dilation (CMS-HCC),447.71,include,"No sufficiently explicit recorded ESRD, chronic dialysis dependence, or renal-transplant recipient state; absence of a matched term does not establish absence of disease.",no_explicit_renal_status_exclusion
mover,Ascending aorta dilatation (CMS-HCC),447.71,include,"No sufficiently explicit recorded ESRD, chronic dialysis dependence, or renal-transplant recipient state; absence of a matched term does not establish absence of disease.",no_explicit_renal_status_exclusion
mover,Ascending aorta dilation (CMS-HCC),447.71,include,"No sufficiently explicit recorded ESRD, chronic dialysis dependence, or renal-transplant recipient state; absence of a matched term does not establish absence of disease.",no_explicit_renal_status_exclusion
mover,Dilated aortic root (CMS-HCC),447.71,include,"No sufficiently explicit recorded ESRD, chronic dialysis dependence, or renal-transplant recipient state; absence of a matched term does not establish absence of disease.",no_explicit_renal_status_exclusion
mover,Ascending aorta enlargement (CMS-HCC),447.8,include,"No sufficiently explicit recorded ESRD, chronic dialysis dependence, or renal-transplant recipient state; absence of a matched term does not establish absence of disease.",no_explicit_renal_status_exclusion
mover,Hemodialysis-associated hypotension,458.21,include,"Acute dialysis, access presence/complication, preference, negation, or nonspecific dialysis wording does not establish chronic dependence; retain absent another explicit exclusion. Retinal dialysis is unrelated.",dialysis_related_not_chronic_dependence
mover,Collapse of nasal valve,478.19,include,"No sufficiently explicit recorded ESRD, chronic dialysis dependence, or renal-transplant recipient state; absence of a matched term does not establish absence of disease.",no_explicit_renal_status_exclusion
mover,Nasal valve blockage,478.19,include,"No sufficiently explicit recorded ESRD, chronic dialysis dependence, or renal-transplant recipient state; absence of a matched term does not establish absence of disease.",no_explicit_renal_status_exclusion
mover,Nasal valve collapse,478.19,include,"No sufficiently explicit recorded ESRD, chronic dialysis dependence, or renal-transplant recipient state; absence of a matched term does not establish absence of disease.",no_explicit_renal_status_exclusion
mover,Nasal valve stenosis,478.19,include,"No sufficiently explicit recorded ESRD, chronic dialysis dependence, or renal-transplant recipient state; absence of a matched term does not establish absence of disease.",no_explicit_renal_status_exclusion
mover,Obstruction of nasal valve,478.19,include,"No sufficiently explicit recorded ESRD, chronic dialysis dependence, or renal-transplant recipient state; absence of a matched term does not establish absence of disease.",no_explicit_renal_status_exclusion
mover,Pulmonary edema cardiac cause (CMS-HCC),514,include,"No sufficiently explicit recorded ESRD, chronic dialysis dependence, or renal-transplant recipient state; absence of a matched term does not establish absence of disease.",no_explicit_renal_status_exclusion
mover,Incarcerated incisional hernia following transplant,552.21,include,"No sufficiently explicit recorded ESRD, chronic dialysis dependence, or renal-transplant recipient state; absence of a matched term does not establish absence of disease.",no_explicit_renal_status_exclusion
mover,Incisional hernia following transplant,553.21,include,"No sufficiently explicit recorded ESRD, chronic dialysis dependence, or renal-transplant recipient state; absence of a matched term does not establish absence of disease.",no_explicit_renal_status_exclusion
mover,Cardiac cirrhosis,571.5,include,"No sufficiently explicit recorded ESRD, chronic dialysis dependence, or renal-transplant recipient state; absence of a matched term does not establish absence of disease.",no_explicit_renal_status_exclusion
mover,"Cirrhosis, cardiac",571.5,include,"No sufficiently explicit recorded ESRD, chronic dialysis dependence, or renal-transplant recipient state; absence of a matched term does not establish absence of disease.",no_explicit_renal_status_exclusion
mover,Hepatorenal syndrome (CMS-HCC),572.4,include,"No sufficiently explicit recorded ESRD, chronic dialysis dependence, or renal-transplant recipient state; absence of a matched term does not establish absence of disease.",no_explicit_renal_status_exclusion
mover,Acute renal failure with tubular necrosis (CMS-HCC),584.5,include,"No sufficiently explicit recorded ESRD, chronic dialysis dependence, or renal-transplant recipient state; absence of a matched term does not establish absence of disease.",no_explicit_renal_status_exclusion
mover,AKI (acute kidney injury) (CMS-HCC),584.9,include,"No sufficiently explicit recorded ESRD, chronic dialysis dependence, or renal-transplant recipient state; absence of a matched term does not establish absence of disease.",no_explicit_renal_status_exclusion
mover,ARF (acute renal failure) (CMS-HCC),584.9,include,"No sufficiently explicit recorded ESRD, chronic dialysis dependence, or renal-transplant recipient state; absence of a matched term does not establish absence of disease.",no_explicit_renal_status_exclusion
mover,Acute kidney failure (CMS-HCC),584.9,include,"No sufficiently explicit recorded ESRD, chronic dialysis dependence, or renal-transplant recipient state; absence of a matched term does not establish absence of disease.",no_explicit_renal_status_exclusion
mover,Acute kidney injury (CMS-HCC),584.9,include,"No sufficiently explicit recorded ESRD, chronic dialysis dependence, or renal-transplant recipient state; absence of a matched term does not establish absence of disease.",no_explicit_renal_status_exclusion
mover,Acute kidney injury (nontraumatic) (CMS-HCC),584.9,include,"No sufficiently explicit recorded ESRD, chronic dialysis dependence, or renal-transplant recipient state; absence of a matched term does not establish absence of disease.",no_explicit_renal_status_exclusion
mover,Acute nontraumatic kidney injury (CMS-HCC),584.9,include,"No sufficiently explicit recorded ESRD, chronic dialysis dependence, or renal-transplant recipient state; absence of a matched term does not establish absence of disease.",no_explicit_renal_status_exclusion
mover,Acute on chronic kidney failure (CMS-HCC),584.9,include,"No sufficiently explicit recorded ESRD, chronic dialysis dependence, or renal-transplant recipient state; absence of a matched term does not establish absence of disease.",no_explicit_renal_status_exclusion
mover,Acute on chronic renal failure (CMS-HCC),584.9,include,"No sufficiently explicit recorded ESRD, chronic dialysis dependence, or renal-transplant recipient state; absence of a matched term does not establish absence of disease.",no_explicit_renal_status_exclusion
mover,Acute renal failure (ARF) (CMS-HCC),584.9,include,"No sufficiently explicit recorded ESRD, chronic dialysis dependence, or renal-transplant recipient state; absence of a matched term does not establish absence of disease.",no_explicit_renal_status_exclusion
mover,Acute renal failure (CMS-HCC),584.9,include,"No sufficiently explicit recorded ESRD, chronic dialysis dependence, or renal-transplant recipient state; absence of a matched term does not establish absence of disease.",no_explicit_renal_status_exclusion
mover,Acute renal injury (CMS-HCC),584.9,include,"No sufficiently explicit recorded ESRD, chronic dialysis dependence, or renal-transplant recipient state; absence of a matched term does not establish absence of disease.",no_explicit_renal_status_exclusion
mover,Acute-on-chronic kidney injury (CMS-HCC),584.9,include,"No sufficiently explicit recorded ESRD, chronic dialysis dependence, or renal-transplant recipient state; absence of a matched term does not establish absence of disease.",no_explicit_renal_status_exclusion
mover,"CKD (chronic kidney disease) stage 2, GFR 60-89 ml/min",585.2,include,"No sufficiently explicit recorded ESRD, chronic dialysis dependence, or renal-transplant recipient state; absence of a matched term does not establish absence of disease.",no_explicit_renal_status_exclusion
mover,"CKD (chronic kidney disease), stage II",585.2,include,"No sufficiently explicit recorded ESRD, chronic dialysis dependence, or renal-transplant recipient state; absence of a matched term does not establish absence of disease.",no_explicit_renal_status_exclusion
mover,"Chronic kidney disease (CKD), stage II (mild)",585.2,include,"No sufficiently explicit recorded ESRD, chronic dialysis dependence, or renal-transplant recipient state; absence of a matched term does not establish absence of disease.",no_explicit_renal_status_exclusion
mover,"Chronic kidney disease, stage II (mild)",585.2,include,"No sufficiently explicit recorded ESRD, chronic dialysis dependence, or renal-transplant recipient state; absence of a matched term does not establish absence of disease.",no_explicit_renal_status_exclusion
mover,"CKD (chronic kidney disease) stage 3, GFR 30-59 ml/min",585.3,include,"No sufficiently explicit recorded ESRD, chronic dialysis dependence, or renal-transplant recipient state; absence of a matched term does not establish absence of disease.",no_explicit_renal_status_exclusion
mover,"CKD (chronic kidney disease) stage 3, GFR 30-59 ml/min (CMS-HCC)",585.3,include,"No sufficiently explicit recorded ESRD, chronic dialysis dependence, or renal-transplant recipient state; absence of a matched term does not establish absence of disease.",no_explicit_renal_status_exclusion
mover,"CKD (chronic kidney disease), stage III",585.3,include,"No sufficiently explicit recorded ESRD, chronic dialysis dependence, or renal-transplant recipient state; absence of a matched term does not establish absence of disease.",no_explicit_renal_status_exclusion
mover,"CKD (chronic kidney disease), stage III (CMS-HCC)",585.3,include,"No sufficiently explicit recorded ESRD, chronic dialysis dependence, or renal-transplant recipient state; absence of a matched term does not establish absence of disease.",no_explicit_renal_status_exclusion
mover,"Chronic kidney disease (CKD), stage III (moderate) (CMS-HCC)",585.3,include,"No sufficiently explicit recorded ESRD, chronic dialysis dependence, or renal-transplant recipient state; absence of a matched term does not establish absence of disease.",no_explicit_renal_status_exclusion
mover,"Chronic kidney disease, stage III (moderate)",585.3,include,"No sufficiently explicit recorded ESRD, chronic dialysis dependence, or renal-transplant recipient state; absence of a matched term does not establish absence of disease.",no_explicit_renal_status_exclusion
mover,"Chronic kidney disease, stage III (moderate) (CMS-HCC)",585.3,include,"No sufficiently explicit recorded ESRD, chronic dialysis dependence, or renal-transplant recipient state; absence of a matched term does not establish absence of disease.",no_explicit_renal_status_exclusion
mover,"Chronic renal disease, stage III",585.3,include,"No sufficiently explicit recorded ESRD, chronic dialysis dependence, or renal-transplant recipient state; absence of a matched term does not establish absence of disease.",no_explicit_renal_status_exclusion
mover,"Chronic renal disease, stage III (CMS-HCC)",585.3,include,"No sufficiently explicit recorded ESRD, chronic dialysis dependence, or renal-transplant recipient state; absence of a matched term does not establish absence of disease.",no_explicit_renal_status_exclusion
mover,"Chronic renal insufficiency, stage III (moderate) (CMS-HCC)",585.3,include,"No sufficiently explicit recorded ESRD, chronic dialysis dependence, or renal-transplant recipient state; absence of a matched term does not establish absence of disease.",no_explicit_renal_status_exclusion
mover,"CKD (chronic kidney disease) stage 4, GFR 15-29 ml/min (CMS-HCC)",585.4,include,"No sufficiently explicit recorded ESRD, chronic dialysis dependence, or renal-transplant recipient state; absence of a matched term does not establish absence of disease.",no_explicit_renal_status_exclusion
mover,"CKD (chronic kidney disease), stage IV (CMS-HCC)",585.4,include,"No sufficiently explicit recorded ESRD, chronic dialysis dependence, or renal-transplant recipient state; absence of a matched term does not establish absence of disease.",no_explicit_renal_status_exclusion
mover,"Chronic kidney disease, stage IV (severe) (CMS-HCC)",585.4,include,"No sufficiently explicit recorded ESRD, chronic dialysis dependence, or renal-transplant recipient state; absence of a matched term does not establish absence of disease.",no_explicit_renal_status_exclusion
mover,"Kidney disease, chronic, stage IV (GFR 15-29 ml/min) (CMS-HCC)",585.4,include,"No sufficiently explicit recorded ESRD, chronic dialysis dependence, or renal-transplant recipient state; absence of a matched term does not establish absence of disease.",no_explicit_renal_status_exclusion
mover,"CKD (chronic kidney disease) stage 5, GFR less than 15 ml/min (CMS-HCC)",585.5,include,"No sufficiently explicit recorded ESRD, chronic dialysis dependence, or renal-transplant recipient state; absence of a matched term does not establish absence of disease.",no_explicit_renal_status_exclusion
mover,"CKD (chronic kidney disease), stage V (CMS-HCC)",585.5,include,"No sufficiently explicit recorded ESRD, chronic dialysis dependence, or renal-transplant recipient state; absence of a matched term does not establish absence of disease.",no_explicit_renal_status_exclusion
mover,"Chronic kidney disease (CKD), stage V (CMS-HCC)",585.5,include,"No sufficiently explicit recorded ESRD, chronic dialysis dependence, or renal-transplant recipient state; absence of a matched term does not establish absence of disease.",no_explicit_renal_status_exclusion
mover,"Chronic kidney disease, stage V (CMS-HCC)",585.5,include,"No sufficiently explicit recorded ESRD, chronic dialysis dependence, or renal-transplant recipient state; absence of a matched term does not establish absence of disease.",no_explicit_renal_status_exclusion
mover,"Chronic kidney disease, stage V (very severe) (CMS-HCC)",585.5,include,"No sufficiently explicit recorded ESRD, chronic dialysis dependence, or renal-transplant recipient state; absence of a matched term does not establish absence of disease.",no_explicit_renal_status_exclusion
mover,"Chronic renal disease, stage V (CMS-HCC)",585.5,include,"No sufficiently explicit recorded ESRD, chronic dialysis dependence, or renal-transplant recipient state; absence of a matched term does not establish absence of disease.",no_explicit_renal_status_exclusion
mover,CKD (chronic kidney disease) requiring chronic dialysis (CMS-HCC),585.6,exclude,Exact text or unambiguous ESRD code documents ESRD in the permitted same-case record; time of documentation is not established as preoperative.,explicit_recorded_esrd
mover,CKD (chronic kidney disease) stage V requiring chronic dialysis (CMS-HCC),585.6,exclude,Exact text or unambiguous ESRD code documents ESRD in the permitted same-case record; time of documentation is not established as preoperative.,explicit_recorded_esrd
mover,Chronic kidney disease requiring chronic dialysis (CMS-HCC),585.6,exclude,Exact text or unambiguous ESRD code documents ESRD in the permitted same-case record; time of documentation is not established as preoperative.,explicit_recorded_esrd
mover,"Chronic kidney disease, stage V requiring chronic dialysis (CMS-HCC)",585.6,exclude,Exact text or unambiguous ESRD code documents ESRD in the permitted same-case record; time of documentation is not established as preoperative.,explicit_recorded_esrd
mover,ESRD (end stage renal disease) (CMS-HCC),585.6,exclude,Exact text or unambiguous ESRD code documents ESRD in the permitted same-case record; time of documentation is not established as preoperative.,explicit_recorded_esrd
mover,ESRD (end stage renal disease) on dialysis (CMS-HCC),585.6,exclude,Exact text or unambiguous ESRD code documents ESRD in the permitted same-case record; time of documentation is not established as preoperative.,explicit_recorded_esrd
mover,ESRD needing dialysis (CMS-HCC),585.6,exclude,Exact text or unambiguous ESRD code documents ESRD in the permitted same-case record; time of documentation is not established as preoperative.,explicit_recorded_esrd
mover,ESRD on dialysis (CMS-HCC),585.6,exclude,Exact text or unambiguous ESRD code documents ESRD in the permitted same-case record; time of documentation is not established as preoperative.,explicit_recorded_esrd
mover,ESRD on hemodialysis (CMS-HCC),585.6,exclude,Exact text or unambiguous ESRD code documents ESRD in the permitted same-case record; time of documentation is not established as preoperative.,explicit_recorded_esrd
mover,ESRD on peritoneal dialysis (CMS-HCC),585.6,exclude,Exact text or unambiguous ESRD code documents ESRD in the permitted same-case record; time of documentation is not established as preoperative.,explicit_recorded_esrd
mover,Encounter regarding vascular access for dialysis for ESRD (CMS-HCC),585.6,exclude,Exact text or unambiguous ESRD code documents ESRD in the permitted same-case record; time of documentation is not established as preoperative.,explicit_recorded_esrd
mover,Encounter regarding vascular access for dialysis for end-stage renal disease (CMS-HCC),585.6,exclude,Exact text or unambiguous ESRD code documents ESRD in the permitted same-case record; time of documentation is not established as preoperative.,explicit_recorded_esrd
mover,End stage kidney disease (CMS-HCC),585.6,exclude,Exact text or unambiguous ESRD code documents ESRD in the permitted same-case record; time of documentation is not established as preoperative.,explicit_recorded_esrd
mover,End stage renal disease (CMS-HCC),585.6,exclude,Exact text or unambiguous ESRD code documents ESRD in the permitted same-case record; time of documentation is not established as preoperative.,explicit_recorded_esrd
mover,End stage renal disease on dialysis (CMS-HCC),585.6,exclude,Exact text or unambiguous ESRD code documents ESRD in the permitted same-case record; time of documentation is not established as preoperative.,explicit_recorded_esrd
mover,End stage renal failure on dialysis (CMS-HCC),585.6,exclude,Exact text or unambiguous ESRD code documents ESRD in the permitted same-case record; time of documentation is not established as preoperative.,explicit_recorded_esrd
mover,End-stage renal disease (CMS-HCC),585.6,exclude,Exact text or unambiguous ESRD code documents ESRD in the permitted same-case record; time of documentation is not established as preoperative.,explicit_recorded_esrd
mover,End-stage renal disease needing dialysis (CMS-HCC),585.6,exclude,Exact text or unambiguous ESRD code documents ESRD in the permitted same-case record; time of documentation is not established as preoperative.,explicit_recorded_esrd
mover,End-stage renal disease on hemodialysis (CMS-HCC),585.6,exclude,Exact text or unambiguous ESRD code documents ESRD in the permitted same-case record; time of documentation is not established as preoperative.,explicit_recorded_esrd
mover,End-stage renal disease on peritoneal dialysis (CMS-HCC),585.6,exclude,Exact text or unambiguous ESRD code documents ESRD in the permitted same-case record; time of documentation is not established as preoperative.,explicit_recorded_esrd
mover,End-stage renal failure with renal transplant (CMS-HCC),585.6,exclude,Exact text or unambiguous ESRD code documents ESRD in the permitted same-case record; time of documentation is not established as preoperative.,explicit_recorded_esrd
mover,CKD (chronic kidney disease),585.9,include,"No sufficiently explicit recorded ESRD, chronic dialysis dependence, or renal-transplant recipient state; absence of a matched term does not establish absence of disease.",no_explicit_renal_status_exclusion
mover,CRF (chronic renal failure),585.9,include,"No sufficiently explicit recorded ESRD, chronic dialysis dependence, or renal-transplant recipient state; absence of a matched term does not establish absence of disease.",no_explicit_renal_status_exclusion
mover,Chronic kidney disease,585.9,include,"No sufficiently explicit recorded ESRD, chronic dialysis dependence, or renal-transplant recipient state; absence of a matched term does not establish absence of disease.",no_explicit_renal_status_exclusion
mover,Chronic kidney disease (CKD),585.9,include,"No sufficiently explicit recorded ESRD, chronic dialysis dependence, or renal-transplant recipient state; absence of a matched term does not establish absence of disease.",no_explicit_renal_status_exclusion
mover,Chronic renal failure,585.9,include,"No sufficiently explicit recorded ESRD, chronic dialysis dependence, or renal-transplant recipient state; absence of a matched term does not establish absence of disease.",no_explicit_renal_status_exclusion
mover,Kidney failure,586,include,"No sufficiently explicit recorded ESRD, chronic dialysis dependence, or renal-transplant recipient state; absence of a matched term does not establish absence of disease.",no_explicit_renal_status_exclusion
mover,Renal failure,586,include,"No sufficiently explicit recorded ESRD, chronic dialysis dependence, or renal-transplant recipient state; absence of a matched term does not establish absence of disease.",no_explicit_renal_status_exclusion
mover,Uremia of renal origin,586,include,"No sufficiently explicit recorded ESRD, chronic dialysis dependence, or renal-transplant recipient state; absence of a matched term does not establish absence of disease.",no_explicit_renal_status_exclusion
mover,Atrophic kidney,587,include,"No sufficiently explicit recorded ESRD, chronic dialysis dependence, or renal-transplant recipient state; absence of a matched term does not establish absence of disease.",no_explicit_renal_status_exclusion
mover,"Atrophic kidney, acquired",587,include,"No sufficiently explicit recorded ESRD, chronic dialysis dependence, or renal-transplant recipient state; absence of a matched term does not establish absence of disease.",no_explicit_renal_status_exclusion
mover,Atrophy of right kidney,587,include,"No sufficiently explicit recorded ESRD, chronic dialysis dependence, or renal-transplant recipient state; absence of a matched term does not establish absence of disease.",no_explicit_renal_status_exclusion
mover,"Atrophy, kidney",587,include,"No sufficiently explicit recorded ESRD, chronic dialysis dependence, or renal-transplant recipient state; absence of a matched term does not establish absence of disease.",no_explicit_renal_status_exclusion
mover,Kidney atrophy,587,include,"No sufficiently explicit recorded ESRD, chronic dialysis dependence, or renal-transplant recipient state; absence of a matched term does not establish absence of disease.",no_explicit_renal_status_exclusion
mover,Renal sclerosis,587,include,"No sufficiently explicit recorded ESRD, chronic dialysis dependence, or renal-transplant recipient state; absence of a matched term does not establish absence of disease.",no_explicit_renal_status_exclusion
mover,Right renal atrophy,587,include,"No sufficiently explicit recorded ESRD, chronic dialysis dependence, or renal-transplant recipient state; absence of a matched term does not establish absence of disease.",no_explicit_renal_status_exclusion
mover,Renal osteodystrophy,588.0,include,"No sufficiently explicit recorded ESRD, chronic dialysis dependence, or renal-transplant recipient state; absence of a matched term does not establish absence of disease.",no_explicit_renal_status_exclusion
mover,Hyperparathyroidism due to renal insufficiency (CMS-HCC),588.81,include,"No sufficiently explicit recorded ESRD, chronic dialysis dependence, or renal-transplant recipient state; absence of a matched term does not establish absence of disease.",no_explicit_renal_status_exclusion
mover,Secondary hyperparathyroidism of renal origin (CMS-HCC),588.81,include,"No sufficiently explicit recorded ESRD, chronic dialysis dependence, or renal-transplant recipient state; absence of a matched term does not establish absence of disease.",no_explicit_renal_status_exclusion
mover,"Secondary hyperparathyroidism, renal (CMS-HCC)",588.81,include,"No sufficiently explicit recorded ESRD, chronic dialysis dependence, or renal-transplant recipient state; absence of a matched term does not establish absence of disease.",no_explicit_renal_status_exclusion
mover,Secondary renal hyperparathyroidism (CMS-HCC),588.81,include,"No sufficiently explicit recorded ESRD, chronic dialysis dependence, or renal-transplant recipient state; absence of a matched term does not establish absence of disease.",no_explicit_renal_status_exclusion
mover,Renal abscess,590.2,include,"No sufficiently explicit recorded ESRD, chronic dialysis dependence, or renal-transplant recipient state; absence of a matched term does not establish absence of disease.",no_explicit_renal_status_exclusion
mover,"Renal abscess, right",590.2,include,"No sufficiently explicit recorded ESRD, chronic dialysis dependence, or renal-transplant recipient state; absence of a matched term does not establish absence of disease.",no_explicit_renal_status_exclusion
mover,Hydronephrosis of left kidney,591,include,"No sufficiently explicit recorded ESRD, chronic dialysis dependence, or renal-transplant recipient state; absence of a matched term does not establish absence of disease.",no_explicit_renal_status_exclusion
mover,Hydronephrosis of right kidney,591,include,"No sufficiently explicit recorded ESRD, chronic dialysis dependence, or renal-transplant recipient state; absence of a matched term does not establish absence of disease.",no_explicit_renal_status_exclusion
mover,Bilateral kidney stones,592.0,include,"No sufficiently explicit recorded ESRD, chronic dialysis dependence, or renal-transplant recipient state; absence of a matched term does not establish absence of disease.",no_explicit_renal_status_exclusion
mover,Calculus of both kidneys,592.0,include,"No sufficiently explicit recorded ESRD, chronic dialysis dependence, or renal-transplant recipient state; absence of a matched term does not establish absence of disease.",no_explicit_renal_status_exclusion
mover,Calculus of kidney,592.0,include,"No sufficiently explicit recorded ESRD, chronic dialysis dependence, or renal-transplant recipient state; absence of a matched term does not establish absence of disease.",no_explicit_renal_status_exclusion
mover,Calculus of kidney and ureter,592.0,include,"No sufficiently explicit recorded ESRD, chronic dialysis dependence, or renal-transplant recipient state; absence of a matched term does not establish absence of disease.",no_explicit_renal_status_exclusion
mover,Calculus of kidney with calculus of ureter,592.0,include,"No sufficiently explicit recorded ESRD, chronic dialysis dependence, or renal-transplant recipient state; absence of a matched term does not establish absence of disease.",no_explicit_renal_status_exclusion
mover,Kidney calculi,592.0,include,"No sufficiently explicit recorded ESRD, chronic dialysis dependence, or renal-transplant recipient state; absence of a matched term does not establish absence of disease.",no_explicit_renal_status_exclusion
mover,Kidney calculus,592.0,include,"No sufficiently explicit recorded ESRD, chronic dialysis dependence, or renal-transplant recipient state; absence of a matched term does not establish absence of disease.",no_explicit_renal_status_exclusion
mover,Kidney stone,592.0,include,"No sufficiently explicit recorded ESRD, chronic dialysis dependence, or renal-transplant recipient state; absence of a matched term does not establish absence of disease.",no_explicit_renal_status_exclusion
mover,Kidney stone on left side,592.0,include,"No sufficiently explicit recorded ESRD, chronic dialysis dependence, or renal-transplant recipient state; absence of a matched term does not establish absence of disease.",no_explicit_renal_status_exclusion
mover,Kidney stone on right side,592.0,include,"No sufficiently explicit recorded ESRD, chronic dialysis dependence, or renal-transplant recipient state; absence of a matched term does not establish absence of disease.",no_explicit_renal_status_exclusion
mover,Kidney stones,592.0,include,"No sufficiently explicit recorded ESRD, chronic dialysis dependence, or renal-transplant recipient state; absence of a matched term does not establish absence of disease.",no_explicit_renal_status_exclusion
mover,Recurrent kidney stones,592.0,include,"No sufficiently explicit recorded ESRD, chronic dialysis dependence, or renal-transplant recipient state; absence of a matched term does not establish absence of disease.",no_explicit_renal_status_exclusion
mover,Renal calculi,592.0,include,"No sufficiently explicit recorded ESRD, chronic dialysis dependence, or renal-transplant recipient state; absence of a matched term does not establish absence of disease.",no_explicit_renal_status_exclusion
mover,Renal calculus,592.0,include,"No sufficiently explicit recorded ESRD, chronic dialysis dependence, or renal-transplant recipient state; absence of a matched term does not establish absence of disease.",no_explicit_renal_status_exclusion
mover,"Renal calculus, left",592.0,include,"No sufficiently explicit recorded ESRD, chronic dialysis dependence, or renal-transplant recipient state; absence of a matched term does not establish absence of disease.",no_explicit_renal_status_exclusion
mover,Renal lithiasis,592.0,include,"No sufficiently explicit recorded ESRD, chronic dialysis dependence, or renal-transplant recipient state; absence of a matched term does not establish absence of disease.",no_explicit_renal_status_exclusion
mover,Renal stone,592.0,include,"No sufficiently explicit recorded ESRD, chronic dialysis dependence, or renal-transplant recipient state; absence of a matched term does not establish absence of disease.",no_explicit_renal_status_exclusion
mover,Renal stones,592.0,include,"No sufficiently explicit recorded ESRD, chronic dialysis dependence, or renal-transplant recipient state; absence of a matched term does not establish absence of disease.",no_explicit_renal_status_exclusion
mover,Right kidney stone,592.0,include,"No sufficiently explicit recorded ESRD, chronic dialysis dependence, or renal-transplant recipient state; absence of a matched term does not establish absence of disease.",no_explicit_renal_status_exclusion
mover,Staghorn kidney stones,592.0,include,"No sufficiently explicit recorded ESRD, chronic dialysis dependence, or renal-transplant recipient state; absence of a matched term does not establish absence of disease.",no_explicit_renal_status_exclusion
mover,Staghorn renal calculus,592.0,include,"No sufficiently explicit recorded ESRD, chronic dialysis dependence, or renal-transplant recipient state; absence of a matched term does not establish absence of disease.",no_explicit_renal_status_exclusion
mover,Stone in kidney,592.0,include,"No sufficiently explicit recorded ESRD, chronic dialysis dependence, or renal-transplant recipient state; absence of a matched term does not establish absence of disease.",no_explicit_renal_status_exclusion
mover,Urinary tract obstruction by kidney stone,592.0,include,"No sufficiently explicit recorded ESRD, chronic dialysis dependence, or renal-transplant recipient state; absence of a matched term does not establish absence of disease.",no_explicit_renal_status_exclusion
mover,Acquired renal cyst of right kidney,593.2,include,"No sufficiently explicit recorded ESRD, chronic dialysis dependence, or renal-transplant recipient state; absence of a matched term does not establish absence of disease.",no_explicit_renal_status_exclusion
mover,"Kidney cyst, acquired",593.2,include,"No sufficiently explicit recorded ESRD, chronic dialysis dependence, or renal-transplant recipient state; absence of a matched term does not establish absence of disease.",no_explicit_renal_status_exclusion
mover,Ischemia and infarction of kidney (CMS-HCC),593.81,include,"No sufficiently explicit recorded ESRD, chronic dialysis dependence, or renal-transplant recipient state; absence of a matched term does not establish absence of disease.",no_explicit_renal_status_exclusion
mover,Kidney infarction (CMS-HCC),593.81,include,"No sufficiently explicit recorded ESRD, chronic dialysis dependence, or renal-transplant recipient state; absence of a matched term does not establish absence of disease.",no_explicit_renal_status_exclusion
mover,Renal artery embolism (CMS-HCC),593.81,include,"No sufficiently explicit recorded ESRD, chronic dialysis dependence, or renal-transplant recipient state; absence of a matched term does not establish absence of disease.",no_explicit_renal_status_exclusion
mover,Renal artery thrombosis of native kidney (CMS-HCC),593.81,include,"No sufficiently explicit recorded ESRD, chronic dialysis dependence, or renal-transplant recipient state; absence of a matched term does not establish absence of disease.",no_explicit_renal_status_exclusion
mover,"Renal hemorrhage, left",593.81,include,"No sufficiently explicit recorded ESRD, chronic dialysis dependence, or renal-transplant recipient state; absence of a matched term does not establish absence of disease.",no_explicit_renal_status_exclusion
mover,"Renal hemorrhage, right",593.81,include,"No sufficiently explicit recorded ESRD, chronic dialysis dependence, or renal-transplant recipient state; absence of a matched term does not establish absence of disease.",no_explicit_renal_status_exclusion
mover,Renal infarct (CMS-HCC),593.81,include,"No sufficiently explicit recorded ESRD, chronic dialysis dependence, or renal-transplant recipient state; absence of a matched term does not establish absence of disease.",no_explicit_renal_status_exclusion
mover,Renal infarction (CMS-HCC),593.81,include,"No sufficiently explicit recorded ESRD, chronic dialysis dependence, or renal-transplant recipient state; absence of a matched term does not establish absence of disease.",no_explicit_renal_status_exclusion
mover,Calyceal diverticulum of kidney,593.89,include,"No sufficiently explicit recorded ESRD, chronic dialysis dependence, or renal-transplant recipient state; absence of a matched term does not establish absence of disease.",no_explicit_renal_status_exclusion
mover,Myeloma kidney disease (CMS-HCC),593.89,include,"No sufficiently explicit recorded ESRD, chronic dialysis dependence, or renal-transplant recipient state; absence of a matched term does not establish absence of disease.",no_explicit_renal_status_exclusion
mover,Acute on chronic renal insufficiency,593.9,include,"No sufficiently explicit recorded ESRD, chronic dialysis dependence, or renal-transplant recipient state; absence of a matched term does not establish absence of disease.",no_explicit_renal_status_exclusion
mover,Acute renal insufficiency,593.9,include,"No sufficiently explicit recorded ESRD, chronic dialysis dependence, or renal-transplant recipient state; absence of a matched term does not establish absence of disease.",no_explicit_renal_status_exclusion
mover,Bilateral renal masses,593.9,include,"No sufficiently explicit recorded ESRD, chronic dialysis dependence, or renal-transplant recipient state; absence of a matched term does not establish absence of disease.",no_explicit_renal_status_exclusion
mover,Disorder of kidney and ureter,593.9,include,"No sufficiently explicit recorded ESRD, chronic dialysis dependence, or renal-transplant recipient state; absence of a matched term does not establish absence of disease.",no_explicit_renal_status_exclusion
mover,Kidney disease,593.9,include,"No sufficiently explicit recorded ESRD, chronic dialysis dependence, or renal-transplant recipient state; absence of a matched term does not establish absence of disease.",no_explicit_renal_status_exclusion
mover,Kidney mass,593.9,include,"No sufficiently explicit recorded ESRD, chronic dialysis dependence, or renal-transplant recipient state; absence of a matched term does not establish absence of disease.",no_explicit_renal_status_exclusion
mover,Left kidney mass,593.9,include,"No sufficiently explicit recorded ESRD, chronic dialysis dependence, or renal-transplant recipient state; absence of a matched term does not establish absence of disease.",no_explicit_renal_status_exclusion
mover,Left renal mass,593.9,include,"No sufficiently explicit recorded ESRD, chronic dialysis dependence, or renal-transplant recipient state; absence of a matched term does not establish absence of disease.",no_explicit_renal_status_exclusion
mover,Non-functioning kidney,593.9,include,"No sufficiently explicit recorded ESRD, chronic dialysis dependence, or renal-transplant recipient state; absence of a matched term does not establish absence of disease.",no_explicit_renal_status_exclusion
mover,Nonfunctioning kidney,593.9,include,"No sufficiently explicit recorded ESRD, chronic dialysis dependence, or renal-transplant recipient state; absence of a matched term does not establish absence of disease.",no_explicit_renal_status_exclusion
mover,Renal disease,593.9,include,"No sufficiently explicit recorded ESRD, chronic dialysis dependence, or renal-transplant recipient state; absence of a matched term does not establish absence of disease.",no_explicit_renal_status_exclusion
mover,Renal insufficiency,593.9,include,"No sufficiently explicit recorded ESRD, chronic dialysis dependence, or renal-transplant recipient state; absence of a matched term does not establish absence of disease.",no_explicit_renal_status_exclusion
mover,Renal lesion,593.9,include,"No sufficiently explicit recorded ESRD, chronic dialysis dependence, or renal-transplant recipient state; absence of a matched term does not establish absence of disease.",no_explicit_renal_status_exclusion
mover,Renal mass,593.9,include,"No sufficiently explicit recorded ESRD, chronic dialysis dependence, or renal-transplant recipient state; absence of a matched term does not establish absence of disease.",no_explicit_renal_status_exclusion
mover,"Renal mass, left",593.9,include,"No sufficiently explicit recorded ESRD, chronic dialysis dependence, or renal-transplant recipient state; absence of a matched term does not establish absence of disease.",no_explicit_renal_status_exclusion
mover,"Renal mass, right",593.9,include,"No sufficiently explicit recorded ESRD, chronic dialysis dependence, or renal-transplant recipient state; absence of a matched term does not establish absence of disease.",no_explicit_renal_status_exclusion
mover,Right kidney mass,593.9,include,"No sufficiently explicit recorded ESRD, chronic dialysis dependence, or renal-transplant recipient state; absence of a matched term does not establish absence of disease.",no_explicit_renal_status_exclusion
mover,Right renal mass,593.9,include,"No sufficiently explicit recorded ESRD, chronic dialysis dependence, or renal-transplant recipient state; absence of a matched term does not establish absence of disease.",no_explicit_renal_status_exclusion
mover,Fetal heart rate decelerations affecting management of mother,659.70,include,"No sufficiently explicit recorded ESRD, chronic dialysis dependence, or renal-transplant recipient state; absence of a matched term does not establish absence of disease.",no_explicit_renal_status_exclusion
mover,ESRD (end-stage renal disease) due to SLE (CMS-HCC),710.0,exclude,Exact text or unambiguous ESRD code documents ESRD in the permitted same-case record; time of documentation is not established as preoperative.,explicit_recorded_esrd
mover,End-stage renal disease due to systemic lupus erythematosus (CMS-HCC),710.0,exclude,Exact text or unambiguous ESRD code documents ESRD in the permitted same-case record; time of documentation is not established as preoperative.,explicit_recorded_esrd
mover,Bicuspid aortic valve,746.4,include,"No sufficiently explicit recorded ESRD, chronic dialysis dependence, or renal-transplant recipient state; absence of a matched term does not establish absence of disease.",no_explicit_renal_status_exclusion
mover,Anomalous coronary artery communication,746.85,include,"No sufficiently explicit recorded ESRD, chronic dialysis dependence, or renal-transplant recipient state; absence of a matched term does not establish absence of disease.",no_explicit_renal_status_exclusion
mover,Anomalous coronary artery origin,746.85,include,"No sufficiently explicit recorded ESRD, chronic dialysis dependence, or renal-transplant recipient state; absence of a matched term does not establish absence of disease.",no_explicit_renal_status_exclusion
mover,Coronary artery abnormality,746.85,include,"No sufficiently explicit recorded ESRD, chronic dialysis dependence, or renal-transplant recipient state; absence of a matched term does not establish absence of disease.",no_explicit_renal_status_exclusion
mover,Abnormality of aortic valve,746.9,include,"No sufficiently explicit recorded ESRD, chronic dialysis dependence, or renal-transplant recipient state; absence of a matched term does not establish absence of disease.",no_explicit_renal_status_exclusion
mover,Aortic valve cusp abnormality,746.9,include,"No sufficiently explicit recorded ESRD, chronic dialysis dependence, or renal-transplant recipient state; absence of a matched term does not establish absence of disease.",no_explicit_renal_status_exclusion
mover,Cardiac abnormality,746.9,include,"No sufficiently explicit recorded ESRD, chronic dialysis dependence, or renal-transplant recipient state; absence of a matched term does not establish absence of disease.",no_explicit_renal_status_exclusion
mover,"Coarctation of the aorta, complex",747.10,include,"No sufficiently explicit recorded ESRD, chronic dialysis dependence, or renal-transplant recipient state; absence of a matched term does not establish absence of disease.",no_explicit_renal_status_exclusion
mover,Aortic anomaly,747.20,include,"No sufficiently explicit recorded ESRD, chronic dialysis dependence, or renal-transplant recipient state; absence of a matched term does not establish absence of disease.",no_explicit_renal_status_exclusion
mover,Abdominal aortic stenosis,747.22,include,"No sufficiently explicit recorded ESRD, chronic dialysis dependence, or renal-transplant recipient state; absence of a matched term does not establish absence of disease.",no_explicit_renal_status_exclusion
mover,Right renal artery AV malformation,747.62,include,"No sufficiently explicit recorded ESRD, chronic dialysis dependence, or renal-transplant recipient state; absence of a matched term does not establish absence of disease.",no_explicit_renal_status_exclusion
mover,Vascular malformation of kidney,747.62,include,"No sufficiently explicit recorded ESRD, chronic dialysis dependence, or renal-transplant recipient state; absence of a matched term does not establish absence of disease.",no_explicit_renal_status_exclusion
mover,Renal agenesis,753.0,include,"No sufficiently explicit recorded ESRD, chronic dialysis dependence, or renal-transplant recipient state; absence of a matched term does not establish absence of disease.",no_explicit_renal_status_exclusion
mover,Solitary kidney,753.0,include,"No sufficiently explicit recorded ESRD, chronic dialysis dependence, or renal-transplant recipient state; absence of a matched term does not establish absence of disease.",no_explicit_renal_status_exclusion
mover,Bilateral renal cysts,753.10,include,"No sufficiently explicit recorded ESRD, chronic dialysis dependence, or renal-transplant recipient state; absence of a matched term does not establish absence of disease.",no_explicit_renal_status_exclusion
mover,Cyst of right kidney,753.10,include,"No sufficiently explicit recorded ESRD, chronic dialysis dependence, or renal-transplant recipient state; absence of a matched term does not establish absence of disease.",no_explicit_renal_status_exclusion
mover,Cystic kidney disease,753.10,include,"No sufficiently explicit recorded ESRD, chronic dialysis dependence, or renal-transplant recipient state; absence of a matched term does not establish absence of disease.",no_explicit_renal_status_exclusion
mover,"Cystic kidney disease, congenital",753.10,include,"No sufficiently explicit recorded ESRD, chronic dialysis dependence, or renal-transplant recipient state; absence of a matched term does not establish absence of disease.",no_explicit_renal_status_exclusion
mover,Renal cyst,753.10,include,"No sufficiently explicit recorded ESRD, chronic dialysis dependence, or renal-transplant recipient state; absence of a matched term does not establish absence of disease.",no_explicit_renal_status_exclusion
mover,"Renal cyst, left",753.10,include,"No sufficiently explicit recorded ESRD, chronic dialysis dependence, or renal-transplant recipient state; absence of a matched term does not establish absence of disease.",no_explicit_renal_status_exclusion
mover,"Renal cyst, right",753.10,include,"No sufficiently explicit recorded ESRD, chronic dialysis dependence, or renal-transplant recipient state; absence of a matched term does not establish absence of disease.",no_explicit_renal_status_exclusion
mover,Polycystic kidney,753.12,include,"No sufficiently explicit recorded ESRD, chronic dialysis dependence, or renal-transplant recipient state; absence of a matched term does not establish absence of disease.",no_explicit_renal_status_exclusion
mover,Polycystic kidney disease,753.12,include,"No sufficiently explicit recorded ESRD, chronic dialysis dependence, or renal-transplant recipient state; absence of a matched term does not establish absence of disease.",no_explicit_renal_status_exclusion
mover,ADPKD (autosomal dominant polycystic kidney disease),753.13,include,"No sufficiently explicit recorded ESRD, chronic dialysis dependence, or renal-transplant recipient state; absence of a matched term does not establish absence of disease.",no_explicit_renal_status_exclusion
mover,Autosomal dominant polycystic kidney disease,753.13,include,"No sufficiently explicit recorded ESRD, chronic dialysis dependence, or renal-transplant recipient state; absence of a matched term does not establish absence of disease.",no_explicit_renal_status_exclusion
mover,Autosomal dominant polycystic kidney disease in childhood,753.13,include,"No sufficiently explicit recorded ESRD, chronic dialysis dependence, or renal-transplant recipient state; absence of a matched term does not establish absence of disease.",no_explicit_renal_status_exclusion
mover,Medullary sponge kidney,753.17,include,"No sufficiently explicit recorded ESRD, chronic dialysis dependence, or renal-transplant recipient state; absence of a matched term does not establish absence of disease.",no_explicit_renal_status_exclusion
mover,Duplex kidney,753.3,include,"No sufficiently explicit recorded ESRD, chronic dialysis dependence, or renal-transplant recipient state; absence of a matched term does not establish absence of disease.",no_explicit_renal_status_exclusion
mover,Horseshoe kidney,753.3,include,"No sufficiently explicit recorded ESRD, chronic dialysis dependence, or renal-transplant recipient state; absence of a matched term does not establish absence of disease.",no_explicit_renal_status_exclusion
mover,Duplicated right renal collecting system,753.9,include,"No sufficiently explicit recorded ESRD, chronic dialysis dependence, or renal-transplant recipient state; absence of a matched term does not establish absence of disease.",no_explicit_renal_status_exclusion
mover,"Syncope, non cardiac",780.2,include,"No sufficiently explicit recorded ESRD, chronic dialysis dependence, or renal-transplant recipient state; absence of a matched term does not establish absence of disease.",no_explicit_renal_status_exclusion
mover,Heart murmur,785.2,include,"No sufficiently explicit recorded ESRD, chronic dialysis dependence, or renal-transplant recipient state; absence of a matched term does not establish absence of disease.",no_explicit_renal_status_exclusion
mover,Cardiac LV ejection fraction 10-20%,785.9,include,"No sufficiently explicit recorded ESRD, chronic dialysis dependence, or renal-transplant recipient state; absence of a matched term does not establish absence of disease.",no_explicit_renal_status_exclusion
mover,Cardiac left ventricular ejection fraction 10-20 percent,785.9,include,"No sufficiently explicit recorded ESRD, chronic dialysis dependence, or renal-transplant recipient state; absence of a matched term does not establish absence of disease.",no_explicit_renal_status_exclusion
mover,Cardiac chest pain,786.50,include,"No sufficiently explicit recorded ESRD, chronic dialysis dependence, or renal-transplant recipient state; absence of a matched term does not establish absence of disease.",no_explicit_renal_status_exclusion
mover,Chest pain with high risk for cardiac etiology,786.50,include,"No sufficiently explicit recorded ESRD, chronic dialysis dependence, or renal-transplant recipient state; absence of a matched term does not establish absence of disease.",no_explicit_renal_status_exclusion
mover,Non-cardiac chest pain,786.59,include,"No sufficiently explicit recorded ESRD, chronic dialysis dependence, or renal-transplant recipient state; absence of a matched term does not establish absence of disease.",no_explicit_renal_status_exclusion
mover,Cardiac mass,786.6,include,"No sufficiently explicit recorded ESRD, chronic dialysis dependence, or renal-transplant recipient state; absence of a matched term does not establish absence of disease.",no_explicit_renal_status_exclusion
mover,Mass of heart,786.6,include,"No sufficiently explicit recorded ESRD, chronic dialysis dependence, or renal-transplant recipient state; absence of a matched term does not establish absence of disease.",no_explicit_renal_status_exclusion
mover,Mass of right cardiac ventricle,786.6,include,"No sufficiently explicit recorded ESRD, chronic dialysis dependence, or renal-transplant recipient state; absence of a matched term does not establish absence of disease.",no_explicit_renal_status_exclusion
mover,Periaortic mass,786.6,include,"No sufficiently explicit recorded ESRD, chronic dialysis dependence, or renal-transplant recipient state; absence of a matched term does not establish absence of disease.",no_explicit_renal_status_exclusion
mover,Renal colic on left side,788.0,include,"No sufficiently explicit recorded ESRD, chronic dialysis dependence, or renal-transplant recipient state; absence of a matched term does not establish absence of disease.",no_explicit_renal_status_exclusion
mover,Renal colic on right side,788.0,include,"No sufficiently explicit recorded ESRD, chronic dialysis dependence, or renal-transplant recipient state; absence of a matched term does not establish absence of disease.",no_explicit_renal_status_exclusion
mover,Extrarenal azotemia,788.99,include,"No sufficiently explicit recorded ESRD, chronic dialysis dependence, or renal-transplant recipient state; absence of a matched term does not establish absence of disease.",no_explicit_renal_status_exclusion
mover,Prerenal uremia syndrome,788.99,include,"No sufficiently explicit recorded ESRD, chronic dialysis dependence, or renal-transplant recipient state; absence of a matched term does not establish absence of disease.",no_explicit_renal_status_exclusion
mover,Renal azotemia,790.6,include,"No sufficiently explicit recorded ESRD, chronic dialysis dependence, or renal-transplant recipient state; absence of a matched term does not establish absence of disease.",no_explicit_renal_status_exclusion
mover,Agatston coronary artery calcium score greater than 400,793.2,include,"No sufficiently explicit recorded ESRD, chronic dialysis dependence, or renal-transplant recipient state; absence of a matched term does not establish absence of disease.",no_explicit_renal_status_exclusion
mover,Regional wall motion abnormality of heart,793.2,include,"No sufficiently explicit recorded ESRD, chronic dialysis dependence, or renal-transplant recipient state; absence of a matched term does not establish absence of disease.",no_explicit_renal_status_exclusion
mover,Abnormal coronary angiogram,794.39,include,"No sufficiently explicit recorded ESRD, chronic dialysis dependence, or renal-transplant recipient state; absence of a matched term does not establish absence of disease.",no_explicit_renal_status_exclusion
mover,Abnormal findings diagnostic imaging of heart and coronary circulation,794.39,include,"No sufficiently explicit recorded ESRD, chronic dialysis dependence, or renal-transplant recipient state; absence of a matched term does not establish absence of disease.",no_explicit_renal_status_exclusion
mover,Abnormal nuclear cardiac imaging test,794.39,include,"No sufficiently explicit recorded ESRD, chronic dialysis dependence, or renal-transplant recipient state; absence of a matched term does not establish absence of disease.",no_explicit_renal_status_exclusion
mover,Positive cardiac stress test,794.39,include,"No sufficiently explicit recorded ESRD, chronic dialysis dependence, or renal-transplant recipient state; absence of a matched term does not establish absence of disease.",no_explicit_renal_status_exclusion
mover,Cardiac contusion,861.01,include,"No sufficiently explicit recorded ESRD, chronic dialysis dependence, or renal-transplant recipient state; absence of a matched term does not establish absence of disease.",no_explicit_renal_status_exclusion
mover,Penetrating cardiac wound,861.03,include,"No sufficiently explicit recorded ESRD, chronic dialysis dependence, or renal-transplant recipient state; absence of a matched term does not establish absence of disease.",no_explicit_renal_status_exclusion
mover,Kidney injury,866.00,include,"No sufficiently explicit recorded ESRD, chronic dialysis dependence, or renal-transplant recipient state; absence of a matched term does not establish absence of disease.",no_explicit_renal_status_exclusion
mover,Left kidney injury,866.00,include,"No sufficiently explicit recorded ESRD, chronic dialysis dependence, or renal-transplant recipient state; absence of a matched term does not establish absence of disease.",no_explicit_renal_status_exclusion
mover,Renal injury,866.00,include,"No sufficiently explicit recorded ESRD, chronic dialysis dependence, or renal-transplant recipient state; absence of a matched term does not establish absence of disease.",no_explicit_renal_status_exclusion
mover,Hematoma of left kidney,866.01,include,"No sufficiently explicit recorded ESRD, chronic dialysis dependence, or renal-transplant recipient state; absence of a matched term does not establish absence of disease.",no_explicit_renal_status_exclusion
mover,Kidney hematoma,866.01,include,"No sufficiently explicit recorded ESRD, chronic dialysis dependence, or renal-transplant recipient state; absence of a matched term does not establish absence of disease.",no_explicit_renal_status_exclusion
mover,Renal contusion,866.01,include,"No sufficiently explicit recorded ESRD, chronic dialysis dependence, or renal-transplant recipient state; absence of a matched term does not establish absence of disease.",no_explicit_renal_status_exclusion
mover,Renal hematoma,866.01,include,"No sufficiently explicit recorded ESRD, chronic dialysis dependence, or renal-transplant recipient state; absence of a matched term does not establish absence of disease.",no_explicit_renal_status_exclusion
mover,Kidney laceration,866.02,include,"No sufficiently explicit recorded ESRD, chronic dialysis dependence, or renal-transplant recipient state; absence of a matched term does not establish absence of disease.",no_explicit_renal_status_exclusion
mover,"Kidney laceration, right",866.02,include,"No sufficiently explicit recorded ESRD, chronic dialysis dependence, or renal-transplant recipient state; absence of a matched term does not establish absence of disease.",no_explicit_renal_status_exclusion
mover,Laceration of left kidney,866.02,include,"No sufficiently explicit recorded ESRD, chronic dialysis dependence, or renal-transplant recipient state; absence of a matched term does not establish absence of disease.",no_explicit_renal_status_exclusion
mover,Laceration of right kidney,866.02,include,"No sufficiently explicit recorded ESRD, chronic dialysis dependence, or renal-transplant recipient state; absence of a matched term does not establish absence of disease.",no_explicit_renal_status_exclusion
mover,Adrenal hematoma,868.01,include,"No sufficiently explicit recorded ESRD, chronic dialysis dependence, or renal-transplant recipient state; absence of a matched term does not establish absence of disease.",no_explicit_renal_status_exclusion
mover,Contusion of adrenal gland,868.01,include,"No sufficiently explicit recorded ESRD, chronic dialysis dependence, or renal-transplant recipient state; absence of a matched term does not establish absence of disease.",no_explicit_renal_status_exclusion
mover,Hematoma of adrenal gland due to trauma,868.01,include,"No sufficiently explicit recorded ESRD, chronic dialysis dependence, or renal-transplant recipient state; absence of a matched term does not establish absence of disease.",no_explicit_renal_status_exclusion
mover,Traumatic adrenal hematoma,868.01,include,"No sufficiently explicit recorded ESRD, chronic dialysis dependence, or renal-transplant recipient state; absence of a matched term does not establish absence of disease.",no_explicit_renal_status_exclusion
mover,Aortic transection,901.0,include,"No sufficiently explicit recorded ESRD, chronic dialysis dependence, or renal-transplant recipient state; absence of a matched term does not establish absence of disease.",no_explicit_renal_status_exclusion
mover,Thoracic aorta injury,901.0,include,"No sufficiently explicit recorded ESRD, chronic dialysis dependence, or renal-transplant recipient state; absence of a matched term does not establish absence of disease.",no_explicit_renal_status_exclusion
mover,Traumatic tear of thoracic aorta,901.0,include,"No sufficiently explicit recorded ESRD, chronic dialysis dependence, or renal-transplant recipient state; absence of a matched term does not establish absence of disease.",no_explicit_renal_status_exclusion
mover,Abdominal aorta injury,902.0,include,"No sufficiently explicit recorded ESRD, chronic dialysis dependence, or renal-transplant recipient state; absence of a matched term does not establish absence of disease.",no_explicit_renal_status_exclusion
mover,Laceration of left renal vein,902.42,include,"No sufficiently explicit recorded ESRD, chronic dialysis dependence, or renal-transplant recipient state; absence of a matched term does not establish absence of disease.",no_explicit_renal_status_exclusion
mover,Perivalvular leak of prosthetic heart valve,996.02,include,"No sufficiently explicit recorded ESRD, chronic dialysis dependence, or renal-transplant recipient state; absence of a matched term does not establish absence of disease.",no_explicit_renal_status_exclusion
mover,Prosthetic cardiac valve dehiscence,996.02,include,"No sufficiently explicit recorded ESRD, chronic dialysis dependence, or renal-transplant recipient state; absence of a matched term does not establish absence of disease.",no_explicit_renal_status_exclusion
mover,Clotted dialysis access (CMS-HCC),996.1,include,"Acute dialysis, access presence/complication, preference, negation, or nonspecific dialysis wording does not establish chronic dependence; retain absent another explicit exclusion. Retinal dialysis is unrelated.",dialysis_related_not_chronic_dependence
mover,"Complications, dialysis, catheter, mechanical (CMS-HCC)",996.1,include,"Acute dialysis, access presence/complication, preference, negation, or nonspecific dialysis wording does not establish chronic dependence; retain absent another explicit exclusion. Retinal dialysis is unrelated.",dialysis_related_not_chronic_dependence
mover,Dialysis AV fistula malfunction (CMS-HCC),996.1,include,"Acute dialysis, access presence/complication, preference, negation, or nonspecific dialysis wording does not establish chronic dependence; retain absent another explicit exclusion. Retinal dialysis is unrelated.",dialysis_related_not_chronic_dependence
mover,Displacement of vascular dialysis catheter (CMS-HCC),996.1,include,"Acute dialysis, access presence/complication, preference, negation, or nonspecific dialysis wording does not establish chronic dependence; retain absent another explicit exclusion. Retinal dialysis is unrelated.",dialysis_related_not_chronic_dependence
mover,Endoleak of aortic graft,996.1,include,"No sufficiently explicit recorded ESRD, chronic dialysis dependence, or renal-transplant recipient state; absence of a matched term does not establish absence of disease.",no_explicit_renal_status_exclusion
mover,Endoleak of aortic graft (CMS-HCC),996.1,include,"No sufficiently explicit recorded ESRD, chronic dialysis dependence, or renal-transplant recipient state; absence of a matched term does not establish absence of disease.",no_explicit_renal_status_exclusion
mover,Hemodialysis catheter dysfunction (CMS-HCC),996.1,include,"Acute dialysis, access presence/complication, preference, negation, or nonspecific dialysis wording does not establish chronic dependence; retain absent another explicit exclusion. Retinal dialysis is unrelated.",dialysis_related_not_chronic_dependence
mover,Hemodialysis catheter malfunction (CMS-HCC),996.1,include,"Acute dialysis, access presence/complication, preference, negation, or nonspecific dialysis wording does not establish chronic dependence; retain absent another explicit exclusion. Retinal dialysis is unrelated.",dialysis_related_not_chronic_dependence
mover,Malfunction of arteriovenous dialysis fistula (CMS-HCC),996.1,include,"Acute dialysis, access presence/complication, preference, negation, or nonspecific dialysis wording does not establish chronic dependence; retain absent another explicit exclusion. Retinal dialysis is unrelated.",dialysis_related_not_chronic_dependence
mover,Corneal transplant rejection,996.51,include,"No sufficiently explicit recorded ESRD, chronic dialysis dependence, or renal-transplant recipient state; absence of a matched term does not establish absence of disease.",no_explicit_renal_status_exclusion
mover,Malposition of peritoneal dialysis catheter (CMS-HCC),996.56,include,"Acute dialysis, access presence/complication, preference, negation, or nonspecific dialysis wording does not establish chronic dependence; retain absent another explicit exclusion. Retinal dialysis is unrelated.",dialysis_related_not_chronic_dependence
mover,Peritoneal dialysis catheter dysfunction (CMS-HCC),996.56,include,"Acute dialysis, access presence/complication, preference, negation, or nonspecific dialysis wording does not establish chronic dependence; retain absent another explicit exclusion. Retinal dialysis is unrelated.",dialysis_related_not_chronic_dependence
mover,Endocarditis of prosthetic valve (CMS-HCC),996.61,include,"No sufficiently explicit recorded ESRD, chronic dialysis dependence, or renal-transplant recipient state; absence of a matched term does not establish absence of disease.",no_explicit_renal_status_exclusion
mover,Prosthetic valve endocarditis (CMS-HCC),996.61,include,"No sufficiently explicit recorded ESRD, chronic dialysis dependence, or renal-transplant recipient state; absence of a matched term does not establish absence of disease.",no_explicit_renal_status_exclusion
mover,Dialysis AV fistula infection (CMS-HCC),996.62,include,"Acute dialysis, access presence/complication, preference, negation, or nonspecific dialysis wording does not establish chronic dependence; retain absent another explicit exclusion. Retinal dialysis is unrelated.",dialysis_related_not_chronic_dependence
mover,Hemodialysis catheter infection (CMS-HCC),996.62,include,"Acute dialysis, access presence/complication, preference, negation, or nonspecific dialysis wording does not establish chronic dependence; retain absent another explicit exclusion. Retinal dialysis is unrelated.",dialysis_related_not_chronic_dependence
mover,Infection of AV graft for dialysis (CMS-HCC),996.62,include,"Acute dialysis, access presence/complication, preference, negation, or nonspecific dialysis wording does not establish chronic dependence; retain absent another explicit exclusion. Retinal dialysis is unrelated.",dialysis_related_not_chronic_dependence
mover,Peritoneal dialysis catheter infection (CMS-HCC),996.68,include,"Acute dialysis, access presence/complication, preference, negation, or nonspecific dialysis wording does not establish chronic dependence; retain absent another explicit exclusion. Retinal dialysis is unrelated.",dialysis_related_not_chronic_dependence
mover,Peritonitis associated with peritoneal dialysis (CMS-HCC),996.68,include,"Acute dialysis, access presence/complication, preference, negation, or nonspecific dialysis wording does not establish chronic dependence; retain absent another explicit exclusion. Retinal dialysis is unrelated.",dialysis_related_not_chronic_dependence
mover,"Peritonitis, dialysis-associated (CMS-HCC)",996.68,include,"Acute dialysis, access presence/complication, preference, negation, or nonspecific dialysis wording does not establish chronic dependence; retain absent another explicit exclusion. Retinal dialysis is unrelated.",dialysis_related_not_chronic_dependence
mover,Aortic prosthetic valve regurgitation,996.71,include,"No sufficiently explicit recorded ESRD, chronic dialysis dependence, or renal-transplant recipient state; absence of a matched term does not establish absence of disease.",no_explicit_renal_status_exclusion
mover,Aneurysm of arteriovenous dialysis fistula (CMS-HCC),996.73,include,"Acute dialysis, access presence/complication, preference, negation, or nonspecific dialysis wording does not establish chronic dependence; retain absent another explicit exclusion. Retinal dialysis is unrelated.",dialysis_related_not_chronic_dependence
mover,Clotted renal dialysis AV graft (CMS-HCC),996.73,include,"Acute dialysis, access presence/complication, preference, negation, or nonspecific dialysis wording does not establish chronic dependence; retain absent another explicit exclusion. Retinal dialysis is unrelated.",dialysis_related_not_chronic_dependence
mover,Clotted renal dialysis arteriovenous graft (CMS-HCC),996.73,include,"Acute dialysis, access presence/complication, preference, negation, or nonspecific dialysis wording does not establish chronic dependence; retain absent another explicit exclusion. Retinal dialysis is unrelated.",dialysis_related_not_chronic_dependence
mover,Hemodialysis AV fistula stenosis (CMS-HCC),996.73,include,"Acute dialysis, access presence/complication, preference, negation, or nonspecific dialysis wording does not establish chronic dependence; retain absent another explicit exclusion. Retinal dialysis is unrelated.",dialysis_related_not_chronic_dependence
mover,Hemorrhage from dialysis catheter (CMS-HCC),996.73,include,"Acute dialysis, access presence/complication, preference, negation, or nonspecific dialysis wording does not establish chronic dependence; retain absent another explicit exclusion. Retinal dialysis is unrelated.",dialysis_related_not_chronic_dependence
mover,Steal syndrome as complication of dialysis access (CMS-HCC),996.73,include,"Acute dialysis, access presence/complication, preference, negation, or nonspecific dialysis wording does not establish chronic dependence; retain absent another explicit exclusion. Retinal dialysis is unrelated.",dialysis_related_not_chronic_dependence
mover,Steal syndrome dialysis vascular access (CMS-HCC),996.73,include,"Acute dialysis, access presence/complication, preference, negation, or nonspecific dialysis wording does not establish chronic dependence; retain absent another explicit exclusion. Retinal dialysis is unrelated.",dialysis_related_not_chronic_dependence
mover,Thrombosis due to arteriovenous access device for hemodialysis (CMS-HCC),996.73,include,"Acute dialysis, access presence/complication, preference, negation, or nonspecific dialysis wording does not establish chronic dependence; retain absent another explicit exclusion. Retinal dialysis is unrelated.",dialysis_related_not_chronic_dependence
mover,Aortic conduit thrombosis (CMS-HCC),996.74,include,"No sufficiently explicit recorded ESRD, chronic dialysis dependence, or renal-transplant recipient state; absence of a matched term does not establish absence of disease.",no_explicit_renal_status_exclusion
mover,Complication of AV dialysis fistula,996.74,include,"Acute dialysis, access presence/complication, preference, negation, or nonspecific dialysis wording does not establish chronic dependence; retain absent another explicit exclusion. Retinal dialysis is unrelated.",dialysis_related_not_chronic_dependence
mover,Complication of arteriovenous dialysis fistula,996.74,include,"Acute dialysis, access presence/complication, preference, negation, or nonspecific dialysis wording does not establish chronic dependence; retain absent another explicit exclusion. Retinal dialysis is unrelated.",dialysis_related_not_chronic_dependence
mover,PTLD (post-transplant lymphoproliferative disorder) (CMS-HCC),996.80,include,"No sufficiently explicit recorded ESRD, chronic dialysis dependence, or renal-transplant recipient state; absence of a matched term does not establish absence of disease.",no_explicit_renal_status_exclusion
mover,Rejection of transplanted organ,996.80,include,"No sufficiently explicit recorded ESRD, chronic dialysis dependence, or renal-transplant recipient state; absence of a matched term does not establish absence of disease.",no_explicit_renal_status_exclusion
mover,Transplant rejection,996.80,include,"No sufficiently explicit recorded ESRD, chronic dialysis dependence, or renal-transplant recipient state; absence of a matched term does not establish absence of disease.",no_explicit_renal_status_exclusion
mover,Abscess of transplanted kidney,996.81,exclude,Exact text/code documents renal transplant recipient/status/complication; not donor or candidate-only wording; timing is not assumed preoperative.,explicit_recorded_renal_recipient
mover,Acute rejection of kidney transplant,996.81,exclude,Exact text/code documents renal transplant recipient/status/complication; not donor or candidate-only wording; timing is not assumed preoperative.,explicit_recorded_renal_recipient
mover,Acute renal transplant rejection,996.81,exclude,Exact text/code documents renal transplant recipient/status/complication; not donor or candidate-only wording; timing is not assumed preoperative.,explicit_recorded_renal_recipient
mover,"Complications, kidney transplant",996.81,exclude,Exact text/code documents renal transplant recipient/status/complication; not donor or candidate-only wording; timing is not assumed preoperative.,explicit_recorded_renal_recipient
mover,Delayed graft function of kidney transplant due to ATN and fluid overload requiring acute dialysis (CMS-HCC),996.81,exclude,Exact text/code documents renal transplant recipient/status/complication; not donor or candidate-only wording; timing is not assumed preoperative.,explicit_recorded_renal_recipient
mover,Failed kidney transplant,996.81,exclude,Exact text/code documents renal transplant recipient/status/complication; not donor or candidate-only wording; timing is not assumed preoperative.,explicit_recorded_renal_recipient
mover,"Hydronephrosis of kidney transplant, left",996.81,exclude,Exact text/code documents renal transplant recipient/status/complication; not donor or candidate-only wording; timing is not assumed preoperative.,explicit_recorded_renal_recipient
mover,Kidney transplant complication,996.81,exclude,Exact text/code documents renal transplant recipient/status/complication; not donor or candidate-only wording; timing is not assumed preoperative.,explicit_recorded_renal_recipient
mover,Kidney transplant failure,996.81,exclude,Exact text/code documents renal transplant recipient/status/complication; not donor or candidate-only wording; timing is not assumed preoperative.,explicit_recorded_renal_recipient
mover,Kidney transplant infection,996.81,exclude,Exact text/code documents renal transplant recipient/status/complication; not donor or candidate-only wording; timing is not assumed preoperative.,explicit_recorded_renal_recipient
mover,Kidney transplant rejection,996.81,exclude,Exact text/code documents renal transplant recipient/status/complication; not donor or candidate-only wording; timing is not assumed preoperative.,explicit_recorded_renal_recipient
mover,Perinephric fluid collection of kidney transplant,996.81,exclude,Exact text/code documents renal transplant recipient/status/complication; not donor or candidate-only wording; timing is not assumed preoperative.,explicit_recorded_renal_recipient
mover,Renal transplant failure and rejection,996.81,exclude,Exact text/code documents renal transplant recipient/status/complication; not donor or candidate-only wording; timing is not assumed preoperative.,explicit_recorded_renal_recipient
mover,Stenosis of ureter of transplanted kidney,996.81,exclude,Exact text/code documents renal transplant recipient/status/complication; not donor or candidate-only wording; timing is not assumed preoperative.,explicit_recorded_renal_recipient
mover,Stricture of ureter of transplanted kidney,996.81,exclude,Exact text/code documents renal transplant recipient/status/complication; not donor or candidate-only wording; timing is not assumed preoperative.,explicit_recorded_renal_recipient
mover,Transplant glomerulopathy,996.81,exclude,Exact text/code documents renal transplant recipient/status/complication; not donor or candidate-only wording; timing is not assumed preoperative.,explicit_recorded_renal_recipient
mover,Ureteral obstruction of transplanted kidney,996.81,exclude,Exact text/code documents renal transplant recipient/status/complication; not donor or candidate-only wording; timing is not assumed preoperative.,explicit_recorded_renal_recipient
mover,Ureteral stenosis of kidney transplant,996.81,exclude,Exact text/code documents renal transplant recipient/status/complication; not donor or candidate-only wording; timing is not assumed preoperative.,explicit_recorded_renal_recipient
mover,Ureteral stricture of kidney transplant,996.81,exclude,Exact text/code documents renal transplant recipient/status/complication; not donor or candidate-only wording; timing is not assumed preoperative.,explicit_recorded_renal_recipient
mover,Ureteric stone of transplanted kidney,996.81,exclude,Exact text/code documents renal transplant recipient/status/complication; not donor or candidate-only wording; timing is not assumed preoperative.,explicit_recorded_renal_recipient
mover,Urinoma of kidney transplant,996.81,exclude,Exact text/code documents renal transplant recipient/status/complication; not donor or candidate-only wording; timing is not assumed preoperative.,explicit_recorded_renal_recipient
mover,Failed pancreas transplant,996.86,include,"No sufficiently explicit recorded ESRD, chronic dialysis dependence, or renal-transplant recipient state; absence of a matched term does not establish absence of disease.",no_explicit_renal_status_exclusion
mover,Pancreatic fluid leak of pancreas transplant,996.86,include,"No sufficiently explicit recorded ESRD, chronic dialysis dependence, or renal-transplant recipient state; absence of a matched term does not establish absence of disease.",no_explicit_renal_status_exclusion
mover,Corneal transplant failure,996.89,include,"No sufficiently explicit recorded ESRD, chronic dialysis dependence, or renal-transplant recipient state; absence of a matched term does not establish absence of disease.",no_explicit_renal_status_exclusion
mover,Femoral artery pseudoaneurysm complicating cardiac catheterization (CMS-HCC),997.2,include,"No sufficiently explicit recorded ESRD, chronic dialysis dependence, or renal-transplant recipient state; absence of a matched term does not establish absence of disease.",no_explicit_renal_status_exclusion
mover,Complication of vascular access for dialysis,999.9,include,"Acute dialysis, access presence/complication, preference, negation, or nonspecific dialysis wording does not establish chronic dependence; retain absent another explicit exclusion. Retinal dialysis is unrelated.",dialysis_related_not_chronic_dependence
mover,Dialysis complication,999.9,include,"Acute dialysis, access presence/complication, preference, negation, or nonspecific dialysis wording does not establish chronic dependence; retain absent another explicit exclusion. Retinal dialysis is unrelated.",dialysis_related_not_chronic_dependence
mover,Pseudoaneurysm of arteriovenous dialysis fistula (CMS-HCC),999.9,include,"Acute dialysis, access presence/complication, preference, negation, or nonspecific dialysis wording does not establish chronic dependence; retain absent another explicit exclusion. Retinal dialysis is unrelated.",dialysis_related_not_chronic_dependence
mover,Thrombosis of arteriovenous dialysis fistula (CMS-HCC),999.9,include,"Acute dialysis, access presence/complication, preference, negation, or nonspecific dialysis wording does not establish chronic dependence; retain absent another explicit exclusion. Retinal dialysis is unrelated.",dialysis_related_not_chronic_dependence
mover,History of kidney cancer,V10.52,include,"No sufficiently explicit recorded ESRD, chronic dialysis dependence, or renal-transplant recipient state; absence of a matched term does not establish absence of disease.",no_explicit_renal_status_exclusion
mover,Personal history of kidney cancer,V10.52,include,"No sufficiently explicit recorded ESRD, chronic dialysis dependence, or renal-transplant recipient state; absence of a matched term does not establish absence of disease.",no_explicit_renal_status_exclusion
mover,Personal history of renal cancer,V10.52,include,"No sufficiently explicit recorded ESRD, chronic dialysis dependence, or renal-transplant recipient state; absence of a matched term does not establish absence of disease.",no_explicit_renal_status_exclusion
mover,H/O cardiac pacemaker,V12.50,include,"No sufficiently explicit recorded ESRD, chronic dialysis dependence, or renal-transplant recipient state; absence of a matched term does not establish absence of disease.",no_explicit_renal_status_exclusion
mover,History of cardiac pacemaker,V12.50,include,"No sufficiently explicit recorded ESRD, chronic dialysis dependence, or renal-transplant recipient state; absence of a matched term does not establish absence of disease.",no_explicit_renal_status_exclusion
mover,Hx of cardiac pacemaker,V12.50,include,"No sufficiently explicit recorded ESRD, chronic dialysis dependence, or renal-transplant recipient state; absence of a matched term does not establish absence of disease.",no_explicit_renal_status_exclusion
mover,History of cardiac arrest,V12.53,include,"No sufficiently explicit recorded ESRD, chronic dialysis dependence, or renal-transplant recipient state; absence of a matched term does not establish absence of disease.",no_explicit_renal_status_exclusion
mover,Personal history of sudden cardiac arrest,V12.53,include,"No sufficiently explicit recorded ESRD, chronic dialysis dependence, or renal-transplant recipient state; absence of a matched term does not establish absence of disease.",no_explicit_renal_status_exclusion
mover,H/O rheumatic heart disease,V12.59,include,"No sufficiently explicit recorded ESRD, chronic dialysis dependence, or renal-transplant recipient state; absence of a matched term does not establish absence of disease.",no_explicit_renal_status_exclusion
mover,History of CHF (congestive heart failure),V12.59,include,"No sufficiently explicit recorded ESRD, chronic dialysis dependence, or renal-transplant recipient state; absence of a matched term does not establish absence of disease.",no_explicit_renal_status_exclusion
mover,History of acquired CHF (congestive heart failure),V12.59,include,"No sufficiently explicit recorded ESRD, chronic dialysis dependence, or renal-transplant recipient state; absence of a matched term does not establish absence of disease.",no_explicit_renal_status_exclusion
mover,History of aortic dissection,V12.59,include,"No sufficiently explicit recorded ESRD, chronic dialysis dependence, or renal-transplant recipient state; absence of a matched term does not establish absence of disease.",no_explicit_renal_status_exclusion
mover,History of complete heart block,V12.59,include,"No sufficiently explicit recorded ESRD, chronic dialysis dependence, or renal-transplant recipient state; absence of a matched term does not establish absence of disease.",no_explicit_renal_status_exclusion
mover,History of congestive heart failure,V12.59,include,"No sufficiently explicit recorded ESRD, chronic dialysis dependence, or renal-transplant recipient state; absence of a matched term does not establish absence of disease.",no_explicit_renal_status_exclusion
mover,History of coronary artery disease,V12.59,include,"No sufficiently explicit recorded ESRD, chronic dialysis dependence, or renal-transplant recipient state; absence of a matched term does not establish absence of disease.",no_explicit_renal_status_exclusion
mover,History of heart failure,V12.59,include,"No sufficiently explicit recorded ESRD, chronic dialysis dependence, or renal-transplant recipient state; absence of a matched term does not establish absence of disease.",no_explicit_renal_status_exclusion
mover,History of ischemic heart disease,V12.59,include,"No sufficiently explicit recorded ESRD, chronic dialysis dependence, or renal-transplant recipient state; absence of a matched term does not establish absence of disease.",no_explicit_renal_status_exclusion
mover,Hx of aortic valve disease,V12.59,include,"No sufficiently explicit recorded ESRD, chronic dialysis dependence, or renal-transplant recipient state; absence of a matched term does not establish absence of disease.",no_explicit_renal_status_exclusion
mover,History of kidney stones,V13.01,include,"No sufficiently explicit recorded ESRD, chronic dialysis dependence, or renal-transplant recipient state; absence of a matched term does not establish absence of disease.",no_explicit_renal_status_exclusion
mover,H/O renal failure,V13.09,include,"No sufficiently explicit recorded ESRD, chronic dialysis dependence, or renal-transplant recipient state; absence of a matched term does not establish absence of disease.",no_explicit_renal_status_exclusion
mover,History of acute renal failure,V13.09,include,"No sufficiently explicit recorded ESRD, chronic dialysis dependence, or renal-transplant recipient state; absence of a matched term does not establish absence of disease.",no_explicit_renal_status_exclusion
mover,History of chronic kidney disease,V13.09,include,"No sufficiently explicit recorded ESRD, chronic dialysis dependence, or renal-transplant recipient state; absence of a matched term does not establish absence of disease.",no_explicit_renal_status_exclusion
mover,Hx of renal failure,V13.09,include,"No sufficiently explicit recorded ESRD, chronic dialysis dependence, or renal-transplant recipient state; absence of a matched term does not establish absence of disease.",no_explicit_renal_status_exclusion
mover,H/O aortic root repair,V15.1,include,"No sufficiently explicit recorded ESRD, chronic dialysis dependence, or renal-transplant recipient state; absence of a matched term does not establish absence of disease.",no_explicit_renal_status_exclusion
mover,H/O mitral valve repair,V15.1,include,"No sufficiently explicit recorded ESRD, chronic dialysis dependence, or renal-transplant recipient state; absence of a matched term does not establish absence of disease.",no_explicit_renal_status_exclusion
mover,History of aorto-femoral bypass,V15.1,include,"No sufficiently explicit recorded ESRD, chronic dialysis dependence, or renal-transplant recipient state; absence of a matched term does not establish absence of disease.",no_explicit_renal_status_exclusion
mover,History of coronary angiogram,V15.1,include,"No sufficiently explicit recorded ESRD, chronic dialysis dependence, or renal-transplant recipient state; absence of a matched term does not establish absence of disease.",no_explicit_renal_status_exclusion
mover,History of coronary artery bypass graft x 3,V15.1,include,"No sufficiently explicit recorded ESRD, chronic dialysis dependence, or renal-transplant recipient state; absence of a matched term does not establish absence of disease.",no_explicit_renal_status_exclusion
mover,Family history of premature coronary artery disease,V17.3,include,"No sufficiently explicit recorded ESRD, chronic dialysis dependence, or renal-transplant recipient state; absence of a matched term does not establish absence of disease.",no_explicit_renal_status_exclusion
mover,Deceased-donor kidney transplant,V42.0,exclude,Exact text/code documents renal transplant recipient/status/complication; not donor or candidate-only wording; timing is not assumed preoperative.,explicit_recorded_renal_recipient
mover,Deceased-donor kidney transplant recipient,V42.0,exclude,Exact text/code documents renal transplant recipient/status/complication; not donor or candidate-only wording; timing is not assumed preoperative.,explicit_recorded_renal_recipient
mover,H/O kidney transplant,V42.0,exclude,Exact text/code documents renal transplant recipient/status/complication; not donor or candidate-only wording; timing is not assumed preoperative.,explicit_recorded_renal_recipient
mover,History of kidney transplant,V42.0,exclude,Exact text/code documents renal transplant recipient/status/complication; not donor or candidate-only wording; timing is not assumed preoperative.,explicit_recorded_renal_recipient
mover,History of renal transplant,V42.0,exclude,Exact text/code documents renal transplant recipient/status/complication; not donor or candidate-only wording; timing is not assumed preoperative.,explicit_recorded_renal_recipient
mover,Kidney replaced by transplant,V42.0,exclude,Exact text/code documents renal transplant recipient/status/complication; not donor or candidate-only wording; timing is not assumed preoperative.,explicit_recorded_renal_recipient
mover,"Kidney transplant status, cadaveric",V42.0,exclude,Exact text/code documents renal transplant recipient/status/complication; not donor or candidate-only wording; timing is not assumed preoperative.,explicit_recorded_renal_recipient
mover,"Kidney transplant status, living related donor",V42.0,exclude,Exact text/code documents renal transplant recipient/status/complication; not donor or candidate-only wording; timing is not assumed preoperative.,explicit_recorded_renal_recipient
mover,"Kidney transplant status, living unrelated donor",V42.0,exclude,Exact text/code documents renal transplant recipient/status/complication; not donor or candidate-only wording; timing is not assumed preoperative.,explicit_recorded_renal_recipient
mover,Kidney transplanted,V42.0,exclude,Exact text/code documents renal transplant recipient/status/complication; not donor or candidate-only wording; timing is not assumed preoperative.,explicit_recorded_renal_recipient
mover,Living related donor renal transplant,V42.0,exclude,Exact text/code documents renal transplant recipient/status/complication; not donor or candidate-only wording; timing is not assumed preoperative.,explicit_recorded_renal_recipient
mover,Living unrelated donor renal transplant,V42.0,exclude,Exact text/code documents renal transplant recipient/status/complication; not donor or candidate-only wording; timing is not assumed preoperative.,explicit_recorded_renal_recipient
mover,Living-donor kidney transplant recipient,V42.0,exclude,Exact text/code documents renal transplant recipient/status/complication; not donor or candidate-only wording; timing is not assumed preoperative.,explicit_recorded_renal_recipient
mover,S/P kidney transplant,V42.0,exclude,Exact text/code documents renal transplant recipient/status/complication; not donor or candidate-only wording; timing is not assumed preoperative.,explicit_recorded_renal_recipient
mover,S/p cadaver renal transplant,V42.0,exclude,Exact text/code documents renal transplant recipient/status/complication; not donor or candidate-only wording; timing is not assumed preoperative.,explicit_recorded_renal_recipient
mover,Status post deceased-donor kidney transplantation,V42.0,exclude,Exact text/code documents renal transplant recipient/status/complication; not donor or candidate-only wording; timing is not assumed preoperative.,explicit_recorded_renal_recipient
mover,Status post kidney transplant,V42.0,exclude,Exact text/code documents renal transplant recipient/status/complication; not donor or candidate-only wording; timing is not assumed preoperative.,explicit_recorded_renal_recipient
mover,Transplanted kidney,V42.0,exclude,Exact text/code documents renal transplant recipient/status/complication; not donor or candidate-only wording; timing is not assumed preoperative.,explicit_recorded_renal_recipient
mover,"Heart transplant, orthotopic, status (CMS-HCC)",V42.1,include,"No sufficiently explicit recorded ESRD, chronic dialysis dependence, or renal-transplant recipient state; absence of a matched term does not establish absence of disease.",no_explicit_renal_status_exclusion
mover,Hx of heart transplant (CMS-HCC),V42.1,include,"No sufficiently explicit recorded ESRD, chronic dialysis dependence, or renal-transplant recipient state; absence of a matched term does not establish absence of disease.",no_explicit_renal_status_exclusion
mover,S/P orthotopic heart transplant (CMS-HCC),V42.1,include,"No sufficiently explicit recorded ESRD, chronic dialysis dependence, or renal-transplant recipient state; absence of a matched term does not establish absence of disease.",no_explicit_renal_status_exclusion
mover,H/O aortic valve replacement with porcine valve,V42.2,include,"No sufficiently explicit recorded ESRD, chronic dialysis dependence, or renal-transplant recipient state; absence of a matched term does not establish absence of disease.",no_explicit_renal_status_exclusion
mover,Cornea replaced by transplant,V42.5,include,"No sufficiently explicit recorded ESRD, chronic dialysis dependence, or renal-transplant recipient state; absence of a matched term does not establish absence of disease.",no_explicit_renal_status_exclusion
mover,H/O cornea transplant,V42.5,include,"No sufficiently explicit recorded ESRD, chronic dialysis dependence, or renal-transplant recipient state; absence of a matched term does not establish absence of disease.",no_explicit_renal_status_exclusion
mover,Post corneal transplant,V42.5,include,"No sufficiently explicit recorded ESRD, chronic dialysis dependence, or renal-transplant recipient state; absence of a matched term does not establish absence of disease.",no_explicit_renal_status_exclusion
mover,Transplanted cornea,V42.5,include,"No sufficiently explicit recorded ESRD, chronic dialysis dependence, or renal-transplant recipient state; absence of a matched term does not establish absence of disease.",no_explicit_renal_status_exclusion
mover,History of liver transplant (CMS-HCC),V42.7,include,"No sufficiently explicit recorded ESRD, chronic dialysis dependence, or renal-transplant recipient state; absence of a matched term does not establish absence of disease.",no_explicit_renal_status_exclusion
mover,S/P liver transplant (CMS-HCC),V42.7,include,"No sufficiently explicit recorded ESRD, chronic dialysis dependence, or renal-transplant recipient state; absence of a matched term does not establish absence of disease.",no_explicit_renal_status_exclusion
mover,Status post liver transplant (CMS-HCC),V42.7,include,"No sufficiently explicit recorded ESRD, chronic dialysis dependence, or renal-transplant recipient state; absence of a matched term does not establish absence of disease.",no_explicit_renal_status_exclusion
mover,H/O autologous stem cell transplant (CMS-HCC),V42.82,include,"No sufficiently explicit recorded ESRD, chronic dialysis dependence, or renal-transplant recipient state; absence of a matched term does not establish absence of disease.",no_explicit_renal_status_exclusion
mover,Pancreas replaced by transplant (CMS-HCC),V42.83,include,"No sufficiently explicit recorded ESRD, chronic dialysis dependence, or renal-transplant recipient state; absence of a matched term does not establish absence of disease.",no_explicit_renal_status_exclusion
mover,Pancreas transplanted (CMS-HCC),V42.83,include,"No sufficiently explicit recorded ESRD, chronic dialysis dependence, or renal-transplant recipient state; absence of a matched term does not establish absence of disease.",no_explicit_renal_status_exclusion
mover,Transplant recipient,V42.89,include,"No sufficiently explicit recorded ESRD, chronic dialysis dependence, or renal-transplant recipient state; absence of a matched term does not establish absence of disease.",no_explicit_renal_status_exclusion
mover,Transplant,V42.9,include,"No sufficiently explicit recorded ESRD, chronic dialysis dependence, or renal-transplant recipient state; absence of a matched term does not establish absence of disease.",no_explicit_renal_status_exclusion
mover,"Transplant, organ",V42.9,include,"No sufficiently explicit recorded ESRD, chronic dialysis dependence, or renal-transplant recipient state; absence of a matched term does not establish absence of disease.",no_explicit_renal_status_exclusion
mover,Aortic valve replaced,V43.3,include,"No sufficiently explicit recorded ESRD, chronic dialysis dependence, or renal-transplant recipient state; absence of a matched term does not establish absence of disease.",no_explicit_renal_status_exclusion
mover,Bioprosthetic aortic valve replacement during current hospitalization,V43.3,include,"No sufficiently explicit recorded ESRD, chronic dialysis dependence, or renal-transplant recipient state; absence of a matched term does not establish absence of disease.",no_explicit_renal_status_exclusion
mover,H/O aortic valve replacement,V43.3,include,"No sufficiently explicit recorded ESRD, chronic dialysis dependence, or renal-transplant recipient state; absence of a matched term does not establish absence of disease.",no_explicit_renal_status_exclusion
mover,H/O heart valve replacement with mechanical valve,V43.3,include,"No sufficiently explicit recorded ESRD, chronic dialysis dependence, or renal-transplant recipient state; absence of a matched term does not establish absence of disease.",no_explicit_renal_status_exclusion
mover,H/O mechanical aortic valve replacement,V43.3,include,"No sufficiently explicit recorded ESRD, chronic dialysis dependence, or renal-transplant recipient state; absence of a matched term does not establish absence of disease.",no_explicit_renal_status_exclusion
mover,H/O mitral valve replacement,V43.3,include,"No sufficiently explicit recorded ESRD, chronic dialysis dependence, or renal-transplant recipient state; absence of a matched term does not establish absence of disease.",no_explicit_renal_status_exclusion
mover,H/O mitral valve replacement with mechanical valve,V43.3,include,"No sufficiently explicit recorded ESRD, chronic dialysis dependence, or renal-transplant recipient state; absence of a matched term does not establish absence of disease.",no_explicit_renal_status_exclusion
mover,H/O prosthetic aortic valve replacement,V43.3,include,"No sufficiently explicit recorded ESRD, chronic dialysis dependence, or renal-transplant recipient state; absence of a matched term does not establish absence of disease.",no_explicit_renal_status_exclusion
mover,H/O prosthetic mitral valve,V43.3,include,"No sufficiently explicit recorded ESRD, chronic dialysis dependence, or renal-transplant recipient state; absence of a matched term does not establish absence of disease.",no_explicit_renal_status_exclusion
mover,History of aortic valve replacement,V43.3,include,"No sufficiently explicit recorded ESRD, chronic dialysis dependence, or renal-transplant recipient state; absence of a matched term does not establish absence of disease.",no_explicit_renal_status_exclusion
mover,History of aortic valve replacement with composite graft,V43.3,include,"No sufficiently explicit recorded ESRD, chronic dialysis dependence, or renal-transplant recipient state; absence of a matched term does not establish absence of disease.",no_explicit_renal_status_exclusion
mover,History of aortic valve replacement with metallic valve,V43.3,include,"No sufficiently explicit recorded ESRD, chronic dialysis dependence, or renal-transplant recipient state; absence of a matched term does not establish absence of disease.",no_explicit_renal_status_exclusion
mover,History of mechanical aortic valve replacement,V43.3,include,"No sufficiently explicit recorded ESRD, chronic dialysis dependence, or renal-transplant recipient state; absence of a matched term does not establish absence of disease.",no_explicit_renal_status_exclusion
mover,History of mitral valve replacement,V43.3,include,"No sufficiently explicit recorded ESRD, chronic dialysis dependence, or renal-transplant recipient state; absence of a matched term does not establish absence of disease.",no_explicit_renal_status_exclusion
mover,History of mitral valve replacement with mechanical valve,V43.3,include,"No sufficiently explicit recorded ESRD, chronic dialysis dependence, or renal-transplant recipient state; absence of a matched term does not establish absence of disease.",no_explicit_renal_status_exclusion
mover,"Hx of aortic valve replacement, mechanical",V43.3,include,"No sufficiently explicit recorded ESRD, chronic dialysis dependence, or renal-transplant recipient state; absence of a matched term does not establish absence of disease.",no_explicit_renal_status_exclusion
mover,Hx of prosthetic heart valve,V43.3,include,"No sufficiently explicit recorded ESRD, chronic dialysis dependence, or renal-transplant recipient state; absence of a matched term does not establish absence of disease.",no_explicit_renal_status_exclusion
mover,Mechanical heart valve present,V43.3,include,"No sufficiently explicit recorded ESRD, chronic dialysis dependence, or renal-transplant recipient state; absence of a matched term does not establish absence of disease.",no_explicit_renal_status_exclusion
mover,S/P AVR (aortic valve replacement),V43.3,include,"No sufficiently explicit recorded ESRD, chronic dialysis dependence, or renal-transplant recipient state; absence of a matched term does not establish absence of disease.",no_explicit_renal_status_exclusion
mover,S/P MVR (mitral valve replacement),V43.3,include,"No sufficiently explicit recorded ESRD, chronic dialysis dependence, or renal-transplant recipient state; absence of a matched term does not establish absence of disease.",no_explicit_renal_status_exclusion
mover,S/P aortic valve replacement,V43.3,include,"No sufficiently explicit recorded ESRD, chronic dialysis dependence, or renal-transplant recipient state; absence of a matched term does not establish absence of disease.",no_explicit_renal_status_exclusion
mover,S/P aortic valve replacement with bioprosthetic valve,V43.3,include,"No sufficiently explicit recorded ESRD, chronic dialysis dependence, or renal-transplant recipient state; absence of a matched term does not establish absence of disease.",no_explicit_renal_status_exclusion
mover,S/P aortic valve replacement with prosthetic valve,V43.3,include,"No sufficiently explicit recorded ESRD, chronic dialysis dependence, or renal-transplant recipient state; absence of a matched term does not establish absence of disease.",no_explicit_renal_status_exclusion
mover,S/P heart valve replacement with mechanical valve,V43.3,include,"No sufficiently explicit recorded ESRD, chronic dialysis dependence, or renal-transplant recipient state; absence of a matched term does not establish absence of disease.",no_explicit_renal_status_exclusion
mover,S/P mitral valve replacement with bioprosthetic valve,V43.3,include,"No sufficiently explicit recorded ESRD, chronic dialysis dependence, or renal-transplant recipient state; absence of a matched term does not establish absence of disease.",no_explicit_renal_status_exclusion
mover,S/P mitral valve replacement with tissue valve,V43.3,include,"No sufficiently explicit recorded ESRD, chronic dialysis dependence, or renal-transplant recipient state; absence of a matched term does not establish absence of disease.",no_explicit_renal_status_exclusion
mover,Status post aortic valve replacement,V43.3,include,"No sufficiently explicit recorded ESRD, chronic dialysis dependence, or renal-transplant recipient state; absence of a matched term does not establish absence of disease.",no_explicit_renal_status_exclusion
mover,Status post tricuspid valve replacement,V43.3,include,"No sufficiently explicit recorded ESRD, chronic dialysis dependence, or renal-transplant recipient state; absence of a matched term does not establish absence of disease.",no_explicit_renal_status_exclusion
mover,Tricuspid valve replaced,V43.3,include,"No sufficiently explicit recorded ESRD, chronic dialysis dependence, or renal-transplant recipient state; absence of a matched term does not establish absence of disease.",no_explicit_renal_status_exclusion
mover,H/O endovascular stent graft for abdominal aortic aneurysm,V43.4,include,"No sufficiently explicit recorded ESRD, chronic dialysis dependence, or renal-transplant recipient state; absence of a matched term does not establish absence of disease.",no_explicit_renal_status_exclusion
mover,History of endovascular stent graft for abdominal aortic aneurysm,V43.4,include,"No sufficiently explicit recorded ESRD, chronic dialysis dependence, or renal-transplant recipient state; absence of a matched term does not establish absence of disease.",no_explicit_renal_status_exclusion
mover,History of repair of aneurysm of abdominal aorta using endovascular stent graft,V43.4,include,"No sufficiently explicit recorded ESRD, chronic dialysis dependence, or renal-transplant recipient state; absence of a matched term does not establish absence of disease.",no_explicit_renal_status_exclusion
mover,Hx of endovascular stent graft for abdominal aortic aneurysm,V43.4,include,"No sufficiently explicit recorded ESRD, chronic dialysis dependence, or renal-transplant recipient state; absence of a matched term does not establish absence of disease.",no_explicit_renal_status_exclusion
mover,Biventricular cardiac pacemaker in situ,V45.01,include,"No sufficiently explicit recorded ESRD, chronic dialysis dependence, or renal-transplant recipient state; absence of a matched term does not establish absence of disease.",no_explicit_renal_status_exclusion
mover,Cardiac pacemaker,V45.01,include,"No sufficiently explicit recorded ESRD, chronic dialysis dependence, or renal-transplant recipient state; absence of a matched term does not establish absence of disease.",no_explicit_renal_status_exclusion
mover,Cardiac pacemaker in situ,V45.01,include,"No sufficiently explicit recorded ESRD, chronic dialysis dependence, or renal-transplant recipient state; absence of a matched term does not establish absence of disease.",no_explicit_renal_status_exclusion
mover,Presence of cardiac pacemaker,V45.01,include,"No sufficiently explicit recorded ESRD, chronic dialysis dependence, or renal-transplant recipient state; absence of a matched term does not establish absence of disease.",no_explicit_renal_status_exclusion
mover,Presence of permanent cardiac pacemaker,V45.01,include,"No sufficiently explicit recorded ESRD, chronic dialysis dependence, or renal-transplant recipient state; absence of a matched term does not establish absence of disease.",no_explicit_renal_status_exclusion
mover,S/P biventricular cardiac pacemaker procedure,V45.01,include,"No sufficiently explicit recorded ESRD, chronic dialysis dependence, or renal-transplant recipient state; absence of a matched term does not establish absence of disease.",no_explicit_renal_status_exclusion
mover,S/P cardiac pacemaker procedure,V45.01,include,"No sufficiently explicit recorded ESRD, chronic dialysis dependence, or renal-transplant recipient state; absence of a matched term does not establish absence of disease.",no_explicit_renal_status_exclusion
mover,S/P placement of cardiac pacemaker,V45.01,include,"No sufficiently explicit recorded ESRD, chronic dialysis dependence, or renal-transplant recipient state; absence of a matched term does not establish absence of disease.",no_explicit_renal_status_exclusion
mover,Status post placement of cardiac pacemaker,V45.01,include,"No sufficiently explicit recorded ESRD, chronic dialysis dependence, or renal-transplant recipient state; absence of a matched term does not establish absence of disease.",no_explicit_renal_status_exclusion
mover,Automatic implantable cardiac defibrillator in situ,V45.02,include,"No sufficiently explicit recorded ESRD, chronic dialysis dependence, or renal-transplant recipient state; absence of a matched term does not establish absence of disease.",no_explicit_renal_status_exclusion
mover,S/P ICD (internal cardiac defibrillator) procedure,V45.02,include,"No sufficiently explicit recorded ESRD, chronic dialysis dependence, or renal-transplant recipient state; absence of a matched term does not establish absence of disease.",no_explicit_renal_status_exclusion
mover,Acute hemodialysis patient (CMS-HCC),V45.11,uncertain,"Exact record identifies dialysis status or acute renal replacement but does not establish chronic dependence or preoperative timing; conservatively excluded from main cohort, retained in diagnosis-free sensitivity.",uncertain_recorded_renal_replacement
mover,Dependence on hemodialysis (CMS-HCC),V45.11,exclude,Exact text explicitly documents dependence or chronic dialysis; no inference from access alone and no presumption of preoperative timing.,explicit_recorded_dialysis_dependence
mover,Dependence on renal dialysis (CMS-HCC),V45.11,exclude,Exact text explicitly documents dependence or chronic dialysis; no inference from access alone and no presumption of preoperative timing.,explicit_recorded_dialysis_dependence
mover,Dialysis patient (CMS-HCC),V45.11,uncertain,"Exact record identifies dialysis status or acute renal replacement but does not establish chronic dependence or preoperative timing; conservatively excluded from main cohort, retained in diagnosis-free sensitivity.",uncertain_recorded_renal_replacement
mover,Hemodialysis patient (CMS-HCC),V45.11,uncertain,"Exact record identifies dialysis status or acute renal replacement but does not establish chronic dependence or preoperative timing; conservatively excluded from main cohort, retained in diagnosis-free sensitivity.",uncertain_recorded_renal_replacement
mover,Peritoneal dialysis catheter in place (CMS-HCC),V45.11,uncertain,"Exact record identifies dialysis status or acute renal replacement but does not establish chronic dependence or preoperative timing; conservatively excluded from main cohort, retained in diagnosis-free sensitivity.",uncertain_recorded_renal_replacement
mover,Peritoneal dialysis catheter in situ (CMS-HCC),V45.11,uncertain,"Exact record identifies dialysis status or acute renal replacement but does not establish chronic dependence or preoperative timing; conservatively excluded from main cohort, retained in diagnosis-free sensitivity.",uncertain_recorded_renal_replacement
mover,Peritoneal dialysis status (CMS-HCC),V45.11,uncertain,"Exact record identifies dialysis status or acute renal replacement but does not establish chronic dependence or preoperative timing; conservatively excluded from main cohort, retained in diagnosis-free sensitivity.",uncertain_recorded_renal_replacement
mover,Status post peritoneal dialysis (CMS-HCC),V45.11,uncertain,"Exact record identifies dialysis status or acute renal replacement but does not establish chronic dependence or preoperative timing; conservatively excluded from main cohort, retained in diagnosis-free sensitivity.",uncertain_recorded_renal_replacement
mover,Vascular dialysis catheter in place (CMS-HCC),V45.11,uncertain,"Exact record identifies dialysis status or acute renal replacement but does not establish chronic dependence or preoperative timing; conservatively excluded from main cohort, retained in diagnosis-free sensitivity.",uncertain_recorded_renal_replacement
mover,Noncompliance of patient with renal dialysis (CMS-HCC),V45.12,uncertain,"Exact record identifies dialysis status or acute renal replacement but does not establish chronic dependence or preoperative timing; conservatively excluded from main cohort, retained in diagnosis-free sensitivity.",uncertain_recorded_renal_replacement
mover,"Solitary kidney, acquired",V45.73,include,"No sufficiently explicit recorded ESRD, chronic dialysis dependence, or renal-transplant recipient state; absence of a matched term does not establish absence of disease.",no_explicit_renal_status_exclusion
mover,Aortocoronary bypass status,V45.81,include,"No sufficiently explicit recorded ESRD, chronic dialysis dependence, or renal-transplant recipient state; absence of a matched term does not establish absence of disease.",no_explicit_renal_status_exclusion
mover,H/O heart bypass surgery,V45.81,include,"No sufficiently explicit recorded ESRD, chronic dialysis dependence, or renal-transplant recipient state; absence of a matched term does not establish absence of disease.",no_explicit_renal_status_exclusion
mover,Postsurgical aortocoronary bypass status,V45.81,include,"No sufficiently explicit recorded ESRD, chronic dialysis dependence, or renal-transplant recipient state; absence of a matched term does not establish absence of disease.",no_explicit_renal_status_exclusion
mover,S/P 2-vessel coronary artery bypass,V45.81,include,"No sufficiently explicit recorded ESRD, chronic dialysis dependence, or renal-transplant recipient state; absence of a matched term does not establish absence of disease.",no_explicit_renal_status_exclusion
mover,S/P CABG (coronary artery bypass graft),V45.81,include,"No sufficiently explicit recorded ESRD, chronic dialysis dependence, or renal-transplant recipient state; absence of a matched term does not establish absence of disease.",no_explicit_renal_status_exclusion
mover,Status post coronary artery bypass graft,V45.81,include,"No sufficiently explicit recorded ESRD, chronic dialysis dependence, or renal-transplant recipient state; absence of a matched term does not establish absence of disease.",no_explicit_renal_status_exclusion
mover,H/O heart artery stent,V45.82,include,"No sufficiently explicit recorded ESRD, chronic dialysis dependence, or renal-transplant recipient state; absence of a matched term does not establish absence of disease.",no_explicit_renal_status_exclusion
mover,History of heart artery stent,V45.82,include,"No sufficiently explicit recorded ESRD, chronic dialysis dependence, or renal-transplant recipient state; absence of a matched term does not establish absence of disease.",no_explicit_renal_status_exclusion
mover,Hx of heart artery stent,V45.82,include,"No sufficiently explicit recorded ESRD, chronic dialysis dependence, or renal-transplant recipient state; absence of a matched term does not establish absence of disease.",no_explicit_renal_status_exclusion
mover,S/P coronary artery stent placement,V45.82,include,"No sufficiently explicit recorded ESRD, chronic dialysis dependence, or renal-transplant recipient state; absence of a matched term does not establish absence of disease.",no_explicit_renal_status_exclusion
mover,Status post coronary artery stent placement,V45.82,include,"No sufficiently explicit recorded ESRD, chronic dialysis dependence, or renal-transplant recipient state; absence of a matched term does not establish absence of disease.",no_explicit_renal_status_exclusion
mover,Stented coronary artery,V45.82,include,"No sufficiently explicit recorded ESRD, chronic dialysis dependence, or renal-transplant recipient state; absence of a matched term does not establish absence of disease.",no_explicit_renal_status_exclusion
mover,History of AAA (abdominal aortic aneurysm) repair,V45.89,include,"No sufficiently explicit recorded ESRD, chronic dialysis dependence, or renal-transplant recipient state; absence of a matched term does not establish absence of disease.",no_explicit_renal_status_exclusion
mover,History of aortic valvuloplasty,V45.89,include,"No sufficiently explicit recorded ESRD, chronic dialysis dependence, or renal-transplant recipient state; absence of a matched term does not establish absence of disease.",no_explicit_renal_status_exclusion
mover,History of cardiac catheterization,V45.89,include,"No sufficiently explicit recorded ESRD, chronic dialysis dependence, or renal-transplant recipient state; absence of a matched term does not establish absence of disease.",no_explicit_renal_status_exclusion
mover,S/P AAA (abdominal aortic aneurysm) repair,V45.89,include,"No sufficiently explicit recorded ESRD, chronic dialysis dependence, or renal-transplant recipient state; absence of a matched term does not establish absence of disease.",no_explicit_renal_status_exclusion
mover,S/P abdominal aortic aneurysm repair,V45.89,include,"No sufficiently explicit recorded ESRD, chronic dialysis dependence, or renal-transplant recipient state; absence of a matched term does not establish absence of disease.",no_explicit_renal_status_exclusion
mover,S/P aorto-bifemoral bypass surgery,V45.89,include,"No sufficiently explicit recorded ESRD, chronic dialysis dependence, or renal-transplant recipient state; absence of a matched term does not establish absence of disease.",no_explicit_renal_status_exclusion
mover,S/P aortobifemoral bypass surgery,V45.89,include,"No sufficiently explicit recorded ESRD, chronic dialysis dependence, or renal-transplant recipient state; absence of a matched term does not establish absence of disease.",no_explicit_renal_status_exclusion
mover,S/P cardiac cath,V45.89,include,"No sufficiently explicit recorded ESRD, chronic dialysis dependence, or renal-transplant recipient state; absence of a matched term does not establish absence of disease.",no_explicit_renal_status_exclusion
mover,S/P coronary angiogram,V45.89,include,"No sufficiently explicit recorded ESRD, chronic dialysis dependence, or renal-transplant recipient state; absence of a matched term does not establish absence of disease.",no_explicit_renal_status_exclusion
mover,S/P left heart catheterization by percutaneous approach,V45.89,include,"No sufficiently explicit recorded ESRD, chronic dialysis dependence, or renal-transplant recipient state; absence of a matched term does not establish absence of disease.",no_explicit_renal_status_exclusion
mover,S/P mitral valve repair,V45.89,include,"No sufficiently explicit recorded ESRD, chronic dialysis dependence, or renal-transplant recipient state; absence of a matched term does not establish absence of disease.",no_explicit_renal_status_exclusion
mover,S/P percutaneous angioplasty of renal artery,V45.89,include,"No sufficiently explicit recorded ESRD, chronic dialysis dependence, or renal-transplant recipient state; absence of a matched term does not establish absence of disease.",no_explicit_renal_status_exclusion
mover,S/P thoracic aortic aneurysm repair,V45.89,include,"No sufficiently explicit recorded ESRD, chronic dialysis dependence, or renal-transplant recipient state; absence of a matched term does not establish absence of disease.",no_explicit_renal_status_exclusion
mover,Status post aortobifemoral bypass surgery,V45.89,include,"No sufficiently explicit recorded ESRD, chronic dialysis dependence, or renal-transplant recipient state; absence of a matched term does not establish absence of disease.",no_explicit_renal_status_exclusion
mover,Status post cardiac catheterization,V45.89,include,"No sufficiently explicit recorded ESRD, chronic dialysis dependence, or renal-transplant recipient state; absence of a matched term does not establish absence of disease.",no_explicit_renal_status_exclusion
mover,Status post mitral valve repair,V45.89,include,"No sufficiently explicit recorded ESRD, chronic dialysis dependence, or renal-transplant recipient state; absence of a matched term does not establish absence of disease.",no_explicit_renal_status_exclusion
mover,Status post resection of aortic aneurysm,V45.89,include,"No sufficiently explicit recorded ESRD, chronic dialysis dependence, or renal-transplant recipient state; absence of a matched term does not establish absence of disease.",no_explicit_renal_status_exclusion
mover,Awaiting organ transplant status,V49.83,include,Candidate/evaluation/waiting-list text alone does not prove a transplant recipient state.,transplant_candidate_not_recipient
mover,Patient awaiting renal transplant,V49.83,include,Candidate/evaluation/waiting-list text alone does not prove a transplant recipient state.,transplant_candidate_not_recipient
mover,Cardiac pacemaker battery worn out,V53.31,include,"No sufficiently explicit recorded ESRD, chronic dialysis dependence, or renal-transplant recipient state; absence of a matched term does not establish absence of disease.",no_explicit_renal_status_exclusion
mover,Acute hemodialysis encounter (CMS-HCC),V56.0,uncertain,"Exact record identifies dialysis status or acute renal replacement but does not establish chronic dependence or preoperative timing; conservatively excluded from main cohort, retained in diagnosis-free sensitivity.",uncertain_recorded_renal_replacement
mover,Encounter for hemodialysis for ESRD (CMS-HCC),V56.0,exclude,Exact text or unambiguous ESRD code documents ESRD in the permitted same-case record; time of documentation is not established as preoperative.,explicit_recorded_esrd
mover,Encounter for hemodialysis for end-stage renal disease (CMS-HCC),V56.0,exclude,Exact text or unambiguous ESRD code documents ESRD in the permitted same-case record; time of documentation is not established as preoperative.,explicit_recorded_esrd
mover,Encounter for fitting or adjustment of peritoneal dialysis catheter (CMS-HCC),V56.2,include,"Acute dialysis, access presence/complication, preference, negation, or nonspecific dialysis wording does not establish chronic dependence; retain absent another explicit exclusion. Retinal dialysis is unrelated.",dialysis_related_not_chronic_dependence
mover,Encounter for peritoneal dialysis (CMS-HCC),V56.8,uncertain,"Exact record identifies dialysis status or acute renal replacement but does not establish chronic dependence or preoperative timing; conservatively excluded from main cohort, retained in diagnosis-free sensitivity.",uncertain_recorded_renal_replacement
mover,Encounter for peritoneal dialysis for ESRD (CMS-HCC),V56.8,exclude,Exact text or unambiguous ESRD code documents ESRD in the permitted same-case record; time of documentation is not established as preoperative.,explicit_recorded_esrd
mover,Conditioning chemotherapy prior to peripheral blood stem cell transplant,V58.11,include,"No sufficiently explicit recorded ESRD, chronic dialysis dependence, or renal-transplant recipient state; absence of a matched term does not establish absence of disease.",no_explicit_renal_status_exclusion
mover,Encounter for aftercare following kidney transplant,V58.44,exclude,Exact text/code documents renal transplant recipient/status/complication; not donor or candidate-only wording; timing is not assumed preoperative.,explicit_recorded_renal_recipient
mover,Immunosuppressive management encounter following kidney transplant,V58.69,exclude,Exact text/code documents renal transplant recipient/status/complication; not donor or candidate-only wording; timing is not assumed preoperative.,explicit_recorded_renal_recipient
mover,Donor of kidney for transplant,V59.4,include,Kidney donation is not renal recipient/transplant status.,kidney_donor_not_recipient
mover,"Donor, kidney",V59.4,include,Kidney donation is not renal recipient/transplant status.,kidney_donor_not_recipient
mover,History of kidney donation,V59.4,include,Kidney donation is not renal recipient/transplant status.,kidney_donor_not_recipient
mover,Kidney donor,V59.4,include,Kidney donation is not renal recipient/transplant status.,kidney_donor_not_recipient
mover,Renal donor,V59.4,include,Kidney donation is not renal recipient/transplant status.,kidney_donor_not_recipient
mover,Donor for lung transplant,V59.8,include,"No sufficiently explicit recorded ESRD, chronic dialysis dependence, or renal-transplant recipient state; absence of a matched term does not establish absence of disease.",no_explicit_renal_status_exclusion
mover,"Coronary arteries, normal",V71.7,include,"No sufficiently explicit recorded ESRD, chronic dialysis dependence, or renal-transplant recipient state; absence of a matched term does not establish absence of disease.",no_explicit_renal_status_exclusion
mover,Coronary artery disease (CAD) excluded,V71.7,include,"No sufficiently explicit recorded ESRD, chronic dialysis dependence, or renal-transplant recipient state; absence of a matched term does not establish absence of disease.",no_explicit_renal_status_exclusion
mover,Pre-transplant evaluation for ESRD (end stage renal disease),V72.83,exclude,Exact text or unambiguous ESRD code documents ESRD in the permitted same-case record; time of documentation is not established as preoperative.,explicit_recorded_esrd
mover,Pre-transplant evaluation for end stage renal disease,V72.83,exclude,Exact text or unambiguous ESRD code documents ESRD in the permitted same-case record; time of documentation is not established as preoperative.,explicit_recorded_esrd
mover,Pre-transplant evaluation for kidney and pancreas transplant,V72.83,include,Candidate/evaluation/waiting-list text alone does not prove a transplant recipient state.,transplant_candidate_not_recipient
mover,Pre-transplant evaluation for kidney transplant,V72.83,include,Candidate/evaluation/waiting-list text alone does not prove a transplant recipient state.,transplant_candidate_not_recipient
vitaldb,Adrenal Cushing syndrome,,include,"No sufficiently explicit recorded ESRD, chronic dialysis dependence, or renal-transplant recipient state; absence of a matched term does not establish absence of disease.",no_explicit_renal_status_exclusion
vitaldb,Adrenal Cushing syndrome ,,include,"No sufficiently explicit recorded ESRD, chronic dialysis dependence, or renal-transplant recipient state; absence of a matched term does not establish absence of disease.",no_explicit_renal_status_exclusion
vitaldb,Adrenal gland disease,,include,"No sufficiently explicit recorded ESRD, chronic dialysis dependence, or renal-transplant recipient state; absence of a matched term does not establish absence of disease.",no_explicit_renal_status_exclusion
vitaldb,Adrenal incidentaloma,,include,"No sufficiently explicit recorded ESRD, chronic dialysis dependence, or renal-transplant recipient state; absence of a matched term does not establish absence of disease.",no_explicit_renal_status_exclusion
vitaldb,Adrenal incidentaloma ,,include,"No sufficiently explicit recorded ESRD, chronic dialysis dependence, or renal-transplant recipient state; absence of a matched term does not establish absence of disease.",no_explicit_renal_status_exclusion
vitaldb,"Aneurysm, abdominal aorta",,include,"No sufficiently explicit recorded ESRD, chronic dialysis dependence, or renal-transplant recipient state; absence of a matched term does not establish absence of disease.",no_explicit_renal_status_exclusion
vitaldb,"Aneurysm, abdominal aorta, s/p Aortoiliac bypass",,include,"No sufficiently explicit recorded ESRD, chronic dialysis dependence, or renal-transplant recipient state; absence of a matched term does not establish absence of disease.",no_explicit_renal_status_exclusion
vitaldb,"Aneurysm, renal artery",,include,"No sufficiently explicit recorded ESRD, chronic dialysis dependence, or renal-transplant recipient state; absence of a matched term does not establish absence of disease.",no_explicit_renal_status_exclusion
vitaldb,Aortic aneurysm,,include,"No sufficiently explicit recorded ESRD, chronic dialysis dependence, or renal-transplant recipient state; absence of a matched term does not establish absence of disease.",no_explicit_renal_status_exclusion
vitaldb,Aortic aneurysm ,,include,"No sufficiently explicit recorded ESRD, chronic dialysis dependence, or renal-transplant recipient state; absence of a matched term does not establish absence of disease.",no_explicit_renal_status_exclusion
vitaldb,Aortic aneurysm rupture,,include,"No sufficiently explicit recorded ESRD, chronic dialysis dependence, or renal-transplant recipient state; absence of a matched term does not establish absence of disease.",no_explicit_renal_status_exclusion
vitaldb,Aortic dissection thoracoabdominal aorta,,include,"No sufficiently explicit recorded ESRD, chronic dialysis dependence, or renal-transplant recipient state; absence of a matched term does not establish absence of disease.",no_explicit_renal_status_exclusion
vitaldb,Atherosclerosis obliterans of aorta without gangrene,,include,"No sufficiently explicit recorded ESRD, chronic dialysis dependence, or renal-transplant recipient state; absence of a matched term does not establish absence of disease.",no_explicit_renal_status_exclusion
vitaldb,Autosomal dominant polycystic kidney disease,,include,"No sufficiently explicit recorded ESRD, chronic dialysis dependence, or renal-transplant recipient state; absence of a matched term does not establish absence of disease.",no_explicit_renal_status_exclusion
vitaldb,Autosomal recessive polycystic kidney disease,,include,"No sufficiently explicit recorded ESRD, chronic dialysis dependence, or renal-transplant recipient state; absence of a matched term does not establish absence of disease.",no_explicit_renal_status_exclusion
vitaldb,Cardiac arrest with successful resuscitation,,include,"No sufficiently explicit recorded ESRD, chronic dialysis dependence, or renal-transplant recipient state; absence of a matched term does not establish absence of disease.",no_explicit_renal_status_exclusion
vitaldb,Chronic kidney disease,,include,"No sufficiently explicit recorded ESRD, chronic dialysis dependence, or renal-transplant recipient state; absence of a matched term does not establish absence of disease.",no_explicit_renal_status_exclusion
vitaldb,Chronic kidney disease ,,include,"No sufficiently explicit recorded ESRD, chronic dialysis dependence, or renal-transplant recipient state; absence of a matched term does not establish absence of disease.",no_explicit_renal_status_exclusion
vitaldb,"Chronic kidney disease, stage 5",,include,"No sufficiently explicit recorded ESRD, chronic dialysis dependence, or renal-transplant recipient state; absence of a matched term does not establish absence of disease.",no_explicit_renal_status_exclusion
vitaldb,Chronic renal failure,,include,"No sufficiently explicit recorded ESRD, chronic dialysis dependence, or renal-transplant recipient state; absence of a matched term does not establish absence of disease.",no_explicit_renal_status_exclusion
vitaldb,Chronic renal failure ,,include,"No sufficiently explicit recorded ESRD, chronic dialysis dependence, or renal-transplant recipient state; absence of a matched term does not establish absence of disease.",no_explicit_renal_status_exclusion
vitaldb,"Congestive heart failure, diastolic",,include,"No sufficiently explicit recorded ESRD, chronic dialysis dependence, or renal-transplant recipient state; absence of a matched term does not establish absence of disease.",no_explicit_renal_status_exclusion
vitaldb,Constrictive pericarditis,,include,"No sufficiently explicit recorded ESRD, chronic dialysis dependence, or renal-transplant recipient state; absence of a matched term does not establish absence of disease.",no_explicit_renal_status_exclusion
vitaldb,Coronary atherosclerosis,,include,"No sufficiently explicit recorded ESRD, chronic dialysis dependence, or renal-transplant recipient state; absence of a matched term does not establish absence of disease.",no_explicit_renal_status_exclusion
vitaldb,Disorder of kidney and ureter,,include,"No sufficiently explicit recorded ESRD, chronic dialysis dependence, or renal-transplant recipient state; absence of a matched term does not establish absence of disease.",no_explicit_renal_status_exclusion
vitaldb,Disorder of kidney and ureter ,,include,"No sufficiently explicit recorded ESRD, chronic dialysis dependence, or renal-transplant recipient state; absence of a matched term does not establish absence of disease.",no_explicit_renal_status_exclusion
vitaldb,End stage kidney disease on dialysis,,exclude,Exact text or unambiguous ESRD code documents ESRD in the permitted same-case record; time of documentation is not established as preoperative.,explicit_recorded_esrd
vitaldb,End stage kidney disease on dialysis ,,exclude,Exact text or unambiguous ESRD code documents ESRD in the permitted same-case record; time of documentation is not established as preoperative.,explicit_recorded_esrd
vitaldb,End stage renal disease,,exclude,Exact text or unambiguous ESRD code documents ESRD in the permitted same-case record; time of documentation is not established as preoperative.,explicit_recorded_esrd
vitaldb,End stage renal disease ,,exclude,Exact text or unambiguous ESRD code documents ESRD in the permitted same-case record; time of documentation is not established as preoperative.,explicit_recorded_esrd
vitaldb,Hypertensive heart disease,,include,"No sufficiently explicit recorded ESRD, chronic dialysis dependence, or renal-transplant recipient state; absence of a matched term does not establish absence of disease.",no_explicit_renal_status_exclusion
vitaldb,Kidney donor,,include,Kidney donation is not renal recipient/transplant status.,kidney_donor_not_recipient
vitaldb,Kidney donor ,,include,Kidney donation is not renal recipient/transplant status.,kidney_donor_not_recipient
vitaldb,"Kidney donor, live related",,include,Kidney donation is not renal recipient/transplant status.,kidney_donor_not_recipient
vitaldb,"Kidney donor, live unrelated",,include,Kidney donation is not renal recipient/transplant status.,kidney_donor_not_recipient
vitaldb,Kidney transplant status,,exclude,Exact text/code documents renal transplant recipient/status/complication; not donor or candidate-only wording; timing is not assumed preoperative.,explicit_recorded_renal_recipient
vitaldb,Kidney transplant status ,,exclude,Exact text/code documents renal transplant recipient/status/complication; not donor or candidate-only wording; timing is not assumed preoperative.,explicit_recorded_renal_recipient
vitaldb,"Liver retransplantation, living donor",,include,"No sufficiently explicit recorded ESRD, chronic dialysis dependence, or renal-transplant recipient state; absence of a matched term does not establish absence of disease.",no_explicit_renal_status_exclusion
vitaldb,Liver tissue transplant status,,include,"No sufficiently explicit recorded ESRD, chronic dialysis dependence, or renal-transplant recipient state; absence of a matched term does not establish absence of disease.",no_explicit_renal_status_exclusion
vitaldb,Liver transplant status,,include,"No sufficiently explicit recorded ESRD, chronic dialysis dependence, or renal-transplant recipient state; absence of a matched term does not establish absence of disease.",no_explicit_renal_status_exclusion
vitaldb,Liver transplant status ,,include,"No sufficiently explicit recorded ESRD, chronic dialysis dependence, or renal-transplant recipient state; absence of a matched term does not establish absence of disease.",no_explicit_renal_status_exclusion
vitaldb,Liver transplantation ,,include,"No sufficiently explicit recorded ESRD, chronic dialysis dependence, or renal-transplant recipient state; absence of a matched term does not establish absence of disease.",no_explicit_renal_status_exclusion
vitaldb,Lung transplant status ,,include,"No sufficiently explicit recorded ESRD, chronic dialysis dependence, or renal-transplant recipient state; absence of a matched term does not establish absence of disease.",no_explicit_renal_status_exclusion
vitaldb,Malignant neoplasm of ileocecal valve,,include,"No sufficiently explicit recorded ESRD, chronic dialysis dependence, or renal-transplant recipient state; absence of a matched term does not establish absence of disease.",no_explicit_renal_status_exclusion
vitaldb,Malignant neoplasm of renal pelvis right,,include,"No sufficiently explicit recorded ESRD, chronic dialysis dependence, or renal-transplant recipient state; absence of a matched term does not establish absence of disease.",no_explicit_renal_status_exclusion
vitaldb,Malignant pericardial effusion ,,include,"No sufficiently explicit recorded ESRD, chronic dialysis dependence, or renal-transplant recipient state; absence of a matched term does not establish absence of disease.",no_explicit_renal_status_exclusion
vitaldb,Nonfunctioning adrenal adenoma,,include,"No sufficiently explicit recorded ESRD, chronic dialysis dependence, or renal-transplant recipient state; absence of a matched term does not establish absence of disease.",no_explicit_renal_status_exclusion
vitaldb,Pancreas transplant status,,include,"No sufficiently explicit recorded ESRD, chronic dialysis dependence, or renal-transplant recipient state; absence of a matched term does not establish absence of disease.",no_explicit_renal_status_exclusion
vitaldb,Pericardial cyst,,include,"No sufficiently explicit recorded ESRD, chronic dialysis dependence, or renal-transplant recipient state; absence of a matched term does not establish absence of disease.",no_explicit_renal_status_exclusion
vitaldb,Pericardial effusion,,include,"No sufficiently explicit recorded ESRD, chronic dialysis dependence, or renal-transplant recipient state; absence of a matched term does not establish absence of disease.",no_explicit_renal_status_exclusion
vitaldb,Renal cell carcinoma,,include,"No sufficiently explicit recorded ESRD, chronic dialysis dependence, or renal-transplant recipient state; absence of a matched term does not establish absence of disease.",no_explicit_renal_status_exclusion
vitaldb,Renal cell carcinoma left,,include,"No sufficiently explicit recorded ESRD, chronic dialysis dependence, or renal-transplant recipient state; absence of a matched term does not establish absence of disease.",no_explicit_renal_status_exclusion
vitaldb,Renal cell carcinoma right,,include,"No sufficiently explicit recorded ESRD, chronic dialysis dependence, or renal-transplant recipient state; absence of a matched term does not establish absence of disease.",no_explicit_renal_status_exclusion
vitaldb,Renal cell carcinoma unspecified side,,include,"No sufficiently explicit recorded ESRD, chronic dialysis dependence, or renal-transplant recipient state; absence of a matched term does not establish absence of disease.",no_explicit_renal_status_exclusion
vitaldb,"Renal transplant rejection, acute",,exclude,Exact text/code documents renal transplant recipient/status/complication; not donor or candidate-only wording; timing is not assumed preoperative.,explicit_recorded_renal_recipient
vitaldb,"Ruptured aneurysm, abdominal aorta",,include,"No sufficiently explicit recorded ESRD, chronic dialysis dependence, or renal-transplant recipient state; absence of a matched term does not establish absence of disease.",no_explicit_renal_status_exclusion
vitaldb,"Ruptured aneurysm, thoracoabdominal aorta",,include,"No sufficiently explicit recorded ESRD, chronic dialysis dependence, or renal-transplant recipient state; absence of a matched term does not establish absence of disease.",no_explicit_renal_status_exclusion
vitaldb,abdominal aortic aneurysm without mention of rupture ,,include,"No sufficiently explicit recorded ESRD, chronic dialysis dependence, or renal-transplant recipient state; absence of a matched term does not establish absence of disease.",no_explicit_renal_status_exclusion
vitaldb,chronic renal failure,,include,"No sufficiently explicit recorded ESRD, chronic dialysis dependence, or renal-transplant recipient state; absence of a matched term does not establish absence of disease.",no_explicit_renal_status_exclusion
vitaldb,chronic renal failure ,,include,"No sufficiently explicit recorded ESRD, chronic dialysis dependence, or renal-transplant recipient state; absence of a matched term does not establish absence of disease.",no_explicit_renal_status_exclusion
vitaldb,end stage renal disease,,exclude,Exact text or unambiguous ESRD code documents ESRD in the permitted same-case record; time of documentation is not established as preoperative.,explicit_recorded_esrd
vitaldb,end stage renal disease ,,exclude,Exact text or unambiguous ESRD code documents ESRD in the permitted same-case record; time of documentation is not established as preoperative.,explicit_recorded_esrd
vitaldb,kidney disease,,include,"No sufficiently explicit recorded ESRD, chronic dialysis dependence, or renal-transplant recipient state; absence of a matched term does not establish absence of disease.",no_explicit_renal_status_exclusion
vitaldb,kidney donor,,include,Kidney donation is not renal recipient/transplant status.,kidney_donor_not_recipient
vitaldb,kidney transplantation,,exclude,Exact text/code documents renal transplant recipient/status/complication; not donor or candidate-only wording; timing is not assumed preoperative.,explicit_recorded_renal_recipient
vitaldb,renal cell carcinoma ,,include,"No sufficiently explicit recorded ESRD, chronic dialysis dependence, or renal-transplant recipient state; absence of a matched term does not establish absence of disease.",no_explicit_renal_status_exclusion
vitaldb,renal cell carcinoma Left,,include,"No sufficiently explicit recorded ESRD, chronic dialysis dependence, or renal-transplant recipient state; absence of a matched term does not establish absence of disease.",no_explicit_renal_status_exclusion
