dataset,term,decision,reason,category
mover,,uncertain,Missing or nonspecific procedure/site/indication; cannot verify the common eligible surgical/procedural population.,uncertain_procedure_or_site
mover,ABDOMINOPLASTY,include,"Procedure terminology gives no explicit heart-directed procedure, renal recipient operation, or dialysis-related operation; not proof of absence of renal disease.",noncardiac_procedure_no_explicit_renal_exclusion
mover,"ABLATION, ARRHYTHMOGENIC FOCUS, ENDOSCOPIC, FOR ATRIAL FIBRILLATION",exclude,Explicit heart/coronary/valve/rhythm/pericardial procedure or standalone cardiac diagnostic procedure; not all entries are cardiac surgery.,heart_directed_procedure
mover,"ABLATION, ARRHYTHMOGENIC FOCUS, FOR SUPRAVENTRICULAR TACHYCARDIA, WITH CARDIAC ELECTROPHYSIOLOGY STUDY",exclude,Explicit heart/coronary/valve/rhythm/pericardial procedure or standalone cardiac diagnostic procedure; not all entries are cardiac surgery.,heart_directed_procedure
mover,"ABLATION, ARRHYTHMOGENIC FOCUS, FOR VENTRICULAR TACHYCARDIA",exclude,Explicit heart/coronary/valve/rhythm/pericardial procedure or standalone cardiac diagnostic procedure; not all entries are cardiac surgery.,heart_directed_procedure
mover,"ABLATION, CARDIAC ATRIUM, LINEAR OR FOCAL, ADDTL, FOR A-FIB REMAINING AFTER PULM VEIN ISOLAT",exclude,Explicit heart/coronary/valve/rhythm/pericardial procedure or standalone cardiac diagnostic procedure; not all entries are cardiac surgery.,heart_directed_procedure
mover,"ABLATION, ENDOMETRIUM",include,"Procedure terminology gives no explicit heart-directed procedure, renal recipient operation, or dialysis-related operation; not proof of absence of renal disease.",noncardiac_procedure_no_explicit_renal_exclusion
mover,"ABLATION, TISSUE, ATRIAL SEPTUM",exclude,Explicit heart/coronary/valve/rhythm/pericardial procedure or standalone cardiac diagnostic procedure; not all entries are cardiac surgery.,heart_directed_procedure
mover,"ABLATION, TOENAIL",include,"Procedure terminology gives no explicit heart-directed procedure, renal recipient operation, or dialysis-related operation; not proof of absence of renal disease.",noncardiac_procedure_no_explicit_renal_exclusion
mover,"ABLATION, USING LASER",uncertain,Missing or nonspecific procedure/site/indication; cannot verify the common eligible surgical/procedural population.,uncertain_procedure_or_site
mover,"ADJUSTMENT, EXTERNAL FIXATION DEVICE, ANKLE",include,"Procedure terminology gives no explicit heart-directed procedure, renal recipient operation, or dialysis-related operation; not proof of absence of renal disease.",noncardiac_procedure_no_explicit_renal_exclusion
mover,ADRENALECTOMY,include,"Procedure terminology gives no explicit heart-directed procedure, renal recipient operation, or dialysis-related operation; not proof of absence of renal disease.",noncardiac_procedure_no_explicit_renal_exclusion
mover,"ADRENALECTOMY, LAPAROSCOPIC",include,"Procedure terminology gives no explicit heart-directed procedure, renal recipient operation, or dialysis-related operation; not proof of absence of renal disease.",noncardiac_procedure_no_explicit_renal_exclusion
mover,"ADRENALECTOMY, ROBOT-ASSISTED",include,"Procedure terminology gives no explicit heart-directed procedure, renal recipient operation, or dialysis-related operation; not proof of absence of renal disease.",noncardiac_procedure_no_explicit_renal_exclusion
mover,"ALLOGRAFT, OSTEOCHONDRAL, KNEE",include,"Procedure terminology gives no explicit heart-directed procedure, renal recipient operation, or dialysis-related operation; not proof of absence of renal disease.",noncardiac_procedure_no_explicit_renal_exclusion
mover,"ALLOGRAFT, SKIN",include,"Procedure terminology gives no explicit heart-directed procedure, renal recipient operation, or dialysis-related operation; not proof of absence of renal disease.",noncardiac_procedure_no_explicit_renal_exclusion
mover,"AMPUTATION, ABOVE KNEE",include,"Procedure terminology gives no explicit heart-directed procedure, renal recipient operation, or dialysis-related operation; not proof of absence of renal disease.",noncardiac_procedure_no_explicit_renal_exclusion
mover,"AMPUTATION, ABOVE OR BELOW ELBOW",include,"Procedure terminology gives no explicit heart-directed procedure, renal recipient operation, or dialysis-related operation; not proof of absence of renal disease.",noncardiac_procedure_no_explicit_renal_exclusion
mover,"AMPUTATION, BELOW KNEE",include,"Procedure terminology gives no explicit heart-directed procedure, renal recipient operation, or dialysis-related operation; not proof of absence of renal disease.",noncardiac_procedure_no_explicit_renal_exclusion
mover,"AMPUTATION, FINGER",include,"Procedure terminology gives no explicit heart-directed procedure, renal recipient operation, or dialysis-related operation; not proof of absence of renal disease.",noncardiac_procedure_no_explicit_renal_exclusion
mover,"AMPUTATION, FOOT",include,"Procedure terminology gives no explicit heart-directed procedure, renal recipient operation, or dialysis-related operation; not proof of absence of renal disease.",noncardiac_procedure_no_explicit_renal_exclusion
mover,"AMPUTATION, FOOT, FIRST RAY",include,"Procedure terminology gives no explicit heart-directed procedure, renal recipient operation, or dialysis-related operation; not proof of absence of renal disease.",noncardiac_procedure_no_explicit_renal_exclusion
mover,"AMPUTATION, FOOT, TRANSMETATARSAL",include,"Procedure terminology gives no explicit heart-directed procedure, renal recipient operation, or dialysis-related operation; not proof of absence of renal disease.",noncardiac_procedure_no_explicit_renal_exclusion
mover,"AMPUTATION, HAND",include,"Procedure terminology gives no explicit heart-directed procedure, renal recipient operation, or dialysis-related operation; not proof of absence of renal disease.",noncardiac_procedure_no_explicit_renal_exclusion
mover,"AMPUTATION, INTERTHORACOSCAPULAR",include,"Procedure terminology gives no explicit heart-directed procedure, renal recipient operation, or dialysis-related operation; not proof of absence of renal disease.",noncardiac_procedure_no_explicit_renal_exclusion
mover,"AMPUTATION, RAY",include,"Procedure terminology gives no explicit heart-directed procedure, renal recipient operation, or dialysis-related operation; not proof of absence of renal disease.",noncardiac_procedure_no_explicit_renal_exclusion
mover,"AMPUTATION, THUMB",include,"Procedure terminology gives no explicit heart-directed procedure, renal recipient operation, or dialysis-related operation; not proof of absence of renal disease.",noncardiac_procedure_no_explicit_renal_exclusion
mover,"AMPUTATION, TOE",include,"Procedure terminology gives no explicit heart-directed procedure, renal recipient operation, or dialysis-related operation; not proof of absence of renal disease.",noncardiac_procedure_no_explicit_renal_exclusion
mover,"ANASTOMOSIS, HEPATIC DUCT TO GI TRACT",include,"Procedure terminology gives no explicit heart-directed procedure, renal recipient operation, or dialysis-related operation; not proof of absence of renal disease.",noncardiac_procedure_no_explicit_renal_exclusion
mover,"ANASTOMOSIS, NERVE, FACIAL-HYPOGLOSSAL",include,"Procedure terminology gives no explicit heart-directed procedure, renal recipient operation, or dialysis-related operation; not proof of absence of renal disease.",noncardiac_procedure_no_explicit_renal_exclusion
mover,"ANESTHESIA, FOR ERCP",include,"Procedure terminology gives no explicit heart-directed procedure, renal recipient operation, or dialysis-related operation; not proof of absence of renal disease.",noncardiac_procedure_no_explicit_renal_exclusion
mover,"ANESTHESIA, FOR UPPER GI ENDOSCOPIC PROCEDURE",include,"Procedure terminology gives no explicit heart-directed procedure, renal recipient operation, or dialysis-related operation; not proof of absence of renal disease.",noncardiac_procedure_no_explicit_renal_exclusion
mover,ANGIOGRAM,uncertain,Missing or nonspecific procedure/site/indication; cannot verify the common eligible surgical/procedural population.,uncertain_procedure_or_site
mover,"ANGIOGRAM, CEREBRAL",include,"Procedure terminology gives no explicit heart-directed procedure, renal recipient operation, or dialysis-related operation; not proof of absence of renal disease.",noncardiac_procedure_no_explicit_renal_exclusion
mover,"ANGIOGRAM, CORONARY BYPASS GRAFT",exclude,Explicit heart/coronary/valve/rhythm/pericardial procedure or standalone cardiac diagnostic procedure; not all entries are cardiac surgery.,heart_directed_procedure
mover,"ANGIOGRAM, CORONARY, INCLUDING BYPASS GRAFT, WITH BOTH RIGHT + LEFT HEART CATH, AND HEART BIOPSY",exclude,Explicit heart/coronary/valve/rhythm/pericardial procedure or standalone cardiac diagnostic procedure; not all entries are cardiac surgery.,heart_directed_procedure
mover,"ANGIOGRAM, LOWER EXTREMITY, WITH ANGIOPLASTY",include,"Procedure terminology gives no explicit heart-directed procedure, renal recipient operation, or dialysis-related operation; not proof of absence of renal disease.",noncardiac_procedure_no_explicit_renal_exclusion
mover,"ANGIOGRAM, SPINAL",include,"Procedure terminology gives no explicit heart-directed procedure, renal recipient operation, or dialysis-related operation; not proof of absence of renal disease.",noncardiac_procedure_no_explicit_renal_exclusion
mover,"ANGIOGRAM, VESSEL, CEREBRAL, WITH EMBOLIZATION",include,"Procedure terminology gives no explicit heart-directed procedure, renal recipient operation, or dialysis-related operation; not proof of absence of renal disease.",noncardiac_procedure_no_explicit_renal_exclusion
mover,"ANGIOGRAM, VISCERAL",include,"Procedure terminology gives no explicit heart-directed procedure, renal recipient operation, or dialysis-related operation; not proof of absence of renal disease.",noncardiac_procedure_no_explicit_renal_exclusion
mover,"ANGIOGRAM, WITH ANGIOPLASTY",uncertain,Missing or nonspecific procedure/site/indication; cannot verify the common eligible surgical/procedural population.,uncertain_procedure_or_site
mover,"ANGIOGRAM, WITH ANGIOPLASTY, IF INDICATED",uncertain,Missing or nonspecific procedure/site/indication; cannot verify the common eligible surgical/procedural population.,uncertain_procedure_or_site
mover,ANGIOPLASTY,uncertain,Missing or nonspecific procedure/site/indication; cannot verify the common eligible surgical/procedural population.,uncertain_procedure_or_site
mover,"ANGIOPLASTY, WITH STENT INSERTION",uncertain,Missing or nonspecific procedure/site/indication; cannot verify the common eligible surgical/procedural population.,uncertain_procedure_or_site
mover,ANOPLASTY,include,"Procedure terminology gives no explicit heart-directed procedure, renal recipient operation, or dialysis-related operation; not proof of absence of renal disease.",noncardiac_procedure_no_explicit_renal_exclusion
mover,ANOPLASTY FOR STRICTURE,include,"Procedure terminology gives no explicit heart-directed procedure, renal recipient operation, or dialysis-related operation; not proof of absence of renal disease.",noncardiac_procedure_no_explicit_renal_exclusion
mover,ANOSCOPY,include,"Procedure terminology gives no explicit heart-directed procedure, renal recipient operation, or dialysis-related operation; not proof of absence of renal disease.",noncardiac_procedure_no_explicit_renal_exclusion
mover,"ANOSCOPY, WITH BIOPSY",include,"Procedure terminology gives no explicit heart-directed procedure, renal recipient operation, or dialysis-related operation; not proof of absence of renal disease.",noncardiac_procedure_no_explicit_renal_exclusion
mover,"ANOSCOPY, WITH LESION REMOVAL",include,"Procedure terminology gives no explicit heart-directed procedure, renal recipient operation, or dialysis-related operation; not proof of absence of renal disease.",noncardiac_procedure_no_explicit_renal_exclusion
mover,"APHERESIS, STEM CELL COLL",include,"Procedure terminology gives no explicit heart-directed procedure, renal recipient operation, or dialysis-related operation; not proof of absence of renal disease.",noncardiac_procedure_no_explicit_renal_exclusion
mover,"APPENDECTOMY, LAPAROSCOPIC",include,"Procedure terminology gives no explicit heart-directed procedure, renal recipient operation, or dialysis-related operation; not proof of absence of renal disease.",noncardiac_procedure_no_explicit_renal_exclusion
mover,"APPENDECTOMY, LAPAROSCOPIC, WITH CECECTOMY",include,"Procedure terminology gives no explicit heart-directed procedure, renal recipient operation, or dialysis-related operation; not proof of absence of renal disease.",noncardiac_procedure_no_explicit_renal_exclusion
mover,"APPENDECTOMY, OPEN",include,"Procedure terminology gives no explicit heart-directed procedure, renal recipient operation, or dialysis-related operation; not proof of absence of renal disease.",noncardiac_procedure_no_explicit_renal_exclusion
mover,"APPLICATION, ARCH BARS, FOR MAXILLOMANDIBULAR FIXATION",include,"Procedure terminology gives no explicit heart-directed procedure, renal recipient operation, or dialysis-related operation; not proof of absence of renal disease.",noncardiac_procedure_no_explicit_renal_exclusion
mover,"APPLICATION, AUTOGRAFT, TISSUE CULTURED EPIDERMAL, LOWER EXTREMITY, EACH ADDITIONAL 100 SQ CM",include,"Procedure terminology gives no explicit heart-directed procedure, renal recipient operation, or dialysis-related operation; not proof of absence of renal disease.",noncardiac_procedure_no_explicit_renal_exclusion
mover,"APPLICATION, CAST OR SPLINT, UPPER EXTREMITY",include,"Procedure terminology gives no explicit heart-directed procedure, renal recipient operation, or dialysis-related operation; not proof of absence of renal disease.",noncardiac_procedure_no_explicit_renal_exclusion
mover,"APPLICATION, EXTERNAL FIXATION DEVICE, LOWER EXTREMITY",include,"Procedure terminology gives no explicit heart-directed procedure, renal recipient operation, or dialysis-related operation; not proof of absence of renal disease.",noncardiac_procedure_no_explicit_renal_exclusion
mover,"APPLICATION, FAT GRAFT",include,"Procedure terminology gives no explicit heart-directed procedure, renal recipient operation, or dialysis-related operation; not proof of absence of renal disease.",noncardiac_procedure_no_explicit_renal_exclusion
mover,"APPLICATION, FLAP, DIRECT OR DELAYED, TO FACE",include,"Procedure terminology gives no explicit heart-directed procedure, renal recipient operation, or dialysis-related operation; not proof of absence of renal disease.",noncardiac_procedure_no_explicit_renal_exclusion
mover,"APPLICATION, FLAP, GROIN TO HAND",include,"Procedure terminology gives no explicit heart-directed procedure, renal recipient operation, or dialysis-related operation; not proof of absence of renal disease.",noncardiac_procedure_no_explicit_renal_exclusion
mover,"APPLICATION, GRAFT, FROM BUCCAL MUCOSA",include,"Procedure terminology gives no explicit heart-directed procedure, renal recipient operation, or dialysis-related operation; not proof of absence of renal disease.",noncardiac_procedure_no_explicit_renal_exclusion
mover,"APPLICATION, GRAFT, SKIN, FULL-THICKNESS",include,"Procedure terminology gives no explicit heart-directed procedure, renal recipient operation, or dialysis-related operation; not proof of absence of renal disease.",noncardiac_procedure_no_explicit_renal_exclusion
mover,"APPLICATION, GRAFT, SKIN, SPLIT-THICKNESS",include,"Procedure terminology gives no explicit heart-directed procedure, renal recipient operation, or dialysis-related operation; not proof of absence of renal disease.",noncardiac_procedure_no_explicit_renal_exclusion
mover,"APPLICATION, GRAFT, SKIN, SPLIT-THICKNESS, PEDIATRIC",include,"Procedure terminology gives no explicit heart-directed procedure, renal recipient operation, or dialysis-related operation; not proof of absence of renal disease.",noncardiac_procedure_no_explicit_renal_exclusion
mover,"APPLICATION, GRAFT, SKIN, SPLIT-THICKNESS, TO FACE",include,"Procedure terminology gives no explicit heart-directed procedure, renal recipient operation, or dialysis-related operation; not proof of absence of renal disease.",noncardiac_procedure_no_explicit_renal_exclusion
mover,"APPLICATION, GRAFT, SKIN, SPLIT-THICKNESS, TO LOWER EXTREMITY",include,"Procedure terminology gives no explicit heart-directed procedure, renal recipient operation, or dialysis-related operation; not proof of absence of renal disease.",noncardiac_procedure_no_explicit_renal_exclusion
mover,"APPLICATION, GRAFT, SKIN, SPLIT-THICKNESS, TO UPPER EXTREMITY",include,"Procedure terminology gives no explicit heart-directed procedure, renal recipient operation, or dialysis-related operation; not proof of absence of renal disease.",noncardiac_procedure_no_explicit_renal_exclusion
mover,"ARTERIOGRAM, CAROTID VESSEL, WITH STENT INSERTION, USING EMBOLIC PROTECTION DEVICE",include,"Procedure terminology gives no explicit heart-directed procedure, renal recipient operation, or dialysis-related operation; not proof of absence of renal disease.",noncardiac_procedure_no_explicit_renal_exclusion
mover,"ARTHROCENTESIS, HIP",include,"Procedure terminology gives no explicit heart-directed procedure, renal recipient operation, or dialysis-related operation; not proof of absence of renal disease.",noncardiac_procedure_no_explicit_renal_exclusion
mover,"ARTHRODESIS AND ARTHROEREISIS, FOOT AND ANKLE",include,"Procedure terminology gives no explicit heart-directed procedure, renal recipient operation, or dialysis-related operation; not proof of absence of renal disease.",noncardiac_procedure_no_explicit_renal_exclusion
mover,"ARTHRODESIS, FINGER",include,"Procedure terminology gives no explicit heart-directed procedure, renal recipient operation, or dialysis-related operation; not proof of absence of renal disease.",noncardiac_procedure_no_explicit_renal_exclusion
mover,"ARTHROPLASTY, ANKLE",include,"Procedure terminology gives no explicit heart-directed procedure, renal recipient operation, or dialysis-related operation; not proof of absence of renal disease.",noncardiac_procedure_no_explicit_renal_exclusion
mover,"ARTHROPLASTY, CARPOCARPAL OR CARPOMETACARPAL JOINT",include,"Procedure terminology gives no explicit heart-directed procedure, renal recipient operation, or dialysis-related operation; not proof of absence of renal disease.",noncardiac_procedure_no_explicit_renal_exclusion
mover,"ARTHROPLASTY, CMC JOINT",include,"Procedure terminology gives no explicit heart-directed procedure, renal recipient operation, or dialysis-related operation; not proof of absence of renal disease.",noncardiac_procedure_no_explicit_renal_exclusion
mover,"ARTHROPLASTY, ELBOW",include,"Procedure terminology gives no explicit heart-directed procedure, renal recipient operation, or dialysis-related operation; not proof of absence of renal disease.",noncardiac_procedure_no_explicit_renal_exclusion
mover,"ARTHROPLASTY, FINGER",include,"Procedure terminology gives no explicit heart-directed procedure, renal recipient operation, or dialysis-related operation; not proof of absence of renal disease.",noncardiac_procedure_no_explicit_renal_exclusion
mover,"ARTHROPLASTY, FINGER, MCP JOINT",include,"Procedure terminology gives no explicit heart-directed procedure, renal recipient operation, or dialysis-related operation; not proof of absence of renal disease.",noncardiac_procedure_no_explicit_renal_exclusion
mover,"ARTHROPLASTY, HIP, ANTERIOR APPROACH",include,"Procedure terminology gives no explicit heart-directed procedure, renal recipient operation, or dialysis-related operation; not proof of absence of renal disease.",noncardiac_procedure_no_explicit_renal_exclusion
mover,"ARTHROPLASTY, IP JOINT",include,"Procedure terminology gives no explicit heart-directed procedure, renal recipient operation, or dialysis-related operation; not proof of absence of renal disease.",noncardiac_procedure_no_explicit_renal_exclusion
mover,"ARTHROPLASTY, KNEE",include,"Procedure terminology gives no explicit heart-directed procedure, renal recipient operation, or dialysis-related operation; not proof of absence of renal disease.",noncardiac_procedure_no_explicit_renal_exclusion
mover,"ARTHROPLASTY, PIP JOINT",include,"Procedure terminology gives no explicit heart-directed procedure, renal recipient operation, or dialysis-related operation; not proof of absence of renal disease.",noncardiac_procedure_no_explicit_renal_exclusion
mover,"ARTHROPLASTY, RADIAL HEAD, WITH IMPLANT",include,"Procedure terminology gives no explicit heart-directed procedure, renal recipient operation, or dialysis-related operation; not proof of absence of renal disease.",noncardiac_procedure_no_explicit_renal_exclusion
mover,"ARTHROPLASTY, SHOULDER",include,"Procedure terminology gives no explicit heart-directed procedure, renal recipient operation, or dialysis-related operation; not proof of absence of renal disease.",noncardiac_procedure_no_explicit_renal_exclusion
mover,"ARTHROSCOPY, ANKLE",include,"Procedure terminology gives no explicit heart-directed procedure, renal recipient operation, or dialysis-related operation; not proof of absence of renal disease.",noncardiac_procedure_no_explicit_renal_exclusion
mover,"ARTHROSCOPY, HIP",include,"Procedure terminology gives no explicit heart-directed procedure, renal recipient operation, or dialysis-related operation; not proof of absence of renal disease.",noncardiac_procedure_no_explicit_renal_exclusion
mover,"ARTHROSCOPY, HIP, WITH LABRUM REPAIR",include,"Procedure terminology gives no explicit heart-directed procedure, renal recipient operation, or dialysis-related operation; not proof of absence of renal disease.",noncardiac_procedure_no_explicit_renal_exclusion
mover,"ARTHROSCOPY, KNEE",include,"Procedure terminology gives no explicit heart-directed procedure, renal recipient operation, or dialysis-related operation; not proof of absence of renal disease.",noncardiac_procedure_no_explicit_renal_exclusion
mover,"ARTHROSCOPY, KNEE, WITH ACL RECONSTRUCTION USING HAMSTRING AUTOGRAFT",include,"Procedure terminology gives no explicit heart-directed procedure, renal recipient operation, or dialysis-related operation; not proof of absence of renal disease.",noncardiac_procedure_no_explicit_renal_exclusion
mover,"ARTHROSCOPY, KNEE, WITH ARTHROSCOPY-ASSISTED ACL RECONSTRUCTION, USING BONE-TENDON-BONE GRAFT",include,"Procedure terminology gives no explicit heart-directed procedure, renal recipient operation, or dialysis-related operation; not proof of absence of renal disease.",noncardiac_procedure_no_explicit_renal_exclusion
mover,"ARTHROSCOPY, KNEE, WITH MEDIAL OR LATERAL MENISCECTOMY",include,"Procedure terminology gives no explicit heart-directed procedure, renal recipient operation, or dialysis-related operation; not proof of absence of renal disease.",noncardiac_procedure_no_explicit_renal_exclusion
mover,"ARTHROSCOPY, KNEE, WITH MEDIAL PATELLOFEMORAL LIGAMENT RECONSTRUCTION",include,"Procedure terminology gives no explicit heart-directed procedure, renal recipient operation, or dialysis-related operation; not proof of absence of renal disease.",noncardiac_procedure_no_explicit_renal_exclusion
mover,"ARTHROSCOPY, SHOULDER",include,"Procedure terminology gives no explicit heart-directed procedure, renal recipient operation, or dialysis-related operation; not proof of absence of renal disease.",noncardiac_procedure_no_explicit_renal_exclusion
mover,"ARTHROSCOPY, SHOULDER, WITH ROTATOR CUFF REPAIR",include,"Procedure terminology gives no explicit heart-directed procedure, renal recipient operation, or dialysis-related operation; not proof of absence of renal disease.",noncardiac_procedure_no_explicit_renal_exclusion
mover,"ARTHROSCOPY, WRIST",include,"Procedure terminology gives no explicit heart-directed procedure, renal recipient operation, or dialysis-related operation; not proof of absence of renal disease.",noncardiac_procedure_no_explicit_renal_exclusion
mover,"ARTHROTOMY, ANKLE",include,"Procedure terminology gives no explicit heart-directed procedure, renal recipient operation, or dialysis-related operation; not proof of absence of renal disease.",noncardiac_procedure_no_explicit_renal_exclusion
mover,"ARTHROTOMY, INTERPHALANGEAL JOINT, SINGLE, WITH EXPLORATION, DRAINAGE, OR LOOSE OR FOREIGN BODY REMOVAL",include,"Procedure terminology gives no explicit heart-directed procedure, renal recipient operation, or dialysis-related operation; not proof of absence of renal disease.",noncardiac_procedure_no_explicit_renal_exclusion
mover,"ARTHROTOMY, SHOULDER",include,"Procedure terminology gives no explicit heart-directed procedure, renal recipient operation, or dialysis-related operation; not proof of absence of renal disease.",noncardiac_procedure_no_explicit_renal_exclusion
mover,"ARTHROTOMY, TMJ",include,"Procedure terminology gives no explicit heart-directed procedure, renal recipient operation, or dialysis-related operation; not proof of absence of renal disease.",noncardiac_procedure_no_explicit_renal_exclusion
mover,"ASPIRATION OR RELEASE, VITREOUS, SUBRETINAL, OR CHOROIDAL FLUID, PARS PLANA APPROACH",include,"Procedure terminology gives no explicit heart-directed procedure, renal recipient operation, or dialysis-related operation; not proof of absence of renal disease.",noncardiac_procedure_no_explicit_renal_exclusion
mover,"ASPIRATION, BONE MARROW",include,"Procedure terminology gives no explicit heart-directed procedure, renal recipient operation, or dialysis-related operation; not proof of absence of renal disease.",noncardiac_procedure_no_explicit_renal_exclusion
mover,ATHERECTOMY,uncertain,Missing or nonspecific procedure/site/indication; cannot verify the common eligible surgical/procedural population.,uncertain_procedure_or_site
mover,"AUGMENTATION, BLADDER, WITH MITROFANOFF APPENDICOVESICOSTOMY",include,"Procedure terminology gives no explicit heart-directed procedure, renal recipient operation, or dialysis-related operation; not proof of absence of renal disease.",noncardiac_procedure_no_explicit_renal_exclusion
mover,"AV FISTULOGRAM, WITH ANGIOPLASTY IF INDICATED",uncertain,AV access/fistulogram or alternate dialysis versus central venous catheter title does not establish dialysis indication; exclude from main cohort for unresolved procedure classification.,uncertain_access_indication
mover,BASIC FOOT,include,"Procedure terminology gives no explicit heart-directed procedure, renal recipient operation, or dialysis-related operation; not proof of absence of renal disease.",noncardiac_procedure_no_explicit_renal_exclusion
mover,BASIC HAND,include,"Procedure terminology gives no explicit heart-directed procedure, renal recipient operation, or dialysis-related operation; not proof of absence of renal disease.",noncardiac_procedure_no_explicit_renal_exclusion
mover,"BIOPSY OR EXCISION, LESION, NOSE",include,"Procedure terminology gives no explicit heart-directed procedure, renal recipient operation, or dialysis-related operation; not proof of absence of renal disease.",noncardiac_procedure_no_explicit_renal_exclusion
mover,"BIOPSY OR EXCISION, SOFT PALATE OR UVULA",include,"Procedure terminology gives no explicit heart-directed procedure, renal recipient operation, or dialysis-related operation; not proof of absence of renal disease.",noncardiac_procedure_no_explicit_renal_exclusion
mover,"BIOPSY, ARTERY, TEMPORAL",include,"Procedure terminology gives no explicit heart-directed procedure, renal recipient operation, or dialysis-related operation; not proof of absence of renal disease.",noncardiac_procedure_no_explicit_renal_exclusion
mover,"BIOPSY, ASPIRATION, OR EXCISION, LESION, INTRACRANIAL, BURR HOLE APPROACH, WITH STEREOTACTIC GUIDANCE",include,"Procedure terminology gives no explicit heart-directed procedure, renal recipient operation, or dialysis-related operation; not proof of absence of renal disease.",noncardiac_procedure_no_explicit_renal_exclusion
mover,"BIOPSY, BLADDER",include,"Procedure terminology gives no explicit heart-directed procedure, renal recipient operation, or dialysis-related operation; not proof of absence of renal disease.",noncardiac_procedure_no_explicit_renal_exclusion
mover,"BIOPSY, BONE",include,"Procedure terminology gives no explicit heart-directed procedure, renal recipient operation, or dialysis-related operation; not proof of absence of renal disease.",noncardiac_procedure_no_explicit_renal_exclusion
mover,"BIOPSY, BRAIN, ROBOT-ASSISTED",include,"Procedure terminology gives no explicit heart-directed procedure, renal recipient operation, or dialysis-related operation; not proof of absence of renal disease.",noncardiac_procedure_no_explicit_renal_exclusion
mover,"BIOPSY, BRAIN, STEREOTACTIC, W OR W/O BRAIN LAB",include,"Procedure terminology gives no explicit heart-directed procedure, renal recipient operation, or dialysis-related operation; not proof of absence of renal disease.",noncardiac_procedure_no_explicit_renal_exclusion
mover,"BIOPSY, BRAIN, WITH IMAGING GUIDANCE",include,"Procedure terminology gives no explicit heart-directed procedure, renal recipient operation, or dialysis-related operation; not proof of absence of renal disease.",noncardiac_procedure_no_explicit_renal_exclusion
mover,"BIOPSY, BREAST",include,"Procedure terminology gives no explicit heart-directed procedure, renal recipient operation, or dialysis-related operation; not proof of absence of renal disease.",noncardiac_procedure_no_explicit_renal_exclusion
mover,"BIOPSY, BREAST, WITH NEEDLE LOCALIZATION",include,"Procedure terminology gives no explicit heart-directed procedure, renal recipient operation, or dialysis-related operation; not proof of absence of renal disease.",noncardiac_procedure_no_explicit_renal_exclusion
mover,"BIOPSY, CERVIX",include,"Procedure terminology gives no explicit heart-directed procedure, renal recipient operation, or dialysis-related operation; not proof of absence of renal disease.",noncardiac_procedure_no_explicit_renal_exclusion
mover,"BIOPSY, DEEP SOFT TISSUE, ANKLE",include,"Procedure terminology gives no explicit heart-directed procedure, renal recipient operation, or dialysis-related operation; not proof of absence of renal disease.",noncardiac_procedure_no_explicit_renal_exclusion
mover,"BIOPSY, DEEP SOFT TISSUE, FOREARM",include,"Procedure terminology gives no explicit heart-directed procedure, renal recipient operation, or dialysis-related operation; not proof of absence of renal disease.",noncardiac_procedure_no_explicit_renal_exclusion
mover,"BIOPSY, DEEP SOFT TISSUE, THIGH",include,"Procedure terminology gives no explicit heart-directed procedure, renal recipient operation, or dialysis-related operation; not proof of absence of renal disease.",noncardiac_procedure_no_explicit_renal_exclusion
mover,"BIOPSY, DEEP SOFT TISSUE, UPPER ARM",include,"Procedure terminology gives no explicit heart-directed procedure, renal recipient operation, or dialysis-related operation; not proof of absence of renal disease.",noncardiac_procedure_no_explicit_renal_exclusion
mover,"BIOPSY, ENDOMETRIUM",include,"Procedure terminology gives no explicit heart-directed procedure, renal recipient operation, or dialysis-related operation; not proof of absence of renal disease.",noncardiac_procedure_no_explicit_renal_exclusion
mover,"BIOPSY, FEMUR",include,"Procedure terminology gives no explicit heart-directed procedure, renal recipient operation, or dialysis-related operation; not proof of absence of renal disease.",noncardiac_procedure_no_explicit_renal_exclusion
mover,"BIOPSY, HUMERUS",include,"Procedure terminology gives no explicit heart-directed procedure, renal recipient operation, or dialysis-related operation; not proof of absence of renal disease.",noncardiac_procedure_no_explicit_renal_exclusion
mover,"BIOPSY, LACRIMAL GLAND",include,"Procedure terminology gives no explicit heart-directed procedure, renal recipient operation, or dialysis-related operation; not proof of absence of renal disease.",noncardiac_procedure_no_explicit_renal_exclusion
mover,"BIOPSY, LESION, PENIS",include,"Procedure terminology gives no explicit heart-directed procedure, renal recipient operation, or dialysis-related operation; not proof of absence of renal disease.",noncardiac_procedure_no_explicit_renal_exclusion
mover,"BIOPSY, LIVER",include,"Procedure terminology gives no explicit heart-directed procedure, renal recipient operation, or dialysis-related operation; not proof of absence of renal disease.",noncardiac_procedure_no_explicit_renal_exclusion
mover,"BIOPSY, LIVER, LAPAROSCOPIC",include,"Procedure terminology gives no explicit heart-directed procedure, renal recipient operation, or dialysis-related operation; not proof of absence of renal disease.",noncardiac_procedure_no_explicit_renal_exclusion
mover,"BIOPSY, LUNG, WITH CT GUIDANCE",include,"Procedure terminology gives no explicit heart-directed procedure, renal recipient operation, or dialysis-related operation; not proof of absence of renal disease.",noncardiac_procedure_no_explicit_renal_exclusion
mover,"BIOPSY, LYMPH NODE",include,"Procedure terminology gives no explicit heart-directed procedure, renal recipient operation, or dialysis-related operation; not proof of absence of renal disease.",noncardiac_procedure_no_explicit_renal_exclusion
mover,"BIOPSY, LYMPH NODE, AXILLARY",include,"Procedure terminology gives no explicit heart-directed procedure, renal recipient operation, or dialysis-related operation; not proof of absence of renal disease.",noncardiac_procedure_no_explicit_renal_exclusion
mover,"BIOPSY, LYMPH NODE, CERVICAL",include,"Procedure terminology gives no explicit heart-directed procedure, renal recipient operation, or dialysis-related operation; not proof of absence of renal disease.",noncardiac_procedure_no_explicit_renal_exclusion
mover,"BIOPSY, LYMPH NODE, INGUINAL",include,"Procedure terminology gives no explicit heart-directed procedure, renal recipient operation, or dialysis-related operation; not proof of absence of renal disease.",noncardiac_procedure_no_explicit_renal_exclusion
mover,"BIOPSY, MANDIBLE",include,"Procedure terminology gives no explicit heart-directed procedure, renal recipient operation, or dialysis-related operation; not proof of absence of renal disease.",noncardiac_procedure_no_explicit_renal_exclusion
mover,"BIOPSY, MUSCLE",include,"Procedure terminology gives no explicit heart-directed procedure, renal recipient operation, or dialysis-related operation; not proof of absence of renal disease.",noncardiac_procedure_no_explicit_renal_exclusion
mover,"BIOPSY, NECK",include,"Procedure terminology gives no explicit heart-directed procedure, renal recipient operation, or dialysis-related operation; not proof of absence of renal disease.",noncardiac_procedure_no_explicit_renal_exclusion
mover,"BIOPSY, NERVE",include,"Procedure terminology gives no explicit heart-directed procedure, renal recipient operation, or dialysis-related operation; not proof of absence of renal disease.",noncardiac_procedure_no_explicit_renal_exclusion
mover,"BIOPSY, ORBIT",include,"Procedure terminology gives no explicit heart-directed procedure, renal recipient operation, or dialysis-related operation; not proof of absence of renal disease.",noncardiac_procedure_no_explicit_renal_exclusion
mover,"BIOPSY, PANCREAS, LAPAROSCOPIC",include,"Procedure terminology gives no explicit heart-directed procedure, renal recipient operation, or dialysis-related operation; not proof of absence of renal disease.",noncardiac_procedure_no_explicit_renal_exclusion
mover,"BIOPSY, PROSTATE",include,"Procedure terminology gives no explicit heart-directed procedure, renal recipient operation, or dialysis-related operation; not proof of absence of renal disease.",noncardiac_procedure_no_explicit_renal_exclusion
mover,"BIOPSY, PROSTATE, TRANSRECTAL, USING ULTRASOUND GUIDANCE",include,"Procedure terminology gives no explicit heart-directed procedure, renal recipient operation, or dialysis-related operation; not proof of absence of renal disease.",noncardiac_procedure_no_explicit_renal_exclusion
mover,"BIOPSY, SOFT TISSUE, DEEP, SHOULDER",include,"Procedure terminology gives no explicit heart-directed procedure, renal recipient operation, or dialysis-related operation; not proof of absence of renal disease.",noncardiac_procedure_no_explicit_renal_exclusion
mover,"BIOPSY, SOFT TISSUE, LOWER EXTREMITY",include,"Procedure terminology gives no explicit heart-directed procedure, renal recipient operation, or dialysis-related operation; not proof of absence of renal disease.",noncardiac_procedure_no_explicit_renal_exclusion
mover,"BIOPSY, SOFT TISSUE, NECK",include,"Procedure terminology gives no explicit heart-directed procedure, renal recipient operation, or dialysis-related operation; not proof of absence of renal disease.",noncardiac_procedure_no_explicit_renal_exclusion
mover,"BIOPSY, SOFT TISSUE, UPPER ARM OR ELBOW",include,"Procedure terminology gives no explicit heart-directed procedure, renal recipient operation, or dialysis-related operation; not proof of absence of renal disease.",noncardiac_procedure_no_explicit_renal_exclusion
mover,"BIOPSY, SUPERFICIAL SOFT TISSUE, FOREARM OR WRIST",include,"Procedure terminology gives no explicit heart-directed procedure, renal recipient operation, or dialysis-related operation; not proof of absence of renal disease.",noncardiac_procedure_no_explicit_renal_exclusion
mover,"BIOPSY, SUPERFICIAL SOFT TISSUE, SHOULDER REGION",include,"Procedure terminology gives no explicit heart-directed procedure, renal recipient operation, or dialysis-related operation; not proof of absence of renal disease.",noncardiac_procedure_no_explicit_renal_exclusion
mover,"BIOPSY, URETHRA",include,"Procedure terminology gives no explicit heart-directed procedure, renal recipient operation, or dialysis-related operation; not proof of absence of renal disease.",noncardiac_procedure_no_explicit_renal_exclusion
mover,"BIOPSY, USING VATS",include,"Procedure terminology gives no explicit heart-directed procedure, renal recipient operation, or dialysis-related operation; not proof of absence of renal disease.",noncardiac_procedure_no_explicit_renal_exclusion
mover,"BIOPSY, VAGINA",include,"Procedure terminology gives no explicit heart-directed procedure, renal recipient operation, or dialysis-related operation; not proof of absence of renal disease.",noncardiac_procedure_no_explicit_renal_exclusion
mover,"BIOPSY, VERTEBRAL BODY, OPEN",include,"Procedure terminology gives no explicit heart-directed procedure, renal recipient operation, or dialysis-related operation; not proof of absence of renal disease.",noncardiac_procedure_no_explicit_renal_exclusion
mover,"BIOPSY, VULVA",include,"Procedure terminology gives no explicit heart-directed procedure, renal recipient operation, or dialysis-related operation; not proof of absence of renal disease.",noncardiac_procedure_no_explicit_renal_exclusion
mover,BLADDER SLING SURGERY ,include,"Procedure terminology gives no explicit heart-directed procedure, renal recipient operation, or dialysis-related operation; not proof of absence of renal disease.",noncardiac_procedure_no_explicit_renal_exclusion
mover,BLEPHAROPLASTY,include,"Procedure terminology gives no explicit heart-directed procedure, renal recipient operation, or dialysis-related operation; not proof of absence of renal disease.",noncardiac_procedure_no_explicit_renal_exclusion
mover,"BLEPHAROPLASTY, FOR BLEPHAROPTOSIS, WITH CANTHOPLASTY",include,"Procedure terminology gives no explicit heart-directed procedure, renal recipient operation, or dialysis-related operation; not proof of absence of renal disease.",noncardiac_procedure_no_explicit_renal_exclusion
mover,"BLEPHAROPLASTY, LOWER EYELID",include,"Procedure terminology gives no explicit heart-directed procedure, renal recipient operation, or dialysis-related operation; not proof of absence of renal disease.",noncardiac_procedure_no_explicit_renal_exclusion
mover,"BLEPHAROPLASTY, UPPER EYELID",include,"Procedure terminology gives no explicit heart-directed procedure, renal recipient operation, or dialysis-related operation; not proof of absence of renal disease.",noncardiac_procedure_no_explicit_renal_exclusion
mover,"BLEPHAROPLASTY, WITH BROWLIFT",include,"Procedure terminology gives no explicit heart-directed procedure, renal recipient operation, or dialysis-related operation; not proof of absence of renal disease.",noncardiac_procedure_no_explicit_renal_exclusion
mover,BLEPHARORRHAPHY,include,"Procedure terminology gives no explicit heart-directed procedure, renal recipient operation, or dialysis-related operation; not proof of absence of renal disease.",noncardiac_procedure_no_explicit_renal_exclusion
mover,"BLOCK, NERVE",include,"Procedure terminology gives no explicit heart-directed procedure, renal recipient operation, or dialysis-related operation; not proof of absence of renal disease.",noncardiac_procedure_no_explicit_renal_exclusion
mover,BRACHIOPLASTY,include,"Procedure terminology gives no explicit heart-directed procedure, renal recipient operation, or dialysis-related operation; not proof of absence of renal disease.",noncardiac_procedure_no_explicit_renal_exclusion
mover,BRACHYTHERAPY,uncertain,Missing or nonspecific procedure/site/indication; cannot verify the common eligible surgical/procedural population.,uncertain_procedure_or_site
mover,"BRACHYTHERAPY, INTERSTITIAL",include,"Procedure terminology gives no explicit heart-directed procedure, renal recipient operation, or dialysis-related operation; not proof of absence of renal disease.",noncardiac_procedure_no_explicit_renal_exclusion
mover,"BREAST RECONSTRUCTION, WITH FREE FLAP",include,"Procedure terminology gives no explicit heart-directed procedure, renal recipient operation, or dialysis-related operation; not proof of absence of renal disease.",noncardiac_procedure_no_explicit_renal_exclusion
mover,BRONCHOSCOPY,include,"Procedure terminology gives no explicit heart-directed procedure, renal recipient operation, or dialysis-related operation; not proof of absence of renal disease.",noncardiac_procedure_no_explicit_renal_exclusion
mover,"BRONCHOSCOPY, DIAGNOSTIC, WITH LAVAGE IF INDICATED",include,"Procedure terminology gives no explicit heart-directed procedure, renal recipient operation, or dialysis-related operation; not proof of absence of renal disease.",noncardiac_procedure_no_explicit_renal_exclusion
mover,"BRONCHOSCOPY, DIAGNOSTIC, WITH LAVAGE IF INDICATED, IN INTERVENTIONAL PULMONOLOGY LAB",include,"Procedure terminology gives no explicit heart-directed procedure, renal recipient operation, or dialysis-related operation; not proof of absence of renal disease.",noncardiac_procedure_no_explicit_renal_exclusion
mover,"BRONCHOSCOPY, FLEXIBLE, WITH TRACHEOSTOMY TUBE REPLACEMENT",include,"Procedure terminology gives no explicit heart-directed procedure, renal recipient operation, or dialysis-related operation; not proof of absence of renal disease.",noncardiac_procedure_no_explicit_renal_exclusion
mover,"BRONCHOSCOPY, RIGID",include,"Procedure terminology gives no explicit heart-directed procedure, renal recipient operation, or dialysis-related operation; not proof of absence of renal disease.",noncardiac_procedure_no_explicit_renal_exclusion
mover,"BRONCHOSCOPY, W ELECTROMAG NAV, ENDOBRONCH US, BIOPSY + FIDUCIAL MARKER PLACE",include,"Procedure terminology gives no explicit heart-directed procedure, renal recipient operation, or dialysis-related operation; not proof of absence of renal disease.",noncardiac_procedure_no_explicit_renal_exclusion
mover,"BRONCHOSCOPY, W ELECTROMAG NAV, ENDOBRONCH US, BIOPSY + FIDUCIAL MARKER PLACE, IN INTERVENT PULM LAB",include,"Procedure terminology gives no explicit heart-directed procedure, renal recipient operation, or dialysis-related operation; not proof of absence of renal disease.",noncardiac_procedure_no_explicit_renal_exclusion
mover,"BRONCHOSCOPY, WITH BIOPSY",include,"Procedure terminology gives no explicit heart-directed procedure, renal recipient operation, or dialysis-related operation; not proof of absence of renal disease.",noncardiac_procedure_no_explicit_renal_exclusion
mover,"BRONCHOSCOPY, WITH BRONCHOALVEOLAR LAVAGE",include,"Procedure terminology gives no explicit heart-directed procedure, renal recipient operation, or dialysis-related operation; not proof of absence of renal disease.",noncardiac_procedure_no_explicit_renal_exclusion
mover,"BRONCHOSCOPY, WITH BRUSH BIOPSY AND BRONCHIAL WASHINGS",include,"Procedure terminology gives no explicit heart-directed procedure, renal recipient operation, or dialysis-related operation; not proof of absence of renal disease.",noncardiac_procedure_no_explicit_renal_exclusion
mover,"BRONCHOSCOPY, WITH CHAMBERLAIN ANTERIOR MEDIASTINOTOMY",include,"Procedure terminology gives no explicit heart-directed procedure, renal recipient operation, or dialysis-related operation; not proof of absence of renal disease.",noncardiac_procedure_no_explicit_renal_exclusion
mover,"BRONCHOSCOPY, WITH EBUS AND BIOPSY",include,"Procedure terminology gives no explicit heart-directed procedure, renal recipient operation, or dialysis-related operation; not proof of absence of renal disease.",noncardiac_procedure_no_explicit_renal_exclusion
mover,"BRONCHOSCOPY, WITH ESOPHAGOSCOPY",include,"Procedure terminology gives no explicit heart-directed procedure, renal recipient operation, or dialysis-related operation; not proof of absence of renal disease.",noncardiac_procedure_no_explicit_renal_exclusion
mover,"BRONCHOSCOPY, WITH LASER THERAPY",include,"Procedure terminology gives no explicit heart-directed procedure, renal recipient operation, or dialysis-related operation; not proof of absence of renal disease.",noncardiac_procedure_no_explicit_renal_exclusion
mover,"BRONCHOSCOPY, WITH TRACHEAL DILATION AND STENT INSERTION",include,"Procedure terminology gives no explicit heart-directed procedure, renal recipient operation, or dialysis-related operation; not proof of absence of renal disease.",noncardiac_procedure_no_explicit_renal_exclusion
mover,"BRONCHOSCOPY, WITH TRANSBRONCHIAL BIOPSY",include,"Procedure terminology gives no explicit heart-directed procedure, renal recipient operation, or dialysis-related operation; not proof of absence of renal disease.",noncardiac_procedure_no_explicit_renal_exclusion
mover,"BRONCHOSCOPY, WITH YAG LASER ABLATION",include,"Procedure terminology gives no explicit heart-directed procedure, renal recipient operation, or dialysis-related operation; not proof of absence of renal disease.",noncardiac_procedure_no_explicit_renal_exclusion
mover,"BROW LIFT, WITH FACE LIFT, ENDOSCOPIC",include,"Procedure terminology gives no explicit heart-directed procedure, renal recipient operation, or dialysis-related operation; not proof of absence of renal disease.",noncardiac_procedure_no_explicit_renal_exclusion
mover,"BUNIONECTOMY, FIRST METATARSAL, WITH OSTEOTOMY",include,"Procedure terminology gives no explicit heart-directed procedure, renal recipient operation, or dialysis-related operation; not proof of absence of renal disease.",noncardiac_procedure_no_explicit_renal_exclusion
mover,"BURSECTOMY, ELBOW OLECRANON",include,"Procedure terminology gives no explicit heart-directed procedure, renal recipient operation, or dialysis-related operation; not proof of absence of renal disease.",noncardiac_procedure_no_explicit_renal_exclusion
mover,CABG (CORONARY ARTERY BYPASS GRAFT),exclude,Explicit heart/coronary/valve/rhythm/pericardial procedure or standalone cardiac diagnostic procedure; not all entries are cardiac surgery.,heart_directed_procedure
mover,"CABG, WITH HEART VALVE REPAIR OR REPLACEMENT",exclude,Explicit heart/coronary/valve/rhythm/pericardial procedure or standalone cardiac diagnostic procedure; not all entries are cardiac surgery.,heart_directed_procedure
mover,"CABG, WITH MITRAL VALVE REPLACEMENT",exclude,Explicit heart/coronary/valve/rhythm/pericardial procedure or standalone cardiac diagnostic procedure; not all entries are cardiac surgery.,heart_directed_procedure
mover,"CABG, WITH TEE",exclude,Explicit heart/coronary/valve/rhythm/pericardial procedure or standalone cardiac diagnostic procedure; not all entries are cardiac surgery.,heart_directed_procedure
mover,"CANALOPLASTY, EAR",include,"Procedure terminology gives no explicit heart-directed procedure, renal recipient operation, or dialysis-related operation; not proof of absence of renal disease.",noncardiac_procedure_no_explicit_renal_exclusion
mover,"CANTHOPEXY, LATERAL",include,"Procedure terminology gives no explicit heart-directed procedure, renal recipient operation, or dialysis-related operation; not proof of absence of renal disease.",noncardiac_procedure_no_explicit_renal_exclusion
mover,"CANTHOPEXY, WITH GOLD WEIGHT IMPLANT INSERTION",include,"Procedure terminology gives no explicit heart-directed procedure, renal recipient operation, or dialysis-related operation; not proof of absence of renal disease.",noncardiac_procedure_no_explicit_renal_exclusion
mover,"CAPSULECTOMY OR CAPSULOTOMY, MCP JOINT",include,"Procedure terminology gives no explicit heart-directed procedure, renal recipient operation, or dialysis-related operation; not proof of absence of renal disease.",noncardiac_procedure_no_explicit_renal_exclusion
mover,"CAPSULORRHAPHY, SHOULDER, ANTERIOR, WITH LABRAL REPAIR",include,"Procedure terminology gives no explicit heart-directed procedure, renal recipient operation, or dialysis-related operation; not proof of absence of renal disease.",noncardiac_procedure_no_explicit_renal_exclusion
mover,"CAPSULOTOMY OR CAPSULECTOMY, BREAST",include,"Procedure terminology gives no explicit heart-directed procedure, renal recipient operation, or dialysis-related operation; not proof of absence of renal disease.",noncardiac_procedure_no_explicit_renal_exclusion
mover,"CAPSULOTOMY, WRIST",include,"Procedure terminology gives no explicit heart-directed procedure, renal recipient operation, or dialysis-related operation; not proof of absence of renal disease.",noncardiac_procedure_no_explicit_renal_exclusion
mover,CARDIAC ELECTROPHYSIOLOGY STUDY,exclude,Explicit heart/coronary/valve/rhythm/pericardial procedure or standalone cardiac diagnostic procedure; not all entries are cardiac surgery.,heart_directed_procedure
mover,"CARDIAC ELECTROPHYSIOLOGY STUDY, WITH ARRHYTHMOGENIC FOCUS ABLATION, FOR ATYPICAL ATRIAL FLUTTER",exclude,Explicit heart/coronary/valve/rhythm/pericardial procedure or standalone cardiac diagnostic procedure; not all entries are cardiac surgery.,heart_directed_procedure
mover,"CARDIAC ELECTROPHYSIOLOGY STUDY, WITH ARRHYTHMOGENIC FOCUS ABLATION, FOR PREMATURE VENTRICULAR CONTRACTIONS",exclude,Explicit heart/coronary/valve/rhythm/pericardial procedure or standalone cardiac diagnostic procedure; not all entries are cardiac surgery.,heart_directed_procedure
mover,"CARDIAC ELECTROPHYSIOLOGY STUDY, WITH ICD INSERTION IF INDICATED",exclude,Explicit heart/coronary/valve/rhythm/pericardial procedure or standalone cardiac diagnostic procedure; not all entries are cardiac surgery.,heart_directed_procedure
mover,"CARDIAC ELECTROPHYSIOLOGY STUDY, WITH LEFT VENTRICULAR RECORDING",exclude,Explicit heart/coronary/valve/rhythm/pericardial procedure or standalone cardiac diagnostic procedure; not all entries are cardiac surgery.,heart_directed_procedure
mover,CARDIOVERSION,exclude,Explicit heart/coronary/valve/rhythm/pericardial procedure or standalone cardiac diagnostic procedure; not all entries are cardiac surgery.,heart_directed_procedure
mover,CARPECTOMY,include,"Procedure terminology gives no explicit heart-directed procedure, renal recipient operation, or dialysis-related operation; not proof of absence of renal disease.",noncardiac_procedure_no_explicit_renal_exclusion
mover,"CARPECTOMY, PROXIMAL ROW",include,"Procedure terminology gives no explicit heart-directed procedure, renal recipient operation, or dialysis-related operation; not proof of absence of renal disease.",noncardiac_procedure_no_explicit_renal_exclusion
mover,"CATHETER ABLATION, RADIOFREQUENCY, CARDIAC, USING 3 DIMENSIONAL ELECTROANATOMIC MAPPING SYSTEM",exclude,Explicit heart/coronary/valve/rhythm/pericardial procedure or standalone cardiac diagnostic procedure; not all entries are cardiac surgery.,heart_directed_procedure
mover,"CATHETERIZATION, CARDIAC, WITH TRANSSEPTAL PUNCTURE OF INTERATRIAL OR INTERVENTRICULAR SEPTUM",exclude,Explicit heart/coronary/valve/rhythm/pericardial procedure or standalone cardiac diagnostic procedure; not all entries are cardiac surgery.,heart_directed_procedure
mover,"CATHETERIZATION, HEART, BOTH LEFT AND RIGHT",exclude,Explicit heart/coronary/valve/rhythm/pericardial procedure or standalone cardiac diagnostic procedure; not all entries are cardiac surgery.,heart_directed_procedure
mover,"CATHETERIZATION, HEART, LEFT",exclude,Explicit heart/coronary/valve/rhythm/pericardial procedure or standalone cardiac diagnostic procedure; not all entries are cardiac surgery.,heart_directed_procedure
mover,"CATHETERIZATION, HEART, LEFT, WITH INTERVENTION IF INDICATED",exclude,Explicit heart/coronary/valve/rhythm/pericardial procedure or standalone cardiac diagnostic procedure; not all entries are cardiac surgery.,heart_directed_procedure
mover,"CATHETERIZATION, HEART, LEFT, WITH LEFT VENTRICULOGRAM",exclude,Explicit heart/coronary/valve/rhythm/pericardial procedure or standalone cardiac diagnostic procedure; not all entries are cardiac surgery.,heart_directed_procedure
mover,"CATHETERIZATION, HEART, RIGHT, FOR CONGENITAL HEART DEFECT",exclude,Explicit heart/coronary/valve/rhythm/pericardial procedure or standalone cardiac diagnostic procedure; not all entries are cardiac surgery.,heart_directed_procedure
mover,"CATHETERIZATION, HEART, RIGHT, WITH BILATERAL PULMONARY ANGIOGRAM",exclude,Explicit heart/coronary/valve/rhythm/pericardial procedure or standalone cardiac diagnostic procedure; not all entries are cardiac surgery.,heart_directed_procedure
mover,"CATHETERIZATION, HEART, RIGHT, WITH PULMONARY ARTERY SENSOR INSERTION",exclude,Explicit heart/coronary/valve/rhythm/pericardial procedure or standalone cardiac diagnostic procedure; not all entries are cardiac surgery.,heart_directed_procedure
mover,"CATHETERIZATION, HEART, WITH BALLOON VALVULOPLASTY OF AORTIC VALVE",exclude,Explicit heart/coronary/valve/rhythm/pericardial procedure or standalone cardiac diagnostic procedure; not all entries are cardiac surgery.,heart_directed_procedure
mover,"CATHETERIZATION, HEART, WITH CARDIAC ELECTROPHYSIOLOGY STUDY",exclude,Explicit heart/coronary/valve/rhythm/pericardial procedure or standalone cardiac diagnostic procedure; not all entries are cardiac surgery.,heart_directed_procedure
mover,"CAUTERIZATION, TONSIL, FOR POSTOPERATIVE HEMORRHAGE",include,"Procedure terminology gives no explicit heart-directed procedure, renal recipient operation, or dialysis-related operation; not proof of absence of renal disease.",noncardiac_procedure_no_explicit_renal_exclusion
mover,"CERCLAGE, CERVIX",include,"Procedure terminology gives no explicit heart-directed procedure, renal recipient operation, or dialysis-related operation; not proof of absence of renal disease.",noncardiac_procedure_no_explicit_renal_exclusion
mover,CESAREAN SECTION,include,"Procedure terminology gives no explicit heart-directed procedure, renal recipient operation, or dialysis-related operation; not proof of absence of renal disease.",noncardiac_procedure_no_explicit_renal_exclusion
mover,CHEILECTOMY,include,"Procedure terminology gives no explicit heart-directed procedure, renal recipient operation, or dialysis-related operation; not proof of absence of renal disease.",noncardiac_procedure_no_explicit_renal_exclusion
mover,"CHEMOTHERAPY, INTRAPERITONEAL, HYPERTHERMIC, LAPAROSCOPIC",include,"Procedure terminology gives no explicit heart-directed procedure, renal recipient operation, or dialysis-related operation; not proof of absence of renal disease.",noncardiac_procedure_no_explicit_renal_exclusion
mover,"CHOLANGIOGRAM, ENDOSCOPIC RETROGRADE",include,"Procedure terminology gives no explicit heart-directed procedure, renal recipient operation, or dialysis-related operation; not proof of absence of renal disease.",noncardiac_procedure_no_explicit_renal_exclusion
mover,"CHOLECYSTECTOMY, LAPAROSCOPIC",include,"Procedure terminology gives no explicit heart-directed procedure, renal recipient operation, or dialysis-related operation; not proof of absence of renal disease.",noncardiac_procedure_no_explicit_renal_exclusion
mover,"CHOLECYSTECTOMY, LAPAROSCOPIC, WITH CHOLANGIOGRAM",include,"Procedure terminology gives no explicit heart-directed procedure, renal recipient operation, or dialysis-related operation; not proof of absence of renal disease.",noncardiac_procedure_no_explicit_renal_exclusion
mover,"CHOLECYSTECTOMY, LAPAROSCOPIC, WITH COMMON BILE DUCT EXPLORATION",include,"Procedure terminology gives no explicit heart-directed procedure, renal recipient operation, or dialysis-related operation; not proof of absence of renal disease.",noncardiac_procedure_no_explicit_renal_exclusion
mover,"CHOLECYSTECTOMY, OPEN",include,"Procedure terminology gives no explicit heart-directed procedure, renal recipient operation, or dialysis-related operation; not proof of absence of renal disease.",noncardiac_procedure_no_explicit_renal_exclusion
mover,"CHOLECYSTECTOMY, ROBOT-ASSISTED, LAPAROSCOPIC",include,"Procedure terminology gives no explicit heart-directed procedure, renal recipient operation, or dialysis-related operation; not proof of absence of renal disease.",noncardiac_procedure_no_explicit_renal_exclusion
mover,CHOLECYSTOSTOMY,include,"Procedure terminology gives no explicit heart-directed procedure, renal recipient operation, or dialysis-related operation; not proof of absence of renal disease.",noncardiac_procedure_no_explicit_renal_exclusion
mover,CIRCUMCISION,include,"Procedure terminology gives no explicit heart-directed procedure, renal recipient operation, or dialysis-related operation; not proof of absence of renal disease.",noncardiac_procedure_no_explicit_renal_exclusion
mover,"CLOSED REDUCTION, FRACTURE, FEMUR",include,"Procedure terminology gives no explicit heart-directed procedure, renal recipient operation, or dialysis-related operation; not proof of absence of renal disease.",noncardiac_procedure_no_explicit_renal_exclusion
mover,"CLOSED REDUCTION, FRACTURE, FINGER",include,"Procedure terminology gives no explicit heart-directed procedure, renal recipient operation, or dialysis-related operation; not proof of absence of renal disease.",noncardiac_procedure_no_explicit_renal_exclusion
mover,"CLOSED REDUCTION, FRACTURE, MANDIBLE",include,"Procedure terminology gives no explicit heart-directed procedure, renal recipient operation, or dialysis-related operation; not proof of absence of renal disease.",noncardiac_procedure_no_explicit_renal_exclusion
mover,"CLOSED REDUCTION, FRACTURE, MANDIBLE, WITH INTERDENTAL FIXATION",include,"Procedure terminology gives no explicit heart-directed procedure, renal recipient operation, or dialysis-related operation; not proof of absence of renal disease.",noncardiac_procedure_no_explicit_renal_exclusion
mover,"CLOSED REDUCTION, FRACTURE, METACARPAL BONE",include,"Procedure terminology gives no explicit heart-directed procedure, renal recipient operation, or dialysis-related operation; not proof of absence of renal disease.",noncardiac_procedure_no_explicit_renal_exclusion
mover,"CLOSED REDUCTION, FRACTURE, NASAL BONE",include,"Procedure terminology gives no explicit heart-directed procedure, renal recipient operation, or dialysis-related operation; not proof of absence of renal disease.",noncardiac_procedure_no_explicit_renal_exclusion
mover,"CLOSED REDUCTION, FRACTURE, PELVIS",include,"Procedure terminology gives no explicit heart-directed procedure, renal recipient operation, or dialysis-related operation; not proof of absence of renal disease.",noncardiac_procedure_no_explicit_renal_exclusion
mover,"CLOSED REDUCTION, HAND",include,"Procedure terminology gives no explicit heart-directed procedure, renal recipient operation, or dialysis-related operation; not proof of absence of renal disease.",noncardiac_procedure_no_explicit_renal_exclusion
mover,"CLOSED REDUCTION, INJURY, ELBOW",include,"Procedure terminology gives no explicit heart-directed procedure, renal recipient operation, or dialysis-related operation; not proof of absence of renal disease.",noncardiac_procedure_no_explicit_renal_exclusion
mover,"CLOSED REDUCTION, INJURY, SHOULDER",include,"Procedure terminology gives no explicit heart-directed procedure, renal recipient operation, or dialysis-related operation; not proof of absence of renal disease.",noncardiac_procedure_no_explicit_renal_exclusion
mover,"CLOSED TREATMENT, FRACTURE, PHALANX, PROXIMAL OR MIDDLE, SHAFT, HAND, WITHOUT MANIPULATION",include,"Procedure terminology gives no explicit heart-directed procedure, renal recipient operation, or dialysis-related operation; not proof of absence of renal disease.",noncardiac_procedure_no_explicit_renal_exclusion
mover,"CLOSURE, ABDOMINAL WALL",include,"Procedure terminology gives no explicit heart-directed procedure, renal recipient operation, or dialysis-related operation; not proof of absence of renal disease.",noncardiac_procedure_no_explicit_renal_exclusion
mover,"CLOSURE, ASD, TRANSCATHETER",exclude,Explicit heart/coronary/valve/rhythm/pericardial procedure or standalone cardiac diagnostic procedure; not all entries are cardiac surgery.,heart_directed_procedure
mover,"CLOSURE, COLOSTOMY",include,"Procedure terminology gives no explicit heart-directed procedure, renal recipient operation, or dialysis-related operation; not proof of absence of renal disease.",noncardiac_procedure_no_explicit_renal_exclusion
mover,"CLOSURE, COLOSTOMY, LAPAROSCOPIC",include,"Procedure terminology gives no explicit heart-directed procedure, renal recipient operation, or dialysis-related operation; not proof of absence of renal disease.",noncardiac_procedure_no_explicit_renal_exclusion
mover,"CLOSURE, CSF LEAK, FROM EAR, USING GRAFT",include,"Procedure terminology gives no explicit heart-directed procedure, renal recipient operation, or dialysis-related operation; not proof of absence of renal disease.",noncardiac_procedure_no_explicit_renal_exclusion
mover,"CLOSURE, FASCIOTOMY",include,"Procedure terminology gives no explicit heart-directed procedure, renal recipient operation, or dialysis-related operation; not proof of absence of renal disease.",noncardiac_procedure_no_explicit_renal_exclusion
mover,"CLOSURE, FISTULA",uncertain,Missing or nonspecific procedure/site/indication; cannot verify the common eligible surgical/procedural population.,uncertain_procedure_or_site
mover,"CLOSURE, FISTULA, ANAL, WITH RECTAL ADVANCEMENT FLAP",include,"Procedure terminology gives no explicit heart-directed procedure, renal recipient operation, or dialysis-related operation; not proof of absence of renal disease.",noncardiac_procedure_no_explicit_renal_exclusion
mover,"CLOSURE, FISTULA, GASTROCUTANEOUS, BY EXCISION",include,"Procedure terminology gives no explicit heart-directed procedure, renal recipient operation, or dialysis-related operation; not proof of absence of renal disease.",noncardiac_procedure_no_explicit_renal_exclusion
mover,"CLOSURE, FISTULA, ILEOANAL POUCH TO VAGINA, COMBINED PERINEAL AND ABDOMINAL APPROACHES, WITH POUCH ADVANCEMENT",include,"Procedure terminology gives no explicit heart-directed procedure, renal recipient operation, or dialysis-related operation; not proof of absence of renal disease.",noncardiac_procedure_no_explicit_renal_exclusion
mover,"CLOSURE, FISTULA, TRACHEA",include,"Procedure terminology gives no explicit heart-directed procedure, renal recipient operation, or dialysis-related operation; not proof of absence of renal disease.",noncardiac_procedure_no_explicit_renal_exclusion
mover,"CLOSURE, FLAP",include,"Procedure terminology gives no explicit heart-directed procedure, renal recipient operation, or dialysis-related operation; not proof of absence of renal disease.",noncardiac_procedure_no_explicit_renal_exclusion
mover,"CLOSURE, FLAP, LOWER EXTREMITY",include,"Procedure terminology gives no explicit heart-directed procedure, renal recipient operation, or dialysis-related operation; not proof of absence of renal disease.",noncardiac_procedure_no_explicit_renal_exclusion
mover,"CLOSURE, ILEOSTOMY",include,"Procedure terminology gives no explicit heart-directed procedure, renal recipient operation, or dialysis-related operation; not proof of absence of renal disease.",noncardiac_procedure_no_explicit_renal_exclusion
mover,"CLOSURE, LACERATION, MOUTH, VESTIBULE, GREATER THAN 2.5 CM",include,"Procedure terminology gives no explicit heart-directed procedure, renal recipient operation, or dialysis-related operation; not proof of absence of renal disease.",noncardiac_procedure_no_explicit_renal_exclusion
mover,"CLOSURE, TRACHEOSTOMY",include,"Procedure terminology gives no explicit heart-directed procedure, renal recipient operation, or dialysis-related operation; not proof of absence of renal disease.",noncardiac_procedure_no_explicit_renal_exclusion
mover,"CLOSURE, VENTRICULAR SEPTAL DEFECT, PERCUTANEOUS, TRANSCATHETER",exclude,Explicit heart/coronary/valve/rhythm/pericardial procedure or standalone cardiac diagnostic procedure; not all entries are cardiac surgery.,heart_directed_procedure
mover,"CLOSURE, WOUND",include,"Procedure terminology gives no explicit heart-directed procedure, renal recipient operation, or dialysis-related operation; not proof of absence of renal disease.",noncardiac_procedure_no_explicit_renal_exclusion
mover,"CLOSURE, WOUND, DELAYED, PRIMARY",include,"Procedure terminology gives no explicit heart-directed procedure, renal recipient operation, or dialysis-related operation; not proof of absence of renal disease.",noncardiac_procedure_no_explicit_renal_exclusion
mover,"CLOSURE, WOUND, USING GLUTEAL OR ABDOMINAL ADVANCEMENT FLAP",include,"Procedure terminology gives no explicit heart-directed procedure, renal recipient operation, or dialysis-related operation; not proof of absence of renal disease.",noncardiac_procedure_no_explicit_renal_exclusion
mover,COCCYGECTOMY,include,"Procedure terminology gives no explicit heart-directed procedure, renal recipient operation, or dialysis-related operation; not proof of absence of renal disease.",noncardiac_procedure_no_explicit_renal_exclusion
mover,COLECTOMY,include,"Procedure terminology gives no explicit heart-directed procedure, renal recipient operation, or dialysis-related operation; not proof of absence of renal disease.",noncardiac_procedure_no_explicit_renal_exclusion
mover,"COLECTOMY, ABDOMINAL, TOTAL, WITH ILEOSTOMY OR ILEOPROCTOSTOMY",include,"Procedure terminology gives no explicit heart-directed procedure, renal recipient operation, or dialysis-related operation; not proof of absence of renal disease.",noncardiac_procedure_no_explicit_renal_exclusion
mover,"COLECTOMY, LEFT, LAPAROSCOPY-ASSISTED",include,"Procedure terminology gives no explicit heart-directed procedure, renal recipient operation, or dialysis-related operation; not proof of absence of renal disease.",noncardiac_procedure_no_explicit_renal_exclusion
mover,"COLECTOMY, PARTIAL, LAPAROSCOPIC, WITH END COLOSTOMY CREATION",include,"Procedure terminology gives no explicit heart-directed procedure, renal recipient operation, or dialysis-related operation; not proof of absence of renal disease.",noncardiac_procedure_no_explicit_renal_exclusion
mover,"COLECTOMY, RIGHT, LAPAROSCOPIC",include,"Procedure terminology gives no explicit heart-directed procedure, renal recipient operation, or dialysis-related operation; not proof of absence of renal disease.",noncardiac_procedure_no_explicit_renal_exclusion
mover,"COLECTOMY, RIGHT, PARTIAL, LAPAROSCOPIC, WITH TERMINAL ILEUM REMOVAL AND ILEOCOLOSTOMY",include,"Procedure terminology gives no explicit heart-directed procedure, renal recipient operation, or dialysis-related operation; not proof of absence of renal disease.",noncardiac_procedure_no_explicit_renal_exclusion
mover,"COLECTOMY, SIGMOID, LAPAROSCOPY-ASSISTED",include,"Procedure terminology gives no explicit heart-directed procedure, renal recipient operation, or dialysis-related operation; not proof of absence of renal disease.",noncardiac_procedure_no_explicit_renal_exclusion
mover,"COLECTOMY, SUBTOTAL, LAPAROSCOPIC-ASSISTED",include,"Procedure terminology gives no explicit heart-directed procedure, renal recipient operation, or dialysis-related operation; not proof of absence of renal disease.",noncardiac_procedure_no_explicit_renal_exclusion
mover,"COLECTOMY, TOTAL, ABDOMINAL, WITH ILEOSTOMY OR ILEOPROCTOSTOMY CREATION, WITHOUT PROCTECTOMY",include,"Procedure terminology gives no explicit heart-directed procedure, renal recipient operation, or dialysis-related operation; not proof of absence of renal disease.",noncardiac_procedure_no_explicit_renal_exclusion
mover,"COLONOSCOPY, DIAGNOSTIC",include,"Procedure terminology gives no explicit heart-directed procedure, renal recipient operation, or dialysis-related operation; not proof of absence of renal disease.",noncardiac_procedure_no_explicit_renal_exclusion
mover,"COLONOSCOPY, THROUGH STOMA",include,"Procedure terminology gives no explicit heart-directed procedure, renal recipient operation, or dialysis-related operation; not proof of absence of renal disease.",noncardiac_procedure_no_explicit_renal_exclusion
mover,"COLONOSCOPY, WITH ANESTHESIA",include,"Procedure terminology gives no explicit heart-directed procedure, renal recipient operation, or dialysis-related operation; not proof of absence of renal disease.",noncardiac_procedure_no_explicit_renal_exclusion
mover,"COLONOSCOPY, WITH BIOPSY",include,"Procedure terminology gives no explicit heart-directed procedure, renal recipient operation, or dialysis-related operation; not proof of absence of renal disease.",noncardiac_procedure_no_explicit_renal_exclusion
mover,"COLONOSCOPY, WITH HEMORRHAGE CONTROL",include,"Procedure terminology gives no explicit heart-directed procedure, renal recipient operation, or dialysis-related operation; not proof of absence of renal disease.",noncardiac_procedure_no_explicit_renal_exclusion
mover,COLPOCLEISIS,include,"Procedure terminology gives no explicit heart-directed procedure, renal recipient operation, or dialysis-related operation; not proof of absence of renal disease.",noncardiac_procedure_no_explicit_renal_exclusion
mover,"COLPOCLEISIS, WITH SLING PROCEDURE",include,"Procedure terminology gives no explicit heart-directed procedure, renal recipient operation, or dialysis-related operation; not proof of absence of renal disease.",noncardiac_procedure_no_explicit_renal_exclusion
mover,COLPORRHAPHY,include,"Procedure terminology gives no explicit heart-directed procedure, renal recipient operation, or dialysis-related operation; not proof of absence of renal disease.",noncardiac_procedure_no_explicit_renal_exclusion
mover,"COLPORRHAPHY, ANTEROPOSTERIOR, WITH SUSPENSION OF VAGINAL VAULT AND CYSTOSCOPY",include,"Procedure terminology gives no explicit heart-directed procedure, renal recipient operation, or dialysis-related operation; not proof of absence of renal disease.",noncardiac_procedure_no_explicit_renal_exclusion
mover,"COLPORRHAPHY, COMBINED ANTEROPOSTERIOR",include,"Procedure terminology gives no explicit heart-directed procedure, renal recipient operation, or dialysis-related operation; not proof of absence of renal disease.",noncardiac_procedure_no_explicit_renal_exclusion
mover,"COLPORRHAPHY, POSTERIOR",include,"Procedure terminology gives no explicit heart-directed procedure, renal recipient operation, or dialysis-related operation; not proof of absence of renal disease.",noncardiac_procedure_no_explicit_renal_exclusion
mover,"COLPORRHAPY, ANTEROPOSTERIOR, WITH CYSTOSCOPY AND MIDURETHRAL SLING CREATION",include,"Procedure terminology gives no explicit heart-directed procedure, renal recipient operation, or dialysis-related operation; not proof of absence of renal disease.",noncardiac_procedure_no_explicit_renal_exclusion
mover,COLPOSCOPY,include,"Procedure terminology gives no explicit heart-directed procedure, renal recipient operation, or dialysis-related operation; not proof of absence of renal disease.",noncardiac_procedure_no_explicit_renal_exclusion
mover,"COLPOSCOPY, CERVIX",include,"Procedure terminology gives no explicit heart-directed procedure, renal recipient operation, or dialysis-related operation; not proof of absence of renal disease.",noncardiac_procedure_no_explicit_renal_exclusion
mover,"COLPOSCOPY, WITH BIOPSY",include,"Procedure terminology gives no explicit heart-directed procedure, renal recipient operation, or dialysis-related operation; not proof of absence of renal disease.",noncardiac_procedure_no_explicit_renal_exclusion
mover,COMBINED ABDOMINOPLASTY AND LIPOSUCTION,include,"Procedure terminology gives no explicit heart-directed procedure, renal recipient operation, or dialysis-related operation; not proof of absence of renal disease.",noncardiac_procedure_no_explicit_renal_exclusion
mover,COMBINED RHYTIDECTOMY AND BLEPHAROPLASTY,include,"Procedure terminology gives no explicit heart-directed procedure, renal recipient operation, or dialysis-related operation; not proof of absence of renal disease.",noncardiac_procedure_no_explicit_renal_exclusion
mover,"COMPLEX REPAIR, LACERATION, FLOOR OF MOUTH OR TONGUE",include,"Procedure terminology gives no explicit heart-directed procedure, renal recipient operation, or dialysis-related operation; not proof of absence of renal disease.",noncardiac_procedure_no_explicit_renal_exclusion
mover,"COMPLEX REPAIR, WOUND, EYELIDS / NOSE / EARS / LIPS",include,"Procedure terminology gives no explicit heart-directed procedure, renal recipient operation, or dialysis-related operation; not proof of absence of renal disease.",noncardiac_procedure_no_explicit_renal_exclusion
mover,"CONE BIOPSY, CERVIX",include,"Procedure terminology gives no explicit heart-directed procedure, renal recipient operation, or dialysis-related operation; not proof of absence of renal disease.",noncardiac_procedure_no_explicit_renal_exclusion
mover,"CONE BIOPSY, CERVIX, USING LEEP",include,"Procedure terminology gives no explicit heart-directed procedure, renal recipient operation, or dialysis-related operation; not proof of absence of renal disease.",noncardiac_procedure_no_explicit_renal_exclusion
mover,"CONJUNCTIVOPLASTY, WITH TARSORRHAPHY",include,"Procedure terminology gives no explicit heart-directed procedure, renal recipient operation, or dialysis-related operation; not proof of absence of renal disease.",noncardiac_procedure_no_explicit_renal_exclusion
mover,"CONSTRUCTION, EAR AURICLE",include,"Procedure terminology gives no explicit heart-directed procedure, renal recipient operation, or dialysis-related operation; not proof of absence of renal disease.",noncardiac_procedure_no_explicit_renal_exclusion
mover,"CONSULTATION, ANESTHESIA",include,"Procedure terminology gives no explicit heart-directed procedure, renal recipient operation, or dialysis-related operation; not proof of absence of renal disease.",noncardiac_procedure_no_explicit_renal_exclusion
mover,"CONTOURING, FOREHEAD, ANTERIOR FRONTAL SINUS WALL, FOR REDUCTION AND SETBACK",include,"Procedure terminology gives no explicit heart-directed procedure, renal recipient operation, or dialysis-related operation; not proof of absence of renal disease.",noncardiac_procedure_no_explicit_renal_exclusion
mover,"CONTROL, EPISTAXIS, USING NASAL PACKING",include,"Procedure terminology gives no explicit heart-directed procedure, renal recipient operation, or dialysis-related operation; not proof of absence of renal disease.",noncardiac_procedure_no_explicit_renal_exclusion
mover,"CONVERSION, PREVIOUS HIP SURGERY TO TOTAL HIP REPLACEMENT",include,"Procedure terminology gives no explicit heart-directed procedure, renal recipient operation, or dialysis-related operation; not proof of absence of renal disease.",noncardiac_procedure_no_explicit_renal_exclusion
mover,"CONVERSION, PREVIOUS HIP SURGERY, TO TOTAL HIP ARTHROPLASTY, ANTERIOR APPROACH",include,"Procedure terminology gives no explicit heart-directed procedure, renal recipient operation, or dialysis-related operation; not proof of absence of renal disease.",noncardiac_procedure_no_explicit_renal_exclusion
mover,"CORRECTION, LAGOPHTHALMOS, WITH EYELID GOLD WEIGHT INSERTION",include,"Procedure terminology gives no explicit heart-directed procedure, renal recipient operation, or dialysis-related operation; not proof of absence of renal disease.",noncardiac_procedure_no_explicit_renal_exclusion
mover,COX MAZE PROCEDURE,exclude,Explicit heart/coronary/valve/rhythm/pericardial procedure or standalone cardiac diagnostic procedure; not all entries are cardiac surgery.,heart_directed_procedure
mover,CRANIECTOMY,include,"Procedure terminology gives no explicit heart-directed procedure, renal recipient operation, or dialysis-related operation; not proof of absence of renal disease.",noncardiac_procedure_no_explicit_renal_exclusion
mover,"CRANIECTOMY OR CRANIOTOMY, EMERGENT",include,"Procedure terminology gives no explicit heart-directed procedure, renal recipient operation, or dialysis-related operation; not proof of absence of renal disease.",noncardiac_procedure_no_explicit_renal_exclusion
mover,"CRANIECTOMY, FOR HEMATOMA EVACUATION",include,"Procedure terminology gives no explicit heart-directed procedure, renal recipient operation, or dialysis-related operation; not proof of absence of renal disease.",noncardiac_procedure_no_explicit_renal_exclusion
mover,"CRANIECTOMY, FOR NEOPLASM EXCISION",include,"Procedure terminology gives no explicit heart-directed procedure, renal recipient operation, or dialysis-related operation; not proof of absence of renal disease.",noncardiac_procedure_no_explicit_renal_exclusion
mover,CRANIOPLASTY,include,"Procedure terminology gives no explicit heart-directed procedure, renal recipient operation, or dialysis-related operation; not proof of absence of renal disease.",noncardiac_procedure_no_explicit_renal_exclusion
mover,CRANIOPLASTY FOR CRANIAL DEFECT ,include,"Procedure terminology gives no explicit heart-directed procedure, renal recipient operation, or dialysis-related operation; not proof of absence of renal disease.",noncardiac_procedure_no_explicit_renal_exclusion
mover,CRANIOPLASTY FOR CRANIAL DEFECTÃ‚Â ,include,"Procedure terminology gives no explicit heart-directed procedure, renal recipient operation, or dialysis-related operation; not proof of absence of renal disease.",noncardiac_procedure_no_explicit_renal_exclusion
mover,CRANIOTOMY,include,"Procedure terminology gives no explicit heart-directed procedure, renal recipient operation, or dialysis-related operation; not proof of absence of renal disease.",noncardiac_procedure_no_explicit_renal_exclusion
mover,CRANIOTOMY FOR REPAIR OF ARTERIOVENOUS MALFORMATION,include,"Procedure terminology gives no explicit heart-directed procedure, renal recipient operation, or dialysis-related operation; not proof of absence of renal disease.",noncardiac_procedure_no_explicit_renal_exclusion
mover,"CRANIOTOMY OR BURR HOLE, WITH SUBDURAL HEMATOMA EVACUATION",include,"Procedure terminology gives no explicit heart-directed procedure, renal recipient operation, or dialysis-related operation; not proof of absence of renal disease.",noncardiac_procedure_no_explicit_renal_exclusion
mover,"CRANIOTOMY, DECOMPRESSIVE, FOR CHIARI MALFORMATION",include,"Procedure terminology gives no explicit heart-directed procedure, renal recipient operation, or dialysis-related operation; not proof of absence of renal disease.",noncardiac_procedure_no_explicit_renal_exclusion
mover,"CRANIOTOMY, FOR ANEURYSM OR AVM CLIPPING, WITH IMAGING GUIDANCE",include,"Procedure terminology gives no explicit heart-directed procedure, renal recipient operation, or dialysis-related operation; not proof of absence of renal disease.",noncardiac_procedure_no_explicit_renal_exclusion
mover,"CRANIOTOMY, FOR BRAIN NEOPLASM EXCISION, USING NAVIGATION SYSTEM",include,"Procedure terminology gives no explicit heart-directed procedure, renal recipient operation, or dialysis-related operation; not proof of absence of renal disease.",noncardiac_procedure_no_explicit_renal_exclusion
mover,"CRANIOTOMY, FOR ELECTRODE PLACEMENT",include,"Procedure terminology gives no explicit heart-directed procedure, renal recipient operation, or dialysis-related operation; not proof of absence of renal disease.",noncardiac_procedure_no_explicit_renal_exclusion
mover,"CRANIOTOMY, FOR EXTRACRANIAL TO INTRACRANIAL BYPASS",include,"Procedure terminology gives no explicit heart-directed procedure, renal recipient operation, or dialysis-related operation; not proof of absence of renal disease.",noncardiac_procedure_no_explicit_renal_exclusion
mover,"CRANIOTOMY, FOR GENE THERAPY OF BRAIN",include,"Procedure terminology gives no explicit heart-directed procedure, renal recipient operation, or dialysis-related operation; not proof of absence of renal disease.",noncardiac_procedure_no_explicit_renal_exclusion
mover,"CRANIOTOMY, FOR HEMATOMA EVACUATION",include,"Procedure terminology gives no explicit heart-directed procedure, renal recipient operation, or dialysis-related operation; not proof of absence of renal disease.",noncardiac_procedure_no_explicit_renal_exclusion
mover,"CRANIOTOMY, FOR SUBDURAL HEMATOMA EVACUATION",include,"Procedure terminology gives no explicit heart-directed procedure, renal recipient operation, or dialysis-related operation; not proof of absence of renal disease.",noncardiac_procedure_no_explicit_renal_exclusion
mover,"CRANIOTOMY, FOR SUBOCCIPITAL NEOPLASM",include,"Procedure terminology gives no explicit heart-directed procedure, renal recipient operation, or dialysis-related operation; not proof of absence of renal disease.",noncardiac_procedure_no_explicit_renal_exclusion
mover,"CRANIOTOMY, MIDDLE FOSSA",include,"Procedure terminology gives no explicit heart-directed procedure, renal recipient operation, or dialysis-related operation; not proof of absence of renal disease.",noncardiac_procedure_no_explicit_renal_exclusion
mover,"CRANIOTOMY, MINIMAL ACCESS, USING NICO BRAINPATH, FOR NEOPLASM RESECTION",include,"Procedure terminology gives no explicit heart-directed procedure, renal recipient operation, or dialysis-related operation; not proof of absence of renal disease.",noncardiac_procedure_no_explicit_renal_exclusion
mover,"CRANIOTOMY, ROBOT-ASSISTED, FOR ELECTRODE ARRAY PLACEMENT FOR EPILEPTOGENIC FOCUS",include,"Procedure terminology gives no explicit heart-directed procedure, renal recipient operation, or dialysis-related operation; not proof of absence of renal disease.",noncardiac_procedure_no_explicit_renal_exclusion
mover,"CRANIOTOMY, TRANSSPHENOIDAL APPROACH",include,"Procedure terminology gives no explicit heart-directed procedure, renal recipient operation, or dialysis-related operation; not proof of absence of renal disease.",noncardiac_procedure_no_explicit_renal_exclusion
mover,"CRANIOTOMY, USING BRAINLAB SYSTEM, WITH IMAGING GUIDANCE, ADULT",include,"Procedure terminology gives no explicit heart-directed procedure, renal recipient operation, or dialysis-related operation; not proof of absence of renal disease.",noncardiac_procedure_no_explicit_renal_exclusion
mover,"CRANIOTOMY, WITH CSF LEAK REPAIR",include,"Procedure terminology gives no explicit heart-directed procedure, renal recipient operation, or dialysis-related operation; not proof of absence of renal disease.",noncardiac_procedure_no_explicit_renal_exclusion
mover,"CRANIOTOMY, WITH IMAGING GUIDANCE",include,"Procedure terminology gives no explicit heart-directed procedure, renal recipient operation, or dialysis-related operation; not proof of absence of renal disease.",noncardiac_procedure_no_explicit_renal_exclusion
mover,"CRANIOTOMY, WITH INTRACRANIAL ABSCESS IRRIGATION AND DEBRIDEMENT",include,"Procedure terminology gives no explicit heart-directed procedure, renal recipient operation, or dialysis-related operation; not proof of absence of renal disease.",noncardiac_procedure_no_explicit_renal_exclusion
mover,"CRANIOTOMY, WITH MICROVASCULAR DECOMPRESSION",include,"Procedure terminology gives no explicit heart-directed procedure, renal recipient operation, or dialysis-related operation; not proof of absence of renal disease.",noncardiac_procedure_no_explicit_renal_exclusion
mover,"CRANIOTOMY, WITH NEOPLASM EXCISION",include,"Procedure terminology gives no explicit heart-directed procedure, renal recipient operation, or dialysis-related operation; not proof of absence of renal disease.",noncardiac_procedure_no_explicit_renal_exclusion
mover,"CRANIOTOMY, WITH RESPONSIVE NEUROSTIMULATOR INSERTION INCLUDING ELECTRODE LEAD",include,"Procedure terminology gives no explicit heart-directed procedure, renal recipient operation, or dialysis-related operation; not proof of absence of renal disease.",noncardiac_procedure_no_explicit_renal_exclusion
mover,"CRANIOTOMY, WITH SUBDURAL ELECTRODE REMOVAL",include,"Procedure terminology gives no explicit heart-directed procedure, renal recipient operation, or dialysis-related operation; not proof of absence of renal disease.",noncardiac_procedure_no_explicit_renal_exclusion
mover,"CRANIOTOMY, WITH TEMPORAL LOBECTOMY, WITH ELECTROCORTICOGRAM",include,"Procedure terminology gives no explicit heart-directed procedure, renal recipient operation, or dialysis-related operation; not proof of absence of renal disease.",noncardiac_procedure_no_explicit_renal_exclusion
mover,"CREATION, AV FISTULA",uncertain,AV access/fistulogram or alternate dialysis versus central venous catheter title does not establish dialysis indication; exclude from main cohort for unresolved procedure classification.,uncertain_access_indication
mover,"CREATION, AV FISTULA, USING VEIN TRANSPOSITION TECHNIQUE",uncertain,AV access/fistulogram or alternate dialysis versus central venous catheter title does not establish dialysis indication; exclude from main cohort for unresolved procedure classification.,uncertain_access_indication
mover,"CREATION, AV FISTULA, WITH CATHETER INSERTION, FOR HEMODIALYSIS",exclude,Explicit kidney recipient/transplanted-kidney operation or dialysis-related procedure; access procedure does not prove chronic dialysis.,explicit_renal_replacement_or_recipient_procedure
mover,"CREATION, BURR HOLE, USING FRAMELESS STEREOTAXY",include,"Procedure terminology gives no explicit heart-directed procedure, renal recipient operation, or dialysis-related operation; not proof of absence of renal disease.",noncardiac_procedure_no_explicit_renal_exclusion
mover,"CREATION, BYPASS, AORTO-BIFEMORAL, USING GRAFT",include,"Procedure terminology gives no explicit heart-directed procedure, renal recipient operation, or dialysis-related operation; not proof of absence of renal disease.",noncardiac_procedure_no_explicit_renal_exclusion
mover,"CREATION, BYPASS, AORTO-ILIAC, USING GRAFT",include,"Procedure terminology gives no explicit heart-directed procedure, renal recipient operation, or dialysis-related operation; not proof of absence of renal disease.",noncardiac_procedure_no_explicit_renal_exclusion
mover,"CREATION, BYPASS, ARTERIAL, AORTA TO FEMORAL",include,"Procedure terminology gives no explicit heart-directed procedure, renal recipient operation, or dialysis-related operation; not proof of absence of renal disease.",noncardiac_procedure_no_explicit_renal_exclusion
mover,"CREATION, BYPASS, ARTERIAL, AXILLARY TO FEMORAL, USING GRAFT",include,"Procedure terminology gives no explicit heart-directed procedure, renal recipient operation, or dialysis-related operation; not proof of absence of renal disease.",noncardiac_procedure_no_explicit_renal_exclusion
mover,"CREATION, BYPASS, ARTERIAL, FEMORAL TO FEMORAL, USING GRAFT",include,"Procedure terminology gives no explicit heart-directed procedure, renal recipient operation, or dialysis-related operation; not proof of absence of renal disease.",noncardiac_procedure_no_explicit_renal_exclusion
mover,"CREATION, BYPASS, ARTERIAL, FEMORAL TO PERONEAL",include,"Procedure terminology gives no explicit heart-directed procedure, renal recipient operation, or dialysis-related operation; not proof of absence of renal disease.",noncardiac_procedure_no_explicit_renal_exclusion
mover,"CREATION, BYPASS, ARTERIAL, FEMORAL TO TIBIAL",include,"Procedure terminology gives no explicit heart-directed procedure, renal recipient operation, or dialysis-related operation; not proof of absence of renal disease.",noncardiac_procedure_no_explicit_renal_exclusion
mover,"CREATION, BYPASS, ARTERIAL, FEMOROPOPLITEAL, PERCUTANEOUS ENDOSCOPIC APPROACH",include,"Procedure terminology gives no explicit heart-directed procedure, renal recipient operation, or dialysis-related operation; not proof of absence of renal disease.",noncardiac_procedure_no_explicit_renal_exclusion
mover,"CREATION, BYPASS, ARTERIAL, FEMOROPOPLITEAL, USING GRAFT",include,"Procedure terminology gives no explicit heart-directed procedure, renal recipient operation, or dialysis-related operation; not proof of absence of renal disease.",noncardiac_procedure_no_explicit_renal_exclusion
mover,"CREATION, BYPASS, ARTERIAL, POPLITEAL TO TIBIAL, USING GRAFT",include,"Procedure terminology gives no explicit heart-directed procedure, renal recipient operation, or dialysis-related operation; not proof of absence of renal disease.",noncardiac_procedure_no_explicit_renal_exclusion
mover,"CREATION, BYPASS, ARTERIAL, SUBCLAVIAN TO CAROTID",include,"Procedure terminology gives no explicit heart-directed procedure, renal recipient operation, or dialysis-related operation; not proof of absence of renal disease.",noncardiac_procedure_no_explicit_renal_exclusion
mover,"CREATION, BYPASS, SMALL INTESTINE",include,"Procedure terminology gives no explicit heart-directed procedure, renal recipient operation, or dialysis-related operation; not proof of absence of renal disease.",noncardiac_procedure_no_explicit_renal_exclusion
mover,"CREATION, COLOSTOMY OR ILEOSTOMY, LAPAROSCOPIC",include,"Procedure terminology gives no explicit heart-directed procedure, renal recipient operation, or dialysis-related operation; not proof of absence of renal disease.",noncardiac_procedure_no_explicit_renal_exclusion
mover,"CREATION, COLOSTOMY, DIVERTING",include,"Procedure terminology gives no explicit heart-directed procedure, renal recipient operation, or dialysis-related operation; not proof of absence of renal disease.",noncardiac_procedure_no_explicit_renal_exclusion
mover,"CREATION, FISTULA, TRACHEOESOPHAGEAL",include,"Procedure terminology gives no explicit heart-directed procedure, renal recipient operation, or dialysis-related operation; not proof of absence of renal disease.",noncardiac_procedure_no_explicit_renal_exclusion
mover,"CREATION, FLAP, FREE",include,"Procedure terminology gives no explicit heart-directed procedure, renal recipient operation, or dialysis-related operation; not proof of absence of renal disease.",noncardiac_procedure_no_explicit_renal_exclusion
mover,"CREATION, FLAP, ROTATIONAL",include,"Procedure terminology gives no explicit heart-directed procedure, renal recipient operation, or dialysis-related operation; not proof of absence of renal disease.",noncardiac_procedure_no_explicit_renal_exclusion
mover,"CREATION, FLAP, ROTATIONAL, HAND",include,"Procedure terminology gives no explicit heart-directed procedure, renal recipient operation, or dialysis-related operation; not proof of absence of renal disease.",noncardiac_procedure_no_explicit_renal_exclusion
mover,"CREATION, FREE FLAP, LATISSIMUS DORSI",include,"Procedure terminology gives no explicit heart-directed procedure, renal recipient operation, or dialysis-related operation; not proof of absence of renal disease.",noncardiac_procedure_no_explicit_renal_exclusion
mover,"CREATION, GASTRIC BYPASS, LAPAROSCOPIC, WITH ROUX-EN-Y GASTROENTEROSTOMY",include,"Procedure terminology gives no explicit heart-directed procedure, renal recipient operation, or dialysis-related operation; not proof of absence of renal disease.",noncardiac_procedure_no_explicit_renal_exclusion
mover,"CREATION, INDIANA POUCH",include,"Procedure terminology gives no explicit heart-directed procedure, renal recipient operation, or dialysis-related operation; not proof of absence of renal disease.",noncardiac_procedure_no_explicit_renal_exclusion
mover,"CREATION, MIDURETHRAL SLING, WITH CYSTOSCOPY",include,"Procedure terminology gives no explicit heart-directed procedure, renal recipient operation, or dialysis-related operation; not proof of absence of renal disease.",noncardiac_procedure_no_explicit_renal_exclusion
mover,"CREATION, PERICARDIAL WINDOW",exclude,Explicit heart/coronary/valve/rhythm/pericardial procedure or standalone cardiac diagnostic procedure; not all entries are cardiac surgery.,heart_directed_procedure
mover,"CREATION, URETHRAL SLING, MALE",include,"Procedure terminology gives no explicit heart-directed procedure, renal recipient operation, or dialysis-related operation; not proof of absence of renal disease.",noncardiac_procedure_no_explicit_renal_exclusion
mover,"CREATION, URETHRAL SLING, USING SYNTHETIC TAPE, MALE ",include,"Procedure terminology gives no explicit heart-directed procedure, renal recipient operation, or dialysis-related operation; not proof of absence of renal disease.",noncardiac_procedure_no_explicit_renal_exclusion
mover,"CRYOABLATION, MASS, KIDNEY",include,"Procedure terminology gives no explicit heart-directed procedure, renal recipient operation, or dialysis-related operation; not proof of absence of renal disease.",noncardiac_procedure_no_explicit_renal_exclusion
mover,"CRYOTHERAPY, PROSTATE",include,"Procedure terminology gives no explicit heart-directed procedure, renal recipient operation, or dialysis-related operation; not proof of absence of renal disease.",noncardiac_procedure_no_explicit_renal_exclusion
mover,CT WITH ANESTHESIA,uncertain,Missing or nonspecific procedure/site/indication; cannot verify the common eligible surgical/procedural population.,uncertain_procedure_or_site
mover,CYSTECTOMY,include,"Procedure terminology gives no explicit heart-directed procedure, renal recipient operation, or dialysis-related operation; not proof of absence of renal disease.",noncardiac_procedure_no_explicit_renal_exclusion
mover,"CYSTECTOMY, LAPAROSCOPIC",include,"Procedure terminology gives no explicit heart-directed procedure, renal recipient operation, or dialysis-related operation; not proof of absence of renal disease.",noncardiac_procedure_no_explicit_renal_exclusion
mover,"CYSTECTOMY, TOTAL, WITH ILEAL CONDUIT CONSTRUCTION",include,"Procedure terminology gives no explicit heart-directed procedure, renal recipient operation, or dialysis-related operation; not proof of absence of renal disease.",noncardiac_procedure_no_explicit_renal_exclusion
mover,"CYSTOGASTROSTOMY, PANCREAS",include,"Procedure terminology gives no explicit heart-directed procedure, renal recipient operation, or dialysis-related operation; not proof of absence of renal disease.",noncardiac_procedure_no_explicit_renal_exclusion
mover,CYSTOLITHOLAPAXY,include,"Procedure terminology gives no explicit heart-directed procedure, renal recipient operation, or dialysis-related operation; not proof of absence of renal disease.",noncardiac_procedure_no_explicit_renal_exclusion
mover,CYSTOLITHOTOMY,include,"Procedure terminology gives no explicit heart-directed procedure, renal recipient operation, or dialysis-related operation; not proof of absence of renal disease.",noncardiac_procedure_no_explicit_renal_exclusion
mover,"CYSTOPROSTATECTOMY, WITH ILEAL CONDUIT CREATION",include,"Procedure terminology gives no explicit heart-directed procedure, renal recipient operation, or dialysis-related operation; not proof of absence of renal disease.",noncardiac_procedure_no_explicit_renal_exclusion
mover,CYSTOSCOPY,include,"Procedure terminology gives no explicit heart-directed procedure, renal recipient operation, or dialysis-related operation; not proof of absence of renal disease.",noncardiac_procedure_no_explicit_renal_exclusion
mover,"CYSTOSCOPY, + URETEROSCOPY, RETROGRADE PYELOGRAM, HOLMIUM LASER LITHOTRIPSY, + PERCUTANEOUS NEPHROLITHOTOMY",include,"Procedure terminology gives no explicit heart-directed procedure, renal recipient operation, or dialysis-related operation; not proof of absence of renal disease.",noncardiac_procedure_no_explicit_renal_exclusion
mover,"CYSTOSCOPY, PEDIATRIC",include,"Procedure terminology gives no explicit heart-directed procedure, renal recipient operation, or dialysis-related operation; not proof of absence of renal disease.",noncardiac_procedure_no_explicit_renal_exclusion
mover,"CYSTOSCOPY, WITH BIOPSY",include,"Procedure terminology gives no explicit heart-directed procedure, renal recipient operation, or dialysis-related operation; not proof of absence of renal disease.",noncardiac_procedure_no_explicit_renal_exclusion
mover,"CYSTOSCOPY, WITH BLADDER HYDRODISTENSION",include,"Procedure terminology gives no explicit heart-directed procedure, renal recipient operation, or dialysis-related operation; not proof of absence of renal disease.",noncardiac_procedure_no_explicit_renal_exclusion
mover,"CYSTOSCOPY, WITH COLLAGEN INJECTION INTO BLADDER NECK",include,"Procedure terminology gives no explicit heart-directed procedure, renal recipient operation, or dialysis-related operation; not proof of absence of renal disease.",noncardiac_procedure_no_explicit_renal_exclusion
mover,"CYSTOSCOPY, WITH FULGURATION",include,"Procedure terminology gives no explicit heart-directed procedure, renal recipient operation, or dialysis-related operation; not proof of absence of renal disease.",noncardiac_procedure_no_explicit_renal_exclusion
mover,"CYSTOSCOPY, WITH RETROGRADE PYELOGRAM",include,"Procedure terminology gives no explicit heart-directed procedure, renal recipient operation, or dialysis-related operation; not proof of absence of renal disease.",noncardiac_procedure_no_explicit_renal_exclusion
mover,"CYSTOSCOPY, WITH RETROGRADE PYELOGRAM AND URETERAL STENT INSERTION",include,"Procedure terminology gives no explicit heart-directed procedure, renal recipient operation, or dialysis-related operation; not proof of absence of renal disease.",noncardiac_procedure_no_explicit_renal_exclusion
mover,"CYSTOSCOPY, WITH RETROGRADE PYELOGRAM, PEDIATRIC",include,"Procedure terminology gives no explicit heart-directed procedure, renal recipient operation, or dialysis-related operation; not proof of absence of renal disease.",noncardiac_procedure_no_explicit_renal_exclusion
mover,"CYSTOSCOPY, WITH RETROGRADE PYELOGRAM, URETEROSCOPY, URINARY CALCULUS LASER LITHOTRIPSY, + STENT INSERT",include,"Procedure terminology gives no explicit heart-directed procedure, renal recipient operation, or dialysis-related operation; not proof of absence of renal disease.",noncardiac_procedure_no_explicit_renal_exclusion
mover,"CYSTOSCOPY, WITH SUPRAPUBIC CATHETER INSERTION",include,"Procedure terminology gives no explicit heart-directed procedure, renal recipient operation, or dialysis-related operation; not proof of absence of renal disease.",noncardiac_procedure_no_explicit_renal_exclusion
mover,"CYSTOSCOPY, WITH URETERAL STENT INSERTION",include,"Procedure terminology gives no explicit heart-directed procedure, renal recipient operation, or dialysis-related operation; not proof of absence of renal disease.",noncardiac_procedure_no_explicit_renal_exclusion
mover,"CYSTOSCOPY, WITH URETERAL STENT REPLACEMENT",include,"Procedure terminology gives no explicit heart-directed procedure, renal recipient operation, or dialysis-related operation; not proof of absence of renal disease.",noncardiac_procedure_no_explicit_renal_exclusion
mover,"CYSTOSCOPY, WITH URETHRAL DILATION, BALLOON",include,"Procedure terminology gives no explicit heart-directed procedure, renal recipient operation, or dialysis-related operation; not proof of absence of renal disease.",noncardiac_procedure_no_explicit_renal_exclusion
mover,"CYSTOSCOPY, WITH URETHRAL RECONSTRUCTION, MALE",include,"Procedure terminology gives no explicit heart-directed procedure, renal recipient operation, or dialysis-related operation; not proof of absence of renal disease.",noncardiac_procedure_no_explicit_renal_exclusion
mover,"CYSTOSCOPY, WITH URETHRAL STRICTURE DILATION",include,"Procedure terminology gives no explicit heart-directed procedure, renal recipient operation, or dialysis-related operation; not proof of absence of renal disease.",noncardiac_procedure_no_explicit_renal_exclusion
mover,"CYSTOSTOMY, SUPRAPUBIC",include,"Procedure terminology gives no explicit heart-directed procedure, renal recipient operation, or dialysis-related operation; not proof of absence of renal disease.",noncardiac_procedure_no_explicit_renal_exclusion
mover,"CYSTOURETEROSCOPY, WITH RETROGRADE PYELOGRAM AND URETERAL STENT INSERTION",include,"Procedure terminology gives no explicit heart-directed procedure, renal recipient operation, or dialysis-related operation; not proof of absence of renal disease.",noncardiac_procedure_no_explicit_renal_exclusion
mover,"CYSTOURETHROGRAM, RETROGRADE",include,"Procedure terminology gives no explicit heart-directed procedure, renal recipient operation, or dialysis-related operation; not proof of absence of renal disease.",noncardiac_procedure_no_explicit_renal_exclusion
mover,CYSTOURETHROPLASTY,include,"Procedure terminology gives no explicit heart-directed procedure, renal recipient operation, or dialysis-related operation; not proof of absence of renal disease.",noncardiac_procedure_no_explicit_renal_exclusion
mover,CYSTOURETHROSCOPY,include,"Procedure terminology gives no explicit heart-directed procedure, renal recipient operation, or dialysis-related operation; not proof of absence of renal disease.",noncardiac_procedure_no_explicit_renal_exclusion
mover,"CYSTOURETHROSCOPY, WITH DIRECT VISION INTERNAL URETHROTOMY",include,"Procedure terminology gives no explicit heart-directed procedure, renal recipient operation, or dialysis-related operation; not proof of absence of renal disease.",noncardiac_procedure_no_explicit_renal_exclusion
mover,"CYSTOURETHROSCOPY, WITH URETERAL CATHETERIZATION",include,"Procedure terminology gives no explicit heart-directed procedure, renal recipient operation, or dialysis-related operation; not proof of absence of renal disease.",noncardiac_procedure_no_explicit_renal_exclusion
mover,"DA VINCI SI- CYSTOPROSTATECTOMY, ROBOT-ASSISTED",include,"Procedure terminology gives no explicit heart-directed procedure, renal recipient operation, or dialysis-related operation; not proof of absence of renal disease.",noncardiac_procedure_no_explicit_renal_exclusion
mover,"DA VINCI SI- PROSTATECTOMY, RADICAL, ROBOT-ASSISTED",include,"Procedure terminology gives no explicit heart-directed procedure, renal recipient operation, or dialysis-related operation; not proof of absence of renal disease.",noncardiac_procedure_no_explicit_renal_exclusion
mover,DA VINCI SI- TRANSORAL ROBOTIC SURGERY WITH NECK DISSECTION,include,"Procedure terminology gives no explicit heart-directed procedure, renal recipient operation, or dialysis-related operation; not proof of absence of renal disease.",noncardiac_procedure_no_explicit_renal_exclusion
mover,"DA VINCI SI- TRANSORAL SURGERY, ROBOT-ASSISTED",include,"Procedure terminology gives no explicit heart-directed procedure, renal recipient operation, or dialysis-related operation; not proof of absence of renal disease.",noncardiac_procedure_no_explicit_renal_exclusion
mover,"DA VINCI XI - REPAIR, HERNIA, INGUINAL AND UMBILICAL",include,"Procedure terminology gives no explicit heart-directed procedure, renal recipient operation, or dialysis-related operation; not proof of absence of renal disease.",noncardiac_procedure_no_explicit_renal_exclusion
mover,"DA VINCI XI- DISSECTION, LYMPH NODE, RETROPERITONEAL, ROBOT-ASSISTED, LAPAROSCOPIC",include,"Procedure terminology gives no explicit heart-directed procedure, renal recipient operation, or dialysis-related operation; not proof of absence of renal disease.",noncardiac_procedure_no_explicit_renal_exclusion
mover,"DA VINCI XI- NEPHRECTOMY, RADICAL, ROBOT-ASSISTED",include,"Procedure terminology gives no explicit heart-directed procedure, renal recipient operation, or dialysis-related operation; not proof of absence of renal disease.",noncardiac_procedure_no_explicit_renal_exclusion
mover,"DA VINCI XI- PROSTATECTOMY, RADICAL, ROBOT-ASSISTED",include,"Procedure terminology gives no explicit heart-directed procedure, renal recipient operation, or dialysis-related operation; not proof of absence of renal disease.",noncardiac_procedure_no_explicit_renal_exclusion
mover,"DA VINCI XI- PROSTATECTOMY, SIMPLE, ROBOT-ASSISTED",include,"Procedure terminology gives no explicit heart-directed procedure, renal recipient operation, or dialysis-related operation; not proof of absence of renal disease.",noncardiac_procedure_no_explicit_renal_exclusion
mover,DA VINCI XI- REPAIR INGUINAL HERNIA,include,"Procedure terminology gives no explicit heart-directed procedure, renal recipient operation, or dialysis-related operation; not proof of absence of renal disease.",noncardiac_procedure_no_explicit_renal_exclusion
mover,"DA VINCI XI- REPAIR, DIAPHRAGMATIC HERNIA, LAPAROSCOPIC",include,"Procedure terminology gives no explicit heart-directed procedure, renal recipient operation, or dialysis-related operation; not proof of absence of renal disease.",noncardiac_procedure_no_explicit_renal_exclusion
mover,"DA VINCI XI- REPAIR, VENTRAL HERNIA, ROBOTIC ASSISTED",include,"Procedure terminology gives no explicit heart-directed procedure, renal recipient operation, or dialysis-related operation; not proof of absence of renal disease.",noncardiac_procedure_no_explicit_renal_exclusion
mover,"DA VINCI XI- THORACOTOMY, ROBOT-ASSISTED",uncertain,Missing or nonspecific procedure/site/indication; cannot verify the common eligible surgical/procedural population.,uncertain_procedure_or_site
mover,DACRYOCYSTORHINOSTOMY,include,"Procedure terminology gives no explicit heart-directed procedure, renal recipient operation, or dialysis-related operation; not proof of absence of renal disease.",noncardiac_procedure_no_explicit_renal_exclusion
mover,"DEBRIDEMENT AND DRESSING, BURN, MEDIUM-SIZED BURN",include,"Procedure terminology gives no explicit heart-directed procedure, renal recipient operation, or dialysis-related operation; not proof of absence of renal disease.",noncardiac_procedure_no_explicit_renal_exclusion
mover,"DEBRIDEMENT, KNEE, ARTHROSCOPIC",include,"Procedure terminology gives no explicit heart-directed procedure, renal recipient operation, or dialysis-related operation; not proof of absence of renal disease.",noncardiac_procedure_no_explicit_renal_exclusion
mover,"DEBRIDEMENT, SHOULDER, ARTHROSCOPIC",include,"Procedure terminology gives no explicit heart-directed procedure, renal recipient operation, or dialysis-related operation; not proof of absence of renal disease.",noncardiac_procedure_no_explicit_renal_exclusion
mover,"DEBRIDEMENT, SKIN AND SUBCUTANEOUS TISSUE OF OPEN FRACTURE",include,"Procedure terminology gives no explicit heart-directed procedure, renal recipient operation, or dialysis-related operation; not proof of absence of renal disease.",noncardiac_procedure_no_explicit_renal_exclusion
mover,"DEBRIDEMENT, SKIN, MUSCLE, OR BONE, WITH FOREIGN BODY REMOVAL",include,"Procedure terminology gives no explicit heart-directed procedure, renal recipient operation, or dialysis-related operation; not proof of absence of renal disease.",noncardiac_procedure_no_explicit_renal_exclusion
mover,"DEBRIDEMENT, SKIN, SUBCUTANEOUS TISSUE, FASCIA, AND MUSCLE, OPEN FRACTURE SITE",include,"Procedure terminology gives no explicit heart-directed procedure, renal recipient operation, or dialysis-related operation; not proof of absence of renal disease.",noncardiac_procedure_no_explicit_renal_exclusion
mover,"DEBRIDEMENT, STERNUM",uncertain,Thoracic/sternal/aortic/lead/extracorporeal-support term does not identify a clearly eligible noncardiac procedure; no assumption of confirmed cardiac surgery.,uncertain_cardiothoracic_scope
mover,"DEBRIDEMENT, WITH SPLIT-THICKNESS SKIN GRAFT APPLICATION",include,"Procedure terminology gives no explicit heart-directed procedure, renal recipient operation, or dialysis-related operation; not proof of absence of renal disease.",noncardiac_procedure_no_explicit_renal_exclusion
mover,"DEBRIDEMENT, WOUND",include,"Procedure terminology gives no explicit heart-directed procedure, renal recipient operation, or dialysis-related operation; not proof of absence of renal disease.",noncardiac_procedure_no_explicit_renal_exclusion
mover,"DEBRIDEMENT, WOUND OR ULCER, FOOT OR ANKLE",include,"Procedure terminology gives no explicit heart-directed procedure, renal recipient operation, or dialysis-related operation; not proof of absence of renal disease.",noncardiac_procedure_no_explicit_renal_exclusion
mover,"DECOMPRESSION AND FUSION, SPINE, CERVICAL, ANTERIOR APPROACH",include,"Procedure terminology gives no explicit heart-directed procedure, renal recipient operation, or dialysis-related operation; not proof of absence of renal disease.",noncardiac_procedure_no_explicit_renal_exclusion
mover,"DECOMPRESSION, NERVE",include,"Procedure terminology gives no explicit heart-directed procedure, renal recipient operation, or dialysis-related operation; not proof of absence of renal disease.",noncardiac_procedure_no_explicit_renal_exclusion
mover,"DECOMPRESSION, NERVE, ULNAR",include,"Procedure terminology gives no explicit heart-directed procedure, renal recipient operation, or dialysis-related operation; not proof of absence of renal disease.",noncardiac_procedure_no_explicit_renal_exclusion
mover,"DECOMPRESSION, NERVE, UPPER EXTREMITY",include,"Procedure terminology gives no explicit heart-directed procedure, renal recipient operation, or dialysis-related operation; not proof of absence of renal disease.",noncardiac_procedure_no_explicit_renal_exclusion
mover,"DECOMPRESSION, ORBIT",include,"Procedure terminology gives no explicit heart-directed procedure, renal recipient operation, or dialysis-related operation; not proof of absence of renal disease.",noncardiac_procedure_no_explicit_renal_exclusion
mover,"DECOMPRESSION, SPINE, CERVICAL, ANTERIOR APPROACH",include,"Procedure terminology gives no explicit heart-directed procedure, renal recipient operation, or dialysis-related operation; not proof of absence of renal disease.",noncardiac_procedure_no_explicit_renal_exclusion
mover,"DECOMPRESSION, SPINE, CERVICAL, POSTERIOR APPROACH",include,"Procedure terminology gives no explicit heart-directed procedure, renal recipient operation, or dialysis-related operation; not proof of absence of renal disease.",noncardiac_procedure_no_explicit_renal_exclusion
mover,"DECOMPRESSION, SPINE, LUMBAR",include,"Procedure terminology gives no explicit heart-directed procedure, renal recipient operation, or dialysis-related operation; not proof of absence of renal disease.",noncardiac_procedure_no_explicit_renal_exclusion
mover,"DECOMPRESSION, SPINE, LUMBAR, POSTERIOR APPROACH, WITH POSTERIOR COLUMN FUSION",include,"Procedure terminology gives no explicit heart-directed procedure, renal recipient operation, or dialysis-related operation; not proof of absence of renal disease.",noncardiac_procedure_no_explicit_renal_exclusion
mover,"DECOMPRESSION, THORACIC OUTLET",include,"Procedure terminology gives no explicit heart-directed procedure, renal recipient operation, or dialysis-related operation; not proof of absence of renal disease.",noncardiac_procedure_no_explicit_renal_exclusion
mover,"DECOMPRESSION, ULNAR NERVE",include,"Procedure terminology gives no explicit heart-directed procedure, renal recipient operation, or dialysis-related operation; not proof of absence of renal disease.",noncardiac_procedure_no_explicit_renal_exclusion
mover,"DECORTICATION, CYST, KIDNEY",include,"Procedure terminology gives no explicit heart-directed procedure, renal recipient operation, or dialysis-related operation; not proof of absence of renal disease.",noncardiac_procedure_no_explicit_renal_exclusion
mover,"DECORTICATION, LUNG, TOTAL, USING VATS",include,"Procedure terminology gives no explicit heart-directed procedure, renal recipient operation, or dialysis-related operation; not proof of absence of renal disease.",noncardiac_procedure_no_explicit_renal_exclusion
mover,DILATION AND CURETTAGE,include,"Procedure terminology gives no explicit heart-directed procedure, renal recipient operation, or dialysis-related operation; not proof of absence of renal disease.",noncardiac_procedure_no_explicit_renal_exclusion
mover,"DILATION AND EVACUATION, UTERUS",include,"Procedure terminology gives no explicit heart-directed procedure, renal recipient operation, or dialysis-related operation; not proof of absence of renal disease.",noncardiac_procedure_no_explicit_renal_exclusion
mover,"DILATION, ESOPHAGUS",include,"Procedure terminology gives no explicit heart-directed procedure, renal recipient operation, or dialysis-related operation; not proof of absence of renal disease.",noncardiac_procedure_no_explicit_renal_exclusion
mover,"DILATION, RECTUM",include,"Procedure terminology gives no explicit heart-directed procedure, renal recipient operation, or dialysis-related operation; not proof of absence of renal disease.",noncardiac_procedure_no_explicit_renal_exclusion
mover,"DISARTICULATION, HIP",include,"Procedure terminology gives no explicit heart-directed procedure, renal recipient operation, or dialysis-related operation; not proof of absence of renal disease.",noncardiac_procedure_no_explicit_renal_exclusion
mover,"DISCECTOMY, CERVICAL, ANTERIOR, NEURO",include,"Procedure terminology gives no explicit heart-directed procedure, renal recipient operation, or dialysis-related operation; not proof of absence of renal disease.",noncardiac_procedure_no_explicit_renal_exclusion
mover,"DISCECTOMY, CERVICAL, ANTERIOR, WITH INSTRUMENTATION, NEURO",include,"Procedure terminology gives no explicit heart-directed procedure, renal recipient operation, or dialysis-related operation; not proof of absence of renal disease.",noncardiac_procedure_no_explicit_renal_exclusion
mover,"DISCECTOMY, CERVICAL, ANTERIOR, WITH INSTRUMENTATION, ORTHO",include,"Procedure terminology gives no explicit heart-directed procedure, renal recipient operation, or dialysis-related operation; not proof of absence of renal disease.",noncardiac_procedure_no_explicit_renal_exclusion
mover,"DISCECTOMY, CERVICAL, WITH FUSION AND INSTRUMENTATION IF INDICATED",include,"Procedure terminology gives no explicit heart-directed procedure, renal recipient operation, or dialysis-related operation; not proof of absence of renal disease.",noncardiac_procedure_no_explicit_renal_exclusion
mover,"DISCECTOMY, INTERVERTEBRAL, WITH LAMINECTOMY",include,"Procedure terminology gives no explicit heart-directed procedure, renal recipient operation, or dialysis-related operation; not proof of absence of renal disease.",noncardiac_procedure_no_explicit_renal_exclusion
mover,"DISCECTOMY, LUMBAR, ANTERIOR, WITH FUSION, NEURO",include,"Procedure terminology gives no explicit heart-directed procedure, renal recipient operation, or dialysis-related operation; not proof of absence of renal disease.",noncardiac_procedure_no_explicit_renal_exclusion
mover,"DISCECTOMY, SPINE, CERVICAL, ANTERIOR APPROACH, WITH SPINAL FUSION USING INSTRUMENTATION IF INDICATED",include,"Procedure terminology gives no explicit heart-directed procedure, renal recipient operation, or dialysis-related operation; not proof of absence of renal disease.",noncardiac_procedure_no_explicit_renal_exclusion
mover,"DISCECTOMY, THORACIC OR LUMBAR, ENDOSCOPIC",include,"Procedure terminology gives no explicit heart-directed procedure, renal recipient operation, or dialysis-related operation; not proof of absence of renal disease.",noncardiac_procedure_no_explicit_renal_exclusion
mover,"DISSECTION, NECK",include,"Procedure terminology gives no explicit heart-directed procedure, renal recipient operation, or dialysis-related operation; not proof of absence of renal disease.",noncardiac_procedure_no_explicit_renal_exclusion
mover,"DISSECTION, NECK, LIMITED",include,"Procedure terminology gives no explicit heart-directed procedure, renal recipient operation, or dialysis-related operation; not proof of absence of renal disease.",noncardiac_procedure_no_explicit_renal_exclusion
mover,"DISSECTION, NECK, MODIFIED RADICAL",include,"Procedure terminology gives no explicit heart-directed procedure, renal recipient operation, or dialysis-related operation; not proof of absence of renal disease.",noncardiac_procedure_no_explicit_renal_exclusion
mover,"DISSECTION, NECK, RADICAL",include,"Procedure terminology gives no explicit heart-directed procedure, renal recipient operation, or dialysis-related operation; not proof of absence of renal disease.",noncardiac_procedure_no_explicit_renal_exclusion
mover,"DONATION, BONE MARROW",include,"Procedure terminology gives no explicit heart-directed procedure, renal recipient operation, or dialysis-related operation; not proof of absence of renal disease.",noncardiac_procedure_no_explicit_renal_exclusion
mover,"DRAINAGE, ABSCESS OR HEMATOMA, NASAL SEPTUM",include,"Procedure terminology gives no explicit heart-directed procedure, renal recipient operation, or dialysis-related operation; not proof of absence of renal disease.",noncardiac_procedure_no_explicit_renal_exclusion
mover,ECHOCARDIOGRAM,exclude,Explicit heart/coronary/valve/rhythm/pericardial procedure or standalone cardiac diagnostic procedure; not all entries are cardiac surgery.,heart_directed_procedure
mover,"ECHOCARDIOGRAM, INTRACARDIAC",exclude,Explicit heart/coronary/valve/rhythm/pericardial procedure or standalone cardiac diagnostic procedure; not all entries are cardiac surgery.,heart_directed_procedure
mover,"ECHOCARDIOGRAM, TRANSESOPHAGEAL, IN POSTANESTHESIA CARE UNIT (PACU)",exclude,Explicit heart/coronary/valve/rhythm/pericardial procedure or standalone cardiac diagnostic procedure; not all entries are cardiac surgery.,heart_directed_procedure
mover,"ECHOCARDIOGRAM, TRANSESOPHAGEAL, INTRAOPERATIVE",exclude,Explicit heart/coronary/valve/rhythm/pericardial procedure or standalone cardiac diagnostic procedure; not all entries are cardiac surgery.,heart_directed_procedure
mover,EGD (ESOPHAGOGASTRODUODENOSCOPY),include,"Procedure terminology gives no explicit heart-directed procedure, renal recipient operation, or dialysis-related operation; not proof of absence of renal disease.",noncardiac_procedure_no_explicit_renal_exclusion
mover,"EGD, WITH BALLOON DILATION",include,"Procedure terminology gives no explicit heart-directed procedure, renal recipient operation, or dialysis-related operation; not proof of absence of renal disease.",noncardiac_procedure_no_explicit_renal_exclusion
mover,"EGD, WITH BIOPSY",include,"Procedure terminology gives no explicit heart-directed procedure, renal recipient operation, or dialysis-related operation; not proof of absence of renal disease.",noncardiac_procedure_no_explicit_renal_exclusion
mover,"EGD, WITH ESOPHAGEAL DILATION",include,"Procedure terminology gives no explicit heart-directed procedure, renal recipient operation, or dialysis-related operation; not proof of absence of renal disease.",noncardiac_procedure_no_explicit_renal_exclusion
mover,"EGD, WITH GASTROJEJUNOSTOMY TUBE INSERTION, PERCUTANEOUS",include,"Procedure terminology gives no explicit heart-directed procedure, renal recipient operation, or dialysis-related operation; not proof of absence of renal disease.",noncardiac_procedure_no_explicit_renal_exclusion
mover,"EGD, WITH GASTROJEJUNOSTOMY TUBE REPLACEMENT, PERCUTANEOUS",include,"Procedure terminology gives no explicit heart-directed procedure, renal recipient operation, or dialysis-related operation; not proof of absence of renal disease.",noncardiac_procedure_no_explicit_renal_exclusion
mover,"EGD, WITH STENT INSERTION",include,"Procedure terminology gives no explicit heart-directed procedure, renal recipient operation, or dialysis-related operation; not proof of absence of renal disease.",noncardiac_procedure_no_explicit_renal_exclusion
mover,"EGD, WITH VARICEAL BANDING",include,"Procedure terminology gives no explicit heart-directed procedure, renal recipient operation, or dialysis-related operation; not proof of absence of renal disease.",noncardiac_procedure_no_explicit_renal_exclusion
mover,"EGD, WITH WIRE GUIDED DILATION",include,"Procedure terminology gives no explicit heart-directed procedure, renal recipient operation, or dialysis-related operation; not proof of absence of renal disease.",noncardiac_procedure_no_explicit_renal_exclusion
mover,"EGD, WITH WIRELESS 48 HOUR BRAVO PH STUDY",include,"Procedure terminology gives no explicit heart-directed procedure, renal recipient operation, or dialysis-related operation; not proof of absence of renal disease.",noncardiac_procedure_no_explicit_renal_exclusion
mover,ELECTROCONVULSIVE THERAPY,include,"Procedure terminology gives no explicit heart-directed procedure, renal recipient operation, or dialysis-related operation; not proof of absence of renal disease.",noncardiac_procedure_no_explicit_renal_exclusion
mover,ELECTROPHYSIOLOGY ABLATION OF ATRIOVENTRICULAR NODE (AVN),exclude,Explicit heart/coronary/valve/rhythm/pericardial procedure or standalone cardiac diagnostic procedure; not all entries are cardiac surgery.,heart_directed_procedure
mover,ELECTROPHYSIOLOGY ABLATION OF VENTRICULAR TACHYCARDIA (VT),exclude,Explicit heart/coronary/valve/rhythm/pericardial procedure or standalone cardiac diagnostic procedure; not all entries are cardiac surgery.,heart_directed_procedure
mover,ELECTROPHYSIOLOGY REPEAT ABLATIONS FOR ATRIAL FIBRILLATION,exclude,Explicit heart/coronary/valve/rhythm/pericardial procedure or standalone cardiac diagnostic procedure; not all entries are cardiac surgery.,heart_directed_procedure
mover,"ELECTROPHYSIOLOGY STUDY, COMPREHENSIVE, WITH PULMONARY VEIN ISOLATION FOR ATRIAL FIBRILLATION",exclude,Explicit heart/coronary/valve/rhythm/pericardial procedure or standalone cardiac diagnostic procedure; not all entries are cardiac surgery.,heart_directed_procedure
mover,"ELECTROPHYSIOLOGY STUDY, COMPREHENSIVE, WITH VENTRICULAR TACHYCARDIA INDUCTION AND TREATMENT",exclude,Explicit heart/coronary/valve/rhythm/pericardial procedure or standalone cardiac diagnostic procedure; not all entries are cardiac surgery.,heart_directed_procedure
mover,"ELECTROPHYSIOLOGY STUDY, WITH ABLATION",exclude,Explicit heart/coronary/valve/rhythm/pericardial procedure or standalone cardiac diagnostic procedure; not all entries are cardiac surgery.,heart_directed_procedure
mover,"ELECTROPHYSIOLOGY STUDY, WITH ARRHYTHMOGENIC FOCUS ABLATION, FOR ATRIAL FIBRILLATION",exclude,Explicit heart/coronary/valve/rhythm/pericardial procedure or standalone cardiac diagnostic procedure; not all entries are cardiac surgery.,heart_directed_procedure
mover,"ELECTROPHYSIOLOGY STUDY, WITH BIVENTRICULAR ICD INSERTION",exclude,Explicit heart/coronary/valve/rhythm/pericardial procedure or standalone cardiac diagnostic procedure; not all entries are cardiac surgery.,heart_directed_procedure
mover,"ELECTROPHYSIOLOGY STUDY, WITH LEFT ATRIAL RECORDING",exclude,Explicit heart/coronary/valve/rhythm/pericardial procedure or standalone cardiac diagnostic procedure; not all entries are cardiac surgery.,heart_directed_procedure
mover,"ELEVATION, DEPRESSED SKULL FRACTURE",include,"Procedure terminology gives no explicit heart-directed procedure, renal recipient operation, or dialysis-related operation; not proof of absence of renal disease.",noncardiac_procedure_no_explicit_renal_exclusion
mover,"EMBOLECTOMY, ARTERY",uncertain,Missing or nonspecific procedure/site/indication; cannot verify the common eligible surgical/procedural population.,uncertain_procedure_or_site
mover,"EMBOLECTOMY, LOWER EXTREMITY",include,"Procedure terminology gives no explicit heart-directed procedure, renal recipient operation, or dialysis-related operation; not proof of absence of renal disease.",noncardiac_procedure_no_explicit_renal_exclusion
mover,"EMBOLIZATION, BLOOD VESSEL, USING COIL",include,"Procedure terminology gives no explicit heart-directed procedure, renal recipient operation, or dialysis-related operation; not proof of absence of renal disease.",noncardiac_procedure_no_explicit_renal_exclusion
mover,"ENDARTERECTOMY, CAROTID",include,"Procedure terminology gives no explicit heart-directed procedure, renal recipient operation, or dialysis-related operation; not proof of absence of renal disease.",noncardiac_procedure_no_explicit_renal_exclusion
mover,"ENDARTERECTOMY, FEMORAL",include,"Procedure terminology gives no explicit heart-directed procedure, renal recipient operation, or dialysis-related operation; not proof of absence of renal disease.",noncardiac_procedure_no_explicit_renal_exclusion
mover,"ENDOSCOPY, NASAL",include,"Procedure terminology gives no explicit heart-directed procedure, renal recipient operation, or dialysis-related operation; not proof of absence of renal disease.",noncardiac_procedure_no_explicit_renal_exclusion
mover,ENTEROSCOPY,include,"Procedure terminology gives no explicit heart-directed procedure, renal recipient operation, or dialysis-related operation; not proof of absence of renal disease.",noncardiac_procedure_no_explicit_renal_exclusion
mover,"ENTEROSCOPY, THROUGH STOMA",include,"Procedure terminology gives no explicit heart-directed procedure, renal recipient operation, or dialysis-related operation; not proof of absence of renal disease.",noncardiac_procedure_no_explicit_renal_exclusion
mover,"ENUCLEATION, EYE",include,"Procedure terminology gives no explicit heart-directed procedure, renal recipient operation, or dialysis-related operation; not proof of absence of renal disease.",noncardiac_procedure_no_explicit_renal_exclusion
mover,"ENUCLEATION, PROSTATE, USING LASER",include,"Procedure terminology gives no explicit heart-directed procedure, renal recipient operation, or dialysis-related operation; not proof of absence of renal disease.",noncardiac_procedure_no_explicit_renal_exclusion
mover,ERCP (ENDOSCOPIC RETROGRADE CHOLANGIOPANCREATOGRAPHY),include,"Procedure terminology gives no explicit heart-directed procedure, renal recipient operation, or dialysis-related operation; not proof of absence of renal disease.",noncardiac_procedure_no_explicit_renal_exclusion
mover,ESOPHAGECTOMY,include,"Procedure terminology gives no explicit heart-directed procedure, renal recipient operation, or dialysis-related operation; not proof of absence of renal disease.",noncardiac_procedure_no_explicit_renal_exclusion
mover,"ESOPHAGECTOMY, LAPAROSCOPIC",include,"Procedure terminology gives no explicit heart-directed procedure, renal recipient operation, or dialysis-related operation; not proof of absence of renal disease.",noncardiac_procedure_no_explicit_renal_exclusion
mover,"ESOPHAGECTOMY, PARTIAL, LAPAROSCOPIC",include,"Procedure terminology gives no explicit heart-directed procedure, renal recipient operation, or dialysis-related operation; not proof of absence of renal disease.",noncardiac_procedure_no_explicit_renal_exclusion
mover,ESOPHAGOGASTRECTOMY,include,"Procedure terminology gives no explicit heart-directed procedure, renal recipient operation, or dialysis-related operation; not proof of absence of renal disease.",noncardiac_procedure_no_explicit_renal_exclusion
mover,"ESOPHAGOMYOTOMY, LAPAROSCOPIC, HELLER",include,"Procedure terminology gives no explicit heart-directed procedure, renal recipient operation, or dialysis-related operation; not proof of absence of renal disease.",noncardiac_procedure_no_explicit_renal_exclusion
mover,ESOPHAGOSCOPY,include,"Procedure terminology gives no explicit heart-directed procedure, renal recipient operation, or dialysis-related operation; not proof of absence of renal disease.",noncardiac_procedure_no_explicit_renal_exclusion
mover,"ESOPHAGOSCOPY, FLEXIBLE",include,"Procedure terminology gives no explicit heart-directed procedure, renal recipient operation, or dialysis-related operation; not proof of absence of renal disease.",noncardiac_procedure_no_explicit_renal_exclusion
mover,"ESOPHAGOSCOPY, WITH BIOPSY",include,"Procedure terminology gives no explicit heart-directed procedure, renal recipient operation, or dialysis-related operation; not proof of absence of renal disease.",noncardiac_procedure_no_explicit_renal_exclusion
mover,"ESOPHAGOSCOPY, WITH DILATION",include,"Procedure terminology gives no explicit heart-directed procedure, renal recipient operation, or dialysis-related operation; not proof of absence of renal disease.",noncardiac_procedure_no_explicit_renal_exclusion
mover,"EVACUATION, HEMATOMA, ABDOMEN",include,"Procedure terminology gives no explicit heart-directed procedure, renal recipient operation, or dialysis-related operation; not proof of absence of renal disease.",noncardiac_procedure_no_explicit_renal_exclusion
mover,"EVISCERATION, OCULAR CONTENTS",include,"Procedure terminology gives no explicit heart-directed procedure, renal recipient operation, or dialysis-related operation; not proof of absence of renal disease.",noncardiac_procedure_no_explicit_renal_exclusion
mover,EXAM UNDER ANESTHESIA,uncertain,Missing or nonspecific procedure/site/indication; cannot verify the common eligible surgical/procedural population.,uncertain_procedure_or_site
mover,"EXAM UNDER ANESTHESIA, ANORECTAL",include,"Procedure terminology gives no explicit heart-directed procedure, renal recipient operation, or dialysis-related operation; not proof of absence of renal disease.",noncardiac_procedure_no_explicit_renal_exclusion
mover,"EXAM UNDER ANESTHESIA, DRESSING CHANGE (NON-BURN)",include,"Procedure terminology gives no explicit heart-directed procedure, renal recipient operation, or dialysis-related operation; not proof of absence of renal disease.",noncardiac_procedure_no_explicit_renal_exclusion
mover,"EXAM UNDER ANESTHESIA, EYE",include,"Procedure terminology gives no explicit heart-directed procedure, renal recipient operation, or dialysis-related operation; not proof of absence of renal disease.",noncardiac_procedure_no_explicit_renal_exclusion
mover,"EXAM UNDER ANESTHESIA, GYNECOLOGIC",include,"Procedure terminology gives no explicit heart-directed procedure, renal recipient operation, or dialysis-related operation; not proof of absence of renal disease.",noncardiac_procedure_no_explicit_renal_exclusion
mover,"EXAM UNDER ANESTHESIA, RECTUM",include,"Procedure terminology gives no explicit heart-directed procedure, renal recipient operation, or dialysis-related operation; not proof of absence of renal disease.",noncardiac_procedure_no_explicit_renal_exclusion
mover,"EXAM UNDER ANESTHESIA, RECTUM, WITH SETON PLACEMENT",include,"Procedure terminology gives no explicit heart-directed procedure, renal recipient operation, or dialysis-related operation; not proof of absence of renal disease.",noncardiac_procedure_no_explicit_renal_exclusion
mover,"EXAM UNDER ANESTHESIA, VAGINA",include,"Procedure terminology gives no explicit heart-directed procedure, renal recipient operation, or dialysis-related operation; not proof of absence of renal disease.",noncardiac_procedure_no_explicit_renal_exclusion
mover,"EXAM, ENDOSCOPIC, WITH ULTRASOUND",include,"Procedure terminology gives no explicit heart-directed procedure, renal recipient operation, or dialysis-related operation; not proof of absence of renal disease.",noncardiac_procedure_no_explicit_renal_exclusion
mover,"EXCHANGE, CATHETER, WITH IMAGING GUIDANCE, FOR ABSCESS DRAINAGE",include,"Procedure terminology gives no explicit heart-directed procedure, renal recipient operation, or dialysis-related operation; not proof of absence of renal disease.",noncardiac_procedure_no_explicit_renal_exclusion
mover,EXCISION CURETTAGE BONE TIBIA OR FIBULA WITH LIGAMENT RECONSTRUCTION,include,"Procedure terminology gives no explicit heart-directed procedure, renal recipient operation, or dialysis-related operation; not proof of absence of renal disease.",noncardiac_procedure_no_explicit_renal_exclusion
mover,"EXCISION OR DESTRUCTION, LESION, INTRANASAL, INTERNAL APPROACH",include,"Procedure terminology gives no explicit heart-directed procedure, renal recipient operation, or dialysis-related operation; not proof of absence of renal disease.",noncardiac_procedure_no_explicit_renal_exclusion
mover,"EXCISION OR FULGURATION, CONDYLOMA, ANAL",include,"Procedure terminology gives no explicit heart-directed procedure, renal recipient operation, or dialysis-related operation; not proof of absence of renal disease.",noncardiac_procedure_no_explicit_renal_exclusion
mover,"EXCISION, ANEURYSM, AORTA, ASCENDING",exclude,Explicit heart/coronary/valve/rhythm/pericardial procedure or standalone cardiac diagnostic procedure; not all entries are cardiac surgery.,heart_directed_procedure
mover,"EXCISION, BLEB, LUNG, USING VATS, WITH PLEURODESIS",include,"Procedure terminology gives no explicit heart-directed procedure, renal recipient operation, or dialysis-related operation; not proof of absence of renal disease.",noncardiac_procedure_no_explicit_renal_exclusion
mover,"EXCISION, BONE SPUR",include,"Procedure terminology gives no explicit heart-directed procedure, renal recipient operation, or dialysis-related operation; not proof of absence of renal disease.",noncardiac_procedure_no_explicit_renal_exclusion
mover,"EXCISION, BRANCHIAL CLEFT CYST, EXTENDING INTO PHARYNX",include,"Procedure terminology gives no explicit heart-directed procedure, renal recipient operation, or dialysis-related operation; not proof of absence of renal disease.",noncardiac_procedure_no_explicit_renal_exclusion
mover,"EXCISION, BRANCHIAL CLEFT CYST, EXTENDING INTO SUBCUTANEOUS TISSUES",include,"Procedure terminology gives no explicit heart-directed procedure, renal recipient operation, or dialysis-related operation; not proof of absence of renal disease.",noncardiac_procedure_no_explicit_renal_exclusion
mover,"EXCISION, CALCULUS, SALIVARY GLAND",include,"Procedure terminology gives no explicit heart-directed procedure, renal recipient operation, or dialysis-related operation; not proof of absence of renal disease.",noncardiac_procedure_no_explicit_renal_exclusion
mover,"EXCISION, CALCULUS, SUBMANDIBULAR DUCT",include,"Procedure terminology gives no explicit heart-directed procedure, renal recipient operation, or dialysis-related operation; not proof of absence of renal disease.",noncardiac_procedure_no_explicit_renal_exclusion
mover,"EXCISION, CARCINOMA, SQUAMOUS CELL",uncertain,Missing or nonspecific procedure/site/indication; cannot verify the common eligible surgical/procedural population.,uncertain_procedure_or_site
mover,"EXCISION, CAROTID BODY TUMOR, WITHOUT CAROTID ARTERY EXCISION",include,"Procedure terminology gives no explicit heart-directed procedure, renal recipient operation, or dialysis-related operation; not proof of absence of renal disease.",noncardiac_procedure_no_explicit_renal_exclusion
mover,"EXCISION, CONTRACTURE, HAND, DUPUYTREN'S",include,"Procedure terminology gives no explicit heart-directed procedure, renal recipient operation, or dialysis-related operation; not proof of absence of renal disease.",noncardiac_procedure_no_explicit_renal_exclusion
mover,"EXCISION, CYST",uncertain,Missing or nonspecific procedure/site/indication; cannot verify the common eligible surgical/procedural population.,uncertain_procedure_or_site
mover,"EXCISION, CYST, BARTHOLIN'S GLAND",include,"Procedure terminology gives no explicit heart-directed procedure, renal recipient operation, or dialysis-related operation; not proof of absence of renal disease.",noncardiac_procedure_no_explicit_renal_exclusion
mover,"EXCISION, CYST, EYEBROW",include,"Procedure terminology gives no explicit heart-directed procedure, renal recipient operation, or dialysis-related operation; not proof of absence of renal disease.",noncardiac_procedure_no_explicit_renal_exclusion
mover,"EXCISION, CYST, OVARY, LAPAROSCOPIC",include,"Procedure terminology gives no explicit heart-directed procedure, renal recipient operation, or dialysis-related operation; not proof of absence of renal disease.",noncardiac_procedure_no_explicit_renal_exclusion
mover,"EXCISION, CYST, OVARY, OPEN",include,"Procedure terminology gives no explicit heart-directed procedure, renal recipient operation, or dialysis-related operation; not proof of absence of renal disease.",noncardiac_procedure_no_explicit_renal_exclusion
mover,"EXCISION, CYST, OVARY, ROBOT-ASSISTED, LAPAROSCOPIC",include,"Procedure terminology gives no explicit heart-directed procedure, renal recipient operation, or dialysis-related operation; not proof of absence of renal disease.",noncardiac_procedure_no_explicit_renal_exclusion
mover,"EXCISION, CYST, PENIS",include,"Procedure terminology gives no explicit heart-directed procedure, renal recipient operation, or dialysis-related operation; not proof of absence of renal disease.",noncardiac_procedure_no_explicit_renal_exclusion
mover,"EXCISION, CYST, VAGINA",include,"Procedure terminology gives no explicit heart-directed procedure, renal recipient operation, or dialysis-related operation; not proof of absence of renal disease.",noncardiac_procedure_no_explicit_renal_exclusion
mover,"EXCISION, DEEP SOFT TISSUE, THIGH",include,"Procedure terminology gives no explicit heart-directed procedure, renal recipient operation, or dialysis-related operation; not proof of absence of renal disease.",noncardiac_procedure_no_explicit_renal_exclusion
mover,"EXCISION, DIVERTICULUM, UPPER GI TRACT, OPEN",include,"Procedure terminology gives no explicit heart-directed procedure, renal recipient operation, or dialysis-related operation; not proof of absence of renal disease.",noncardiac_procedure_no_explicit_renal_exclusion
mover,"EXCISION, DIVERTICULUM, URETHRA",include,"Procedure terminology gives no explicit heart-directed procedure, renal recipient operation, or dialysis-related operation; not proof of absence of renal disease.",noncardiac_procedure_no_explicit_renal_exclusion
mover,"EXCISION, ECTOPIC TISSUE, BREAST",include,"Procedure terminology gives no explicit heart-directed procedure, renal recipient operation, or dialysis-related operation; not proof of absence of renal disease.",noncardiac_procedure_no_explicit_renal_exclusion
mover,"EXCISION, EXCESSIVE SKIN AND SUBCUTANEOUS TISSUE (INCLUDES LIPECTOMY); THIGH, LEG, AND/OR HIP",include,"Procedure terminology gives no explicit heart-directed procedure, renal recipient operation, or dialysis-related operation; not proof of absence of renal disease.",noncardiac_procedure_no_explicit_renal_exclusion
mover,"EXCISION, EXOSTOSIS",include,"Procedure terminology gives no explicit heart-directed procedure, renal recipient operation, or dialysis-related operation; not proof of absence of renal disease.",noncardiac_procedure_no_explicit_renal_exclusion
mover,"EXCISION, EXTERNAL EAR",include,"Procedure terminology gives no explicit heart-directed procedure, renal recipient operation, or dialysis-related operation; not proof of absence of renal disease.",noncardiac_procedure_no_explicit_renal_exclusion
mover,"EXCISION, EXTRADURAL LESION, INFRATEMPORAL FOSSA",include,"Procedure terminology gives no explicit heart-directed procedure, renal recipient operation, or dialysis-related operation; not proof of absence of renal disease.",noncardiac_procedure_no_explicit_renal_exclusion
mover,"EXCISION, GANGLION CYST",include,"Procedure terminology gives no explicit heart-directed procedure, renal recipient operation, or dialysis-related operation; not proof of absence of renal disease.",noncardiac_procedure_no_explicit_renal_exclusion
mover,"EXCISION, GANGLION CYST, HAND OR WRIST",include,"Procedure terminology gives no explicit heart-directed procedure, renal recipient operation, or dialysis-related operation; not proof of absence of renal disease.",noncardiac_procedure_no_explicit_renal_exclusion
mover,"EXCISION, HEMANGIOMA, FACE",include,"Procedure terminology gives no explicit heart-directed procedure, renal recipient operation, or dialysis-related operation; not proof of absence of renal disease.",noncardiac_procedure_no_explicit_renal_exclusion
mover,"EXCISION, HIDRADENITIS",include,"Procedure terminology gives no explicit heart-directed procedure, renal recipient operation, or dialysis-related operation; not proof of absence of renal disease.",noncardiac_procedure_no_explicit_renal_exclusion
mover,"EXCISION, INTRADURAL LESION, INFRATEMPORAL FOSSA",include,"Procedure terminology gives no explicit heart-directed procedure, renal recipient operation, or dialysis-related operation; not proof of absence of renal disease.",noncardiac_procedure_no_explicit_renal_exclusion
mover,"EXCISION, KELOID",include,"Procedure terminology gives no explicit heart-directed procedure, renal recipient operation, or dialysis-related operation; not proof of absence of renal disease.",noncardiac_procedure_no_explicit_renal_exclusion
mover,"EXCISION, LESION",uncertain,Missing or nonspecific procedure/site/indication; cannot verify the common eligible surgical/procedural population.,uncertain_procedure_or_site
mover,"EXCISION, LESION OR FOREIGN BODY, HEAD OR NECK",include,"Procedure terminology gives no explicit heart-directed procedure, renal recipient operation, or dialysis-related operation; not proof of absence of renal disease.",noncardiac_procedure_no_explicit_renal_exclusion
mover,"EXCISION, LESION OR POLYP, NOSE",include,"Procedure terminology gives no explicit heart-directed procedure, renal recipient operation, or dialysis-related operation; not proof of absence of renal disease.",noncardiac_procedure_no_explicit_renal_exclusion
mover,"EXCISION, LESION, ANTERIOR CRANIAL FOSSA BASE, EXTRADURAL",include,"Procedure terminology gives no explicit heart-directed procedure, renal recipient operation, or dialysis-related operation; not proof of absence of renal disease.",noncardiac_procedure_no_explicit_renal_exclusion
mover,"EXCISION, LESION, ANUS",include,"Procedure terminology gives no explicit heart-directed procedure, renal recipient operation, or dialysis-related operation; not proof of absence of renal disease.",noncardiac_procedure_no_explicit_renal_exclusion
mover,"EXCISION, LESION, BENIGN",uncertain,Missing or nonspecific procedure/site/indication; cannot verify the common eligible surgical/procedural population.,uncertain_procedure_or_site
mover,"EXCISION, LESION, BONE",include,"Procedure terminology gives no explicit heart-directed procedure, renal recipient operation, or dialysis-related operation; not proof of absence of renal disease.",noncardiac_procedure_no_explicit_renal_exclusion
mover,"EXCISION, LESION, CHEST WALL",include,"Procedure terminology gives no explicit heart-directed procedure, renal recipient operation, or dialysis-related operation; not proof of absence of renal disease.",noncardiac_procedure_no_explicit_renal_exclusion
mover,"EXCISION, LESION, EAR",include,"Procedure terminology gives no explicit heart-directed procedure, renal recipient operation, or dialysis-related operation; not proof of absence of renal disease.",noncardiac_procedure_no_explicit_renal_exclusion
mover,"EXCISION, LESION, EXTERNAL EAR",include,"Procedure terminology gives no explicit heart-directed procedure, renal recipient operation, or dialysis-related operation; not proof of absence of renal disease.",noncardiac_procedure_no_explicit_renal_exclusion
mover,"EXCISION, LESION, HEAD OR NECK",include,"Procedure terminology gives no explicit heart-directed procedure, renal recipient operation, or dialysis-related operation; not proof of absence of renal disease.",noncardiac_procedure_no_explicit_renal_exclusion
mover,"EXCISION, LESION, LIP",include,"Procedure terminology gives no explicit heart-directed procedure, renal recipient operation, or dialysis-related operation; not proof of absence of renal disease.",noncardiac_procedure_no_explicit_renal_exclusion
mover,"EXCISION, LESION, LOWER EXTREMITY",include,"Procedure terminology gives no explicit heart-directed procedure, renal recipient operation, or dialysis-related operation; not proof of absence of renal disease.",noncardiac_procedure_no_explicit_renal_exclusion
mover,"EXCISION, LESION, MOUTH",include,"Procedure terminology gives no explicit heart-directed procedure, renal recipient operation, or dialysis-related operation; not proof of absence of renal disease.",noncardiac_procedure_no_explicit_renal_exclusion
mover,"EXCISION, LESION, MOUTH, FLOOR",include,"Procedure terminology gives no explicit heart-directed procedure, renal recipient operation, or dialysis-related operation; not proof of absence of renal disease.",noncardiac_procedure_no_explicit_renal_exclusion
mover,"EXCISION, LESION, PENIS",include,"Procedure terminology gives no explicit heart-directed procedure, renal recipient operation, or dialysis-related operation; not proof of absence of renal disease.",noncardiac_procedure_no_explicit_renal_exclusion
mover,"EXCISION, LESION, PREAURICULAR OR POSTAURICULAR",include,"Procedure terminology gives no explicit heart-directed procedure, renal recipient operation, or dialysis-related operation; not proof of absence of renal disease.",noncardiac_procedure_no_explicit_renal_exclusion
mover,"EXCISION, LESION, SCALP",include,"Procedure terminology gives no explicit heart-directed procedure, renal recipient operation, or dialysis-related operation; not proof of absence of renal disease.",noncardiac_procedure_no_explicit_renal_exclusion
mover,"EXCISION, LESION, SKIN",include,"Procedure terminology gives no explicit heart-directed procedure, renal recipient operation, or dialysis-related operation; not proof of absence of renal disease.",noncardiac_procedure_no_explicit_renal_exclusion
mover,"EXCISION, LESION, SOFT TISSUE, LOWER LEG OR ANKLE",include,"Procedure terminology gives no explicit heart-directed procedure, renal recipient operation, or dialysis-related operation; not proof of absence of renal disease.",noncardiac_procedure_no_explicit_renal_exclusion
mover,"EXCISION, LESION, SPERMATIC CORD",include,"Procedure terminology gives no explicit heart-directed procedure, renal recipient operation, or dialysis-related operation; not proof of absence of renal disease.",noncardiac_procedure_no_explicit_renal_exclusion
mover,"EXCISION, LESION, TONGUE",include,"Procedure terminology gives no explicit heart-directed procedure, renal recipient operation, or dialysis-related operation; not proof of absence of renal disease.",noncardiac_procedure_no_explicit_renal_exclusion
mover,"EXCISION, LESION, TORSO",include,"Procedure terminology gives no explicit heart-directed procedure, renal recipient operation, or dialysis-related operation; not proof of absence of renal disease.",noncardiac_procedure_no_explicit_renal_exclusion
mover,"EXCISION, LESION, UPPER EXTREMITY",include,"Procedure terminology gives no explicit heart-directed procedure, renal recipient operation, or dialysis-related operation; not proof of absence of renal disease.",noncardiac_procedure_no_explicit_renal_exclusion
mover,"EXCISION, LESION, VAGINA",include,"Procedure terminology gives no explicit heart-directed procedure, renal recipient operation, or dialysis-related operation; not proof of absence of renal disease.",noncardiac_procedure_no_explicit_renal_exclusion
mover,"EXCISION, LESION, VOCAL CORD",include,"Procedure terminology gives no explicit heart-directed procedure, renal recipient operation, or dialysis-related operation; not proof of absence of renal disease.",noncardiac_procedure_no_explicit_renal_exclusion
mover,"EXCISION, LESION, VULVA",include,"Procedure terminology gives no explicit heart-directed procedure, renal recipient operation, or dialysis-related operation; not proof of absence of renal disease.",noncardiac_procedure_no_explicit_renal_exclusion
mover,"EXCISION, LIPOMA",include,"Procedure terminology gives no explicit heart-directed procedure, renal recipient operation, or dialysis-related operation; not proof of absence of renal disease.",noncardiac_procedure_no_explicit_renal_exclusion
mover,"EXCISION, LIVER",include,"Procedure terminology gives no explicit heart-directed procedure, renal recipient operation, or dialysis-related operation; not proof of absence of renal disease.",noncardiac_procedure_no_explicit_renal_exclusion
mover,"EXCISION, LIVER, LAPAROSCOPIC",include,"Procedure terminology gives no explicit heart-directed procedure, renal recipient operation, or dialysis-related operation; not proof of absence of renal disease.",noncardiac_procedure_no_explicit_renal_exclusion
mover,"EXCISION, LYMPH NODE",include,"Procedure terminology gives no explicit heart-directed procedure, renal recipient operation, or dialysis-related operation; not proof of absence of renal disease.",noncardiac_procedure_no_explicit_renal_exclusion
mover,"EXCISION, LYMPH NODE, CERVICAL",include,"Procedure terminology gives no explicit heart-directed procedure, renal recipient operation, or dialysis-related operation; not proof of absence of renal disease.",noncardiac_procedure_no_explicit_renal_exclusion
mover,"EXCISION, MANDIBLE",include,"Procedure terminology gives no explicit heart-directed procedure, renal recipient operation, or dialysis-related operation; not proof of absence of renal disease.",noncardiac_procedure_no_explicit_renal_exclusion
mover,"EXCISION, MASS",uncertain,Missing or nonspecific procedure/site/indication; cannot verify the common eligible surgical/procedural population.,uncertain_procedure_or_site
mover,"EXCISION, MASS, ABDOMINAL WALL",include,"Procedure terminology gives no explicit heart-directed procedure, renal recipient operation, or dialysis-related operation; not proof of absence of renal disease.",noncardiac_procedure_no_explicit_renal_exclusion
mover,"EXCISION, MASS, HAND",include,"Procedure terminology gives no explicit heart-directed procedure, renal recipient operation, or dialysis-related operation; not proof of absence of renal disease.",noncardiac_procedure_no_explicit_renal_exclusion
mover,"EXCISION, MASS, HIP",include,"Procedure terminology gives no explicit heart-directed procedure, renal recipient operation, or dialysis-related operation; not proof of absence of renal disease.",noncardiac_procedure_no_explicit_renal_exclusion
mover,"EXCISION, MASS, LOWER EXTREMITY",include,"Procedure terminology gives no explicit heart-directed procedure, renal recipient operation, or dialysis-related operation; not proof of absence of renal disease.",noncardiac_procedure_no_explicit_renal_exclusion
mover,"EXCISION, MASS, NECK",include,"Procedure terminology gives no explicit heart-directed procedure, renal recipient operation, or dialysis-related operation; not proof of absence of renal disease.",noncardiac_procedure_no_explicit_renal_exclusion
mover,"EXCISION, MASS, PARAPHARYNGEAL",include,"Procedure terminology gives no explicit heart-directed procedure, renal recipient operation, or dialysis-related operation; not proof of absence of renal disease.",noncardiac_procedure_no_explicit_renal_exclusion
mover,"EXCISION, MASS, SHOULDER",include,"Procedure terminology gives no explicit heart-directed procedure, renal recipient operation, or dialysis-related operation; not proof of absence of renal disease.",noncardiac_procedure_no_explicit_renal_exclusion
mover,"EXCISION, MASS, UPPER EXTREMITY",include,"Procedure terminology gives no explicit heart-directed procedure, renal recipient operation, or dialysis-related operation; not proof of absence of renal disease.",noncardiac_procedure_no_explicit_renal_exclusion
mover,"EXCISION, MELANOMA, MALIGNANT",include,"Procedure terminology gives no explicit heart-directed procedure, renal recipient operation, or dialysis-related operation; not proof of absence of renal disease.",noncardiac_procedure_no_explicit_renal_exclusion
mover,"EXCISION, MESH, VAGINA",include,"Procedure terminology gives no explicit heart-directed procedure, renal recipient operation, or dialysis-related operation; not proof of absence of renal disease.",noncardiac_procedure_no_explicit_renal_exclusion
mover,"EXCISION, MYXOMA",uncertain,Missing or nonspecific procedure/site/indication; cannot verify the common eligible surgical/procedural population.,uncertain_procedure_or_site
mover,"EXCISION, NEOPLASM",uncertain,Missing or nonspecific procedure/site/indication; cannot verify the common eligible surgical/procedural population.,uncertain_procedure_or_site
mover,"EXCISION, NEOPLASM, ABDOMINAL WALL",include,"Procedure terminology gives no explicit heart-directed procedure, renal recipient operation, or dialysis-related operation; not proof of absence of renal disease.",noncardiac_procedure_no_explicit_renal_exclusion
mover,"EXCISION, NEOPLASM, FACE, RADICAL",include,"Procedure terminology gives no explicit heart-directed procedure, renal recipient operation, or dialysis-related operation; not proof of absence of renal disease.",noncardiac_procedure_no_explicit_renal_exclusion
mover,"EXCISION, NEOPLASM, FACIAL BONE, WITH REPAIR USING BONE GRAFT",include,"Procedure terminology gives no explicit heart-directed procedure, renal recipient operation, or dialysis-related operation; not proof of absence of renal disease.",noncardiac_procedure_no_explicit_renal_exclusion
mover,"EXCISION, NEOPLASM, FINGER",include,"Procedure terminology gives no explicit heart-directed procedure, renal recipient operation, or dialysis-related operation; not proof of absence of renal disease.",noncardiac_procedure_no_explicit_renal_exclusion
mover,"EXCISION, NEOPLASM, INTRA-ABDOMINAL",include,"Procedure terminology gives no explicit heart-directed procedure, renal recipient operation, or dialysis-related operation; not proof of absence of renal disease.",noncardiac_procedure_no_explicit_renal_exclusion
mover,"EXCISION, NEOPLASM, METATARSAL BONE, RADICAL",include,"Procedure terminology gives no explicit heart-directed procedure, renal recipient operation, or dialysis-related operation; not proof of absence of renal disease.",noncardiac_procedure_no_explicit_renal_exclusion
mover,"EXCISION, NEOPLASM, PARAPHARYNGEAL",include,"Procedure terminology gives no explicit heart-directed procedure, renal recipient operation, or dialysis-related operation; not proof of absence of renal disease.",noncardiac_procedure_no_explicit_renal_exclusion
mover,"EXCISION, NEOPLASM, PAROTID GLAND",include,"Procedure terminology gives no explicit heart-directed procedure, renal recipient operation, or dialysis-related operation; not proof of absence of renal disease.",noncardiac_procedure_no_explicit_renal_exclusion
mover,"EXCISION, NEOPLASM, PITUITARY, CRANIOTOMY OR TRANSSPHENOIDAL APPROACH",include,"Procedure terminology gives no explicit heart-directed procedure, renal recipient operation, or dialysis-related operation; not proof of absence of renal disease.",noncardiac_procedure_no_explicit_renal_exclusion
mover,"EXCISION, NEOPLASM, PITUITARY, TRANSSPHENOIDAL APPROACH",include,"Procedure terminology gives no explicit heart-directed procedure, renal recipient operation, or dialysis-related operation; not proof of absence of renal disease.",noncardiac_procedure_no_explicit_renal_exclusion
mover,"EXCISION, NEOPLASM, RECTUM, TRANSANAL APPROACH",include,"Procedure terminology gives no explicit heart-directed procedure, renal recipient operation, or dialysis-related operation; not proof of absence of renal disease.",noncardiac_procedure_no_explicit_renal_exclusion
mover,"EXCISION, NEOPLASM, RETROPERITONEUM",include,"Procedure terminology gives no explicit heart-directed procedure, renal recipient operation, or dialysis-related operation; not proof of absence of renal disease.",noncardiac_procedure_no_explicit_renal_exclusion
mover,"EXCISION, NEOPLASM, SCALP, RADICAL",include,"Procedure terminology gives no explicit heart-directed procedure, renal recipient operation, or dialysis-related operation; not proof of absence of renal disease.",noncardiac_procedure_no_explicit_renal_exclusion
mover,"EXCISION, NEOPLASM, SOFT TISSUE, BACK OR FLANK, RADICAL",include,"Procedure terminology gives no explicit heart-directed procedure, renal recipient operation, or dialysis-related operation; not proof of absence of renal disease.",noncardiac_procedure_no_explicit_renal_exclusion
mover,"EXCISION, NEOPLASM, SOFT TISSUE, FOREARM OR WRIST, RADICAL",include,"Procedure terminology gives no explicit heart-directed procedure, renal recipient operation, or dialysis-related operation; not proof of absence of renal disease.",noncardiac_procedure_no_explicit_renal_exclusion
mover,"EXCISION, NEOPLASM, SUBCUTANEOUS SOFT TISSUE",include,"Procedure terminology gives no explicit heart-directed procedure, renal recipient operation, or dialysis-related operation; not proof of absence of renal disease.",noncardiac_procedure_no_explicit_renal_exclusion
mover,"EXCISION, NEOPLASM, SUBFASCIAL OR INTRAMUSCULAR, FOREARM OR WRIST",include,"Procedure terminology gives no explicit heart-directed procedure, renal recipient operation, or dialysis-related operation; not proof of absence of renal disease.",noncardiac_procedure_no_explicit_renal_exclusion
mover,"EXCISION, NEOPLASM, THIGH",include,"Procedure terminology gives no explicit heart-directed procedure, renal recipient operation, or dialysis-related operation; not proof of absence of renal disease.",noncardiac_procedure_no_explicit_renal_exclusion
mover,"EXCISION, NEUROMA",include,"Procedure terminology gives no explicit heart-directed procedure, renal recipient operation, or dialysis-related operation; not proof of absence of renal disease.",noncardiac_procedure_no_explicit_renal_exclusion
mover,"EXCISION, PAROTID GLAND",include,"Procedure terminology gives no explicit heart-directed procedure, renal recipient operation, or dialysis-related operation; not proof of absence of renal disease.",noncardiac_procedure_no_explicit_renal_exclusion
mover,"EXCISION, PILONIDAL CYST",include,"Procedure terminology gives no explicit heart-directed procedure, renal recipient operation, or dialysis-related operation; not proof of absence of renal disease.",noncardiac_procedure_no_explicit_renal_exclusion
mover,"EXCISION, PITUITARY, TRANSSPHENOIDAL APPROACH",include,"Procedure terminology gives no explicit heart-directed procedure, renal recipient operation, or dialysis-related operation; not proof of absence of renal disease.",noncardiac_procedure_no_explicit_renal_exclusion
mover,"EXCISION, PRESSURE ULCER, ISCHIUM, WITH MUSCLE FLAP CLOSURE",include,"Procedure terminology gives no explicit heart-directed procedure, renal recipient operation, or dialysis-related operation; not proof of absence of renal disease.",noncardiac_procedure_no_explicit_renal_exclusion
mover,"EXCISION, PRESSURE ULCER, ISCHIUM, WITH PRIMARY CLOSURE",include,"Procedure terminology gives no explicit heart-directed procedure, renal recipient operation, or dialysis-related operation; not proof of absence of renal disease.",noncardiac_procedure_no_explicit_renal_exclusion
mover,"EXCISION, PRESSURE ULCER, SACRUM, WITH MUSCLE FLAP CLOSURE",include,"Procedure terminology gives no explicit heart-directed procedure, renal recipient operation, or dialysis-related operation; not proof of absence of renal disease.",noncardiac_procedure_no_explicit_renal_exclusion
mover,"EXCISION, PRESSURE ULCER, WITH FLAP COVERAGE",include,"Procedure terminology gives no explicit heart-directed procedure, renal recipient operation, or dialysis-related operation; not proof of absence of renal disease.",noncardiac_procedure_no_explicit_renal_exclusion
mover,"EXCISION, RIB, FIRST",include,"Procedure terminology gives no explicit heart-directed procedure, renal recipient operation, or dialysis-related operation; not proof of absence of renal disease.",noncardiac_procedure_no_explicit_renal_exclusion
mover,"EXCISION, SALIVARY GLAND",include,"Procedure terminology gives no explicit heart-directed procedure, renal recipient operation, or dialysis-related operation; not proof of absence of renal disease.",noncardiac_procedure_no_explicit_renal_exclusion
mover,"EXCISION, SCAR",include,"Procedure terminology gives no explicit heart-directed procedure, renal recipient operation, or dialysis-related operation; not proof of absence of renal disease.",noncardiac_procedure_no_explicit_renal_exclusion
mover,"EXCISION, SKIN, FOR GRAFT",include,"Procedure terminology gives no explicit heart-directed procedure, renal recipient operation, or dialysis-related operation; not proof of absence of renal disease.",noncardiac_procedure_no_explicit_renal_exclusion
mover,"EXCISION, SOFT TISSUE",uncertain,Missing or nonspecific procedure/site/indication; cannot verify the common eligible surgical/procedural population.,uncertain_procedure_or_site
mover,"EXCISION, SOFT TISSUE, BACK",include,"Procedure terminology gives no explicit heart-directed procedure, renal recipient operation, or dialysis-related operation; not proof of absence of renal disease.",noncardiac_procedure_no_explicit_renal_exclusion
mover,"EXCISION, SUBCUTANEOUS SOFT TISSUE, KNEE",include,"Procedure terminology gives no explicit heart-directed procedure, renal recipient operation, or dialysis-related operation; not proof of absence of renal disease.",noncardiac_procedure_no_explicit_renal_exclusion
mover,"EXCISION, SUBCUTANEOUS SOFT TISSUE, WRIST",include,"Procedure terminology gives no explicit heart-directed procedure, renal recipient operation, or dialysis-related operation; not proof of absence of renal disease.",noncardiac_procedure_no_explicit_renal_exclusion
mover,"EXCISION, SUBMANDIBULAR GLAND",include,"Procedure terminology gives no explicit heart-directed procedure, renal recipient operation, or dialysis-related operation; not proof of absence of renal disease.",noncardiac_procedure_no_explicit_renal_exclusion
mover,"EXCISION, TENDON",include,"Procedure terminology gives no explicit heart-directed procedure, renal recipient operation, or dialysis-related operation; not proof of absence of renal disease.",noncardiac_procedure_no_explicit_renal_exclusion
mover,"EXCISION, THYROGLOSSAL DUCT CYST",include,"Procedure terminology gives no explicit heart-directed procedure, renal recipient operation, or dialysis-related operation; not proof of absence of renal disease.",noncardiac_procedure_no_explicit_renal_exclusion
mover,"EXCISION, TIBIA, PARTIAL",include,"Procedure terminology gives no explicit heart-directed procedure, renal recipient operation, or dialysis-related operation; not proof of absence of renal disease.",noncardiac_procedure_no_explicit_renal_exclusion
mover,"EXCISION, TONSIL, LINGUAL",include,"Procedure terminology gives no explicit heart-directed procedure, renal recipient operation, or dialysis-related operation; not proof of absence of renal disease.",noncardiac_procedure_no_explicit_renal_exclusion
mover,"EXCISION, TRACHEA, CERVICAL APPROACH",include,"Procedure terminology gives no explicit heart-directed procedure, renal recipient operation, or dialysis-related operation; not proof of absence of renal disease.",noncardiac_procedure_no_explicit_renal_exclusion
mover,"EXCISION, TRACHEA, TRANSTHORACIC APPROACH",include,"Procedure terminology gives no explicit heart-directed procedure, renal recipient operation, or dialysis-related operation; not proof of absence of renal disease.",noncardiac_procedure_no_explicit_renal_exclusion
mover,"EXCISION, URETEROCELE",include,"Procedure terminology gives no explicit heart-directed procedure, renal recipient operation, or dialysis-related operation; not proof of absence of renal disease.",noncardiac_procedure_no_explicit_renal_exclusion
mover,"EXCISION, VARICOCELE",include,"Procedure terminology gives no explicit heart-directed procedure, renal recipient operation, or dialysis-related operation; not proof of absence of renal disease.",noncardiac_procedure_no_explicit_renal_exclusion
mover,EXCISIONAL BIOPSY,uncertain,Missing or nonspecific procedure/site/indication; cannot verify the common eligible surgical/procedural population.,uncertain_procedure_or_site
mover,"EXCISIONAL BIOPSY, BREAST",include,"Procedure terminology gives no explicit heart-directed procedure, renal recipient operation, or dialysis-related operation; not proof of absence of renal disease.",noncardiac_procedure_no_explicit_renal_exclusion
mover,"EXCISIONAL BIOPSY, BREAST, BY NEEDLE LOCALIZATION",include,"Procedure terminology gives no explicit heart-directed procedure, renal recipient operation, or dialysis-related operation; not proof of absence of renal disease.",noncardiac_procedure_no_explicit_renal_exclusion
mover,"EXENTERATION, ORBIT",include,"Procedure terminology gives no explicit heart-directed procedure, renal recipient operation, or dialysis-related operation; not proof of absence of renal disease.",noncardiac_procedure_no_explicit_renal_exclusion
mover,"EXENTERATION, PELVIS",include,"Procedure terminology gives no explicit heart-directed procedure, renal recipient operation, or dialysis-related operation; not proof of absence of renal disease.",noncardiac_procedure_no_explicit_renal_exclusion
mover,"EXPLORATION, ABDOMINAL WALL",include,"Procedure terminology gives no explicit heart-directed procedure, renal recipient operation, or dialysis-related operation; not proof of absence of renal disease.",noncardiac_procedure_no_explicit_renal_exclusion
mover,"EXPLORATION, ARTERY",uncertain,Missing or nonspecific procedure/site/indication; cannot verify the common eligible surgical/procedural population.,uncertain_procedure_or_site
mover,"EXPLORATION, CHEST",uncertain,Thoracic/sternal/aortic/lead/extracorporeal-support term does not identify a clearly eligible noncardiac procedure; no assumption of confirmed cardiac surgery.,uncertain_cardiothoracic_scope
mover,"EXPLORATION, LOWER EXTREMITY",include,"Procedure terminology gives no explicit heart-directed procedure, renal recipient operation, or dialysis-related operation; not proof of absence of renal disease.",noncardiac_procedure_no_explicit_renal_exclusion
mover,"EXPLORATION, NECK",include,"Procedure terminology gives no explicit heart-directed procedure, renal recipient operation, or dialysis-related operation; not proof of absence of renal disease.",noncardiac_procedure_no_explicit_renal_exclusion
mover,"EXPLORATION, NECK, WITH PARATHYROIDECTOMY",include,"Procedure terminology gives no explicit heart-directed procedure, renal recipient operation, or dialysis-related operation; not proof of absence of renal disease.",noncardiac_procedure_no_explicit_renal_exclusion
mover,"EXPLORATION, NERVE",include,"Procedure terminology gives no explicit heart-directed procedure, renal recipient operation, or dialysis-related operation; not proof of absence of renal disease.",noncardiac_procedure_no_explicit_renal_exclusion
mover,"EXPLORATION, ORBITAL FLOOR",include,"Procedure terminology gives no explicit heart-directed procedure, renal recipient operation, or dialysis-related operation; not proof of absence of renal disease.",noncardiac_procedure_no_explicit_renal_exclusion
mover,"EXPLORATION, PENIS",include,"Procedure terminology gives no explicit heart-directed procedure, renal recipient operation, or dialysis-related operation; not proof of absence of renal disease.",noncardiac_procedure_no_explicit_renal_exclusion
mover,"EXPLORATION, SCROTUM",include,"Procedure terminology gives no explicit heart-directed procedure, renal recipient operation, or dialysis-related operation; not proof of absence of renal disease.",noncardiac_procedure_no_explicit_renal_exclusion
mover,"EXPLORATION, UPPER EXTREMITY",include,"Procedure terminology gives no explicit heart-directed procedure, renal recipient operation, or dialysis-related operation; not proof of absence of renal disease.",noncardiac_procedure_no_explicit_renal_exclusion
mover,"EXPLORATION, WITH NERVE REPAIR OF HAND OR WRIST",include,"Procedure terminology gives no explicit heart-directed procedure, renal recipient operation, or dialysis-related operation; not proof of absence of renal disease.",noncardiac_procedure_no_explicit_renal_exclusion
mover,"EXPLORATION, WOUND",uncertain,Missing or nonspecific procedure/site/indication; cannot verify the common eligible surgical/procedural population.,uncertain_procedure_or_site
mover,"EXPLORATION, WOUND, PENETRATING",uncertain,Missing or nonspecific procedure/site/indication; cannot verify the common eligible surgical/procedural population.,uncertain_procedure_or_site
mover,"EXTERNAL FIXATION, ANKLE",include,"Procedure terminology gives no explicit heart-directed procedure, renal recipient operation, or dialysis-related operation; not proof of absence of renal disease.",noncardiac_procedure_no_explicit_renal_exclusion
mover,"EXTERNAL FIXATION, FEMUR",include,"Procedure terminology gives no explicit heart-directed procedure, renal recipient operation, or dialysis-related operation; not proof of absence of renal disease.",noncardiac_procedure_no_explicit_renal_exclusion
mover,"EXTERNAL FIXATION, FRACTURE, TIBIA AND FIBULA",include,"Procedure terminology gives no explicit heart-directed procedure, renal recipient operation, or dialysis-related operation; not proof of absence of renal disease.",noncardiac_procedure_no_explicit_renal_exclusion
mover,"EXTERNAL FIXATION, TIBIA",include,"Procedure terminology gives no explicit heart-directed procedure, renal recipient operation, or dialysis-related operation; not proof of absence of renal disease.",noncardiac_procedure_no_explicit_renal_exclusion
mover,"EXTERNAL FIXATION, UPPER EXTREMITY",include,"Procedure terminology gives no explicit heart-directed procedure, renal recipient operation, or dialysis-related operation; not proof of absence of renal disease.",noncardiac_procedure_no_explicit_renal_exclusion
mover,EXTRACORPOREAL SHOCKWAVE LITHOTRIPSY (ESWL),include,"Procedure terminology gives no explicit heart-directed procedure, renal recipient operation, or dialysis-related operation; not proof of absence of renal disease.",noncardiac_procedure_no_explicit_renal_exclusion
mover,"EXTRACTION, CATARACT",include,"Procedure terminology gives no explicit heart-directed procedure, renal recipient operation, or dialysis-related operation; not proof of absence of renal disease.",noncardiac_procedure_no_explicit_renal_exclusion
mover,"EXTRACTION, CATARACT, EXTRACAPSULAR, WITH IOL INSERTION",include,"Procedure terminology gives no explicit heart-directed procedure, renal recipient operation, or dialysis-related operation; not proof of absence of renal disease.",noncardiac_procedure_no_explicit_renal_exclusion
mover,"EXTRACTION, CATARACT, WITH INTRAOCULAR LENS INSERTION AND ANTERIOR VITRECTOMY",include,"Procedure terminology gives no explicit heart-directed procedure, renal recipient operation, or dialysis-related operation; not proof of absence of renal disease.",noncardiac_procedure_no_explicit_renal_exclusion
mover,"EXTRACTION, CATARACT, WITH IOL AND GLAUCOMA IMPLANT INSERTION",include,"Procedure terminology gives no explicit heart-directed procedure, renal recipient operation, or dialysis-related operation; not proof of absence of renal disease.",noncardiac_procedure_no_explicit_renal_exclusion
mover,"EXTRACTION, CATARACT, WITH IOL INSERTION",include,"Procedure terminology gives no explicit heart-directed procedure, renal recipient operation, or dialysis-related operation; not proof of absence of renal disease.",noncardiac_procedure_no_explicit_renal_exclusion
mover,"EXTRACTION, ELECTRODE LEAD, USING LASER",uncertain,Thoracic/sternal/aortic/lead/extracorporeal-support term does not identify a clearly eligible noncardiac procedure; no assumption of confirmed cardiac surgery.,uncertain_cardiothoracic_scope
mover,"EXTRACTION, TOOTH, ONE OR MORE",include,"Procedure terminology gives no explicit heart-directed procedure, renal recipient operation, or dialysis-related operation; not proof of absence of renal disease.",noncardiac_procedure_no_explicit_renal_exclusion
mover,"FACELIFT, WITH BROWLIFT",include,"Procedure terminology gives no explicit heart-directed procedure, renal recipient operation, or dialysis-related operation; not proof of absence of renal disease.",noncardiac_procedure_no_explicit_renal_exclusion
mover,"FASCIECTOMY, HAND",include,"Procedure terminology gives no explicit heart-directed procedure, renal recipient operation, or dialysis-related operation; not proof of absence of renal disease.",noncardiac_procedure_no_explicit_renal_exclusion
mover,FASCIOTOMY,include,"Procedure terminology gives no explicit heart-directed procedure, renal recipient operation, or dialysis-related operation; not proof of absence of renal disease.",noncardiac_procedure_no_explicit_renal_exclusion
mover,"FASCIOTOMY, EXTREMITY, 1 EXTREMITY, 2 COMPARTMENTS",include,"Procedure terminology gives no explicit heart-directed procedure, renal recipient operation, or dialysis-related operation; not proof of absence of renal disease.",noncardiac_procedure_no_explicit_renal_exclusion
mover,FESS (FUNCTIONAL ENDOSCOPIC SINUS SURGERY),include,"Procedure terminology gives no explicit heart-directed procedure, renal recipient operation, or dialysis-related operation; not proof of absence of renal disease.",noncardiac_procedure_no_explicit_renal_exclusion
mover,"FESS, WITH BIOPSY",include,"Procedure terminology gives no explicit heart-directed procedure, renal recipient operation, or dialysis-related operation; not proof of absence of renal disease.",noncardiac_procedure_no_explicit_renal_exclusion
mover,"FISTULECTOMY, ANAL",include,"Procedure terminology gives no explicit heart-directed procedure, renal recipient operation, or dialysis-related operation; not proof of absence of renal disease.",noncardiac_procedure_no_explicit_renal_exclusion
mover,FISTULOGRAM,uncertain,AV access/fistulogram or alternate dialysis versus central venous catheter title does not establish dialysis indication; exclude from main cohort for unresolved procedure classification.,uncertain_access_indication
mover,"FISTULOGRAM, WITH PTA",uncertain,AV access/fistulogram or alternate dialysis versus central venous catheter title does not establish dialysis indication; exclude from main cohort for unresolved procedure classification.,uncertain_access_indication
mover,"FIXATION, FRACTURE, ODONTOID, ANTERIOR APPROACH",include,"Procedure terminology gives no explicit heart-directed procedure, renal recipient operation, or dialysis-related operation; not proof of absence of renal disease.",noncardiac_procedure_no_explicit_renal_exclusion
mover,"FIXATION, RIB, USING PLATE",include,"Procedure terminology gives no explicit heart-directed procedure, renal recipient operation, or dialysis-related operation; not proof of absence of renal disease.",noncardiac_procedure_no_explicit_renal_exclusion
mover,"FLAP MUSCLE, MYOCUTANEOUS OR FASCIOCUTANEOUS; HEAD/NECK, TRUNK, OR UPPER EXT",include,"Procedure terminology gives no explicit heart-directed procedure, renal recipient operation, or dialysis-related operation; not proof of absence of renal disease.",noncardiac_procedure_no_explicit_renal_exclusion
mover,"FLAP, MUSCLE, LOWER EXTREMITY",include,"Procedure terminology gives no explicit heart-directed procedure, renal recipient operation, or dialysis-related operation; not proof of absence of renal disease.",noncardiac_procedure_no_explicit_renal_exclusion
mover,"FLAP, MUSCLE, UPPER EXTREMITY",include,"Procedure terminology gives no explicit heart-directed procedure, renal recipient operation, or dialysis-related operation; not proof of absence of renal disease.",noncardiac_procedure_no_explicit_renal_exclusion
mover,FOOT AND ANKLE - MASS OR FOREIGN BODY EXCISION,include,"Procedure terminology gives no explicit heart-directed procedure, renal recipient operation, or dialysis-related operation; not proof of absence of renal disease.",noncardiac_procedure_no_explicit_renal_exclusion
mover,"FORAMINOTOMY, SPINE, CERVICAL",include,"Procedure terminology gives no explicit heart-directed procedure, renal recipient operation, or dialysis-related operation; not proof of absence of renal disease.",noncardiac_procedure_no_explicit_renal_exclusion
mover,"FORAMINOTOMY, SPINE, LUMBAR",include,"Procedure terminology gives no explicit heart-directed procedure, renal recipient operation, or dialysis-related operation; not proof of absence of renal disease.",noncardiac_procedure_no_explicit_renal_exclusion
mover,"FREE FLAP,  WITH MICROVASCULAR ANASTOMOSIS",include,"Procedure terminology gives no explicit heart-directed procedure, renal recipient operation, or dialysis-related operation; not proof of absence of renal disease.",noncardiac_procedure_no_explicit_renal_exclusion
mover,"FREE FLAP, LATERAL THIGH, WITH MICROVASCULAR ANASTOMOSIS",include,"Procedure terminology gives no explicit heart-directed procedure, renal recipient operation, or dialysis-related operation; not proof of absence of renal disease.",noncardiac_procedure_no_explicit_renal_exclusion
mover,"FREE FLAP, LOWER EXTREMITY, WITH MICROVASCULAR ANASTOMOSIS",include,"Procedure terminology gives no explicit heart-directed procedure, renal recipient operation, or dialysis-related operation; not proof of absence of renal disease.",noncardiac_procedure_no_explicit_renal_exclusion
mover,"FREE FLAP, RADIAL, FASCIOCUTANEOUS, WITH MICROVASC ANASTOMOSIS",include,"Procedure terminology gives no explicit heart-directed procedure, renal recipient operation, or dialysis-related operation; not proof of absence of renal disease.",noncardiac_procedure_no_explicit_renal_exclusion
mover,"FREE FLAP, WITH MICROVASCULAR ANASTOMOSIS",include,"Procedure terminology gives no explicit heart-directed procedure, renal recipient operation, or dialysis-related operation; not proof of absence of renal disease.",noncardiac_procedure_no_explicit_renal_exclusion
mover,"FUNDOPLICATION, LAPAROSCOPIC",include,"Procedure terminology gives no explicit heart-directed procedure, renal recipient operation, or dialysis-related operation; not proof of absence of renal disease.",noncardiac_procedure_no_explicit_renal_exclusion
mover,"FUNDOPLICATION, LAPAROSCOPIC, NISSEN, FOR HIATAL HERNIA",include,"Procedure terminology gives no explicit heart-directed procedure, renal recipient operation, or dialysis-related operation; not proof of absence of renal disease.",noncardiac_procedure_no_explicit_renal_exclusion
mover,"FUNDOPLICATION, NISSEN, LAPAROSCOPIC",include,"Procedure terminology gives no explicit heart-directed procedure, renal recipient operation, or dialysis-related operation; not proof of absence of renal disease.",noncardiac_procedure_no_explicit_renal_exclusion
mover,"FUSION, FOOT",include,"Procedure terminology gives no explicit heart-directed procedure, renal recipient operation, or dialysis-related operation; not proof of absence of renal disease.",noncardiac_procedure_no_explicit_renal_exclusion
mover,"FUSION, JOINT, ANKLE",include,"Procedure terminology gives no explicit heart-directed procedure, renal recipient operation, or dialysis-related operation; not proof of absence of renal disease.",noncardiac_procedure_no_explicit_renal_exclusion
mover,"FUSION, JOINT, HAND",include,"Procedure terminology gives no explicit heart-directed procedure, renal recipient operation, or dialysis-related operation; not proof of absence of renal disease.",noncardiac_procedure_no_explicit_renal_exclusion
mover,"FUSION, JOINT, HINDFOOT, TRIPLE",include,"Procedure terminology gives no explicit heart-directed procedure, renal recipient operation, or dialysis-related operation; not proof of absence of renal disease.",noncardiac_procedure_no_explicit_renal_exclusion
mover,"FUSION, JOINT, OCCIPUT TO CERVICAL SPINE",include,"Procedure terminology gives no explicit heart-directed procedure, renal recipient operation, or dialysis-related operation; not proof of absence of renal disease.",noncardiac_procedure_no_explicit_renal_exclusion
mover,"FUSION, JOINT, TARSOMETATARSAL",include,"Procedure terminology gives no explicit heart-directed procedure, renal recipient operation, or dialysis-related operation; not proof of absence of renal disease.",noncardiac_procedure_no_explicit_renal_exclusion
mover,"FUSION, JOINT, WRIST",include,"Procedure terminology gives no explicit heart-directed procedure, renal recipient operation, or dialysis-related operation; not proof of absence of renal disease.",noncardiac_procedure_no_explicit_renal_exclusion
mover,"FUSION, KNEE, USING ALLOGRAFT",include,"Procedure terminology gives no explicit heart-directed procedure, renal recipient operation, or dialysis-related operation; not proof of absence of renal disease.",noncardiac_procedure_no_explicit_renal_exclusion
mover,"FUSION, MTP JOINT",include,"Procedure terminology gives no explicit heart-directed procedure, renal recipient operation, or dialysis-related operation; not proof of absence of renal disease.",noncardiac_procedure_no_explicit_renal_exclusion
mover,"FUSION, SACROILIAC JOINT, MINIMALLY INVASIVE OR PERCUTANEOUS",include,"Procedure terminology gives no explicit heart-directed procedure, renal recipient operation, or dialysis-related operation; not proof of absence of renal disease.",noncardiac_procedure_no_explicit_renal_exclusion
mover,"FUSION, SPINE, ANTERIOR ABDOMINAL APPROACH",include,"Procedure terminology gives no explicit heart-directed procedure, renal recipient operation, or dialysis-related operation; not proof of absence of renal disease.",noncardiac_procedure_no_explicit_renal_exclusion
mover,"FUSION, SPINE, ANTERIOR SPINAL COLUMN, 2 LEVELS, ANTERIOR APPROACH, WITH INTERBODY SPINAL FUSION",include,"Procedure terminology gives no explicit heart-directed procedure, renal recipient operation, or dialysis-related operation; not proof of absence of renal disease.",noncardiac_procedure_no_explicit_renal_exclusion
mover,"FUSION, SPINE, CERVICAL, ANTERIOR APPROACH",include,"Procedure terminology gives no explicit heart-directed procedure, renal recipient operation, or dialysis-related operation; not proof of absence of renal disease.",noncardiac_procedure_no_explicit_renal_exclusion
mover,"FUSION, SPINE, CERVICAL, POSTERIOR APPROACH",include,"Procedure terminology gives no explicit heart-directed procedure, renal recipient operation, or dialysis-related operation; not proof of absence of renal disease.",noncardiac_procedure_no_explicit_renal_exclusion
mover,"FUSION, SPINE, LUMBAR AND LUMBOSACRAL, ANTERIOR APPROACH",include,"Procedure terminology gives no explicit heart-directed procedure, renal recipient operation, or dialysis-related operation; not proof of absence of renal disease.",noncardiac_procedure_no_explicit_renal_exclusion
mover,"FUSION, SPINE, LUMBAR AND LUMBOSACRAL, USING POSTERIOR TECHNIQUE",include,"Procedure terminology gives no explicit heart-directed procedure, renal recipient operation, or dialysis-related operation; not proof of absence of renal disease.",noncardiac_procedure_no_explicit_renal_exclusion
mover,"FUSION, SPINE, LUMBAR, ANTERIOR APPROACH",include,"Procedure terminology gives no explicit heart-directed procedure, renal recipient operation, or dialysis-related operation; not proof of absence of renal disease.",noncardiac_procedure_no_explicit_renal_exclusion
mover,"FUSION, SPINE, LUMBAR, INTERBODY",include,"Procedure terminology gives no explicit heart-directed procedure, renal recipient operation, or dialysis-related operation; not proof of absence of renal disease.",noncardiac_procedure_no_explicit_renal_exclusion
mover,"FUSION, SPINE, LUMBAR, PLIF",include,"Procedure terminology gives no explicit heart-directed procedure, renal recipient operation, or dialysis-related operation; not proof of absence of renal disease.",noncardiac_procedure_no_explicit_renal_exclusion
mover,"FUSION, SPINE, LUMBAR, PLIF, WITH LAMINECTOMY",include,"Procedure terminology gives no explicit heart-directed procedure, renal recipient operation, or dialysis-related operation; not proof of absence of renal disease.",noncardiac_procedure_no_explicit_renal_exclusion
mover,"FUSION, SPINE, THORACIC",include,"Procedure terminology gives no explicit heart-directed procedure, renal recipient operation, or dialysis-related operation; not proof of absence of renal disease.",noncardiac_procedure_no_explicit_renal_exclusion
mover,"FUSION, SPINE, THORACIC OR LUMBAR, OR BOTH THORACIC AND LUMBAR, POSTERIOR APPROACH, USING INSTRUMENTATION",include,"Procedure terminology gives no explicit heart-directed procedure, renal recipient operation, or dialysis-related operation; not proof of absence of renal disease.",noncardiac_procedure_no_explicit_renal_exclusion
mover,"FUSION, SPINE, THORACIC, ANTERIOR APPROACH",include,"Procedure terminology gives no explicit heart-directed procedure, renal recipient operation, or dialysis-related operation; not proof of absence of renal disease.",noncardiac_procedure_no_explicit_renal_exclusion
mover,"FUSION, SPINE, THORACOLUMBAR, POSTERIOR APPROACH, USING INSTRUMENTATION",include,"Procedure terminology gives no explicit heart-directed procedure, renal recipient operation, or dialysis-related operation; not proof of absence of renal disease.",noncardiac_procedure_no_explicit_renal_exclusion
mover,"FUSION, SPINE, THORACOLUMBAR, POSTERIOR APPROACH, WITH IMAGING GUIDANCE",include,"Procedure terminology gives no explicit heart-directed procedure, renal recipient operation, or dialysis-related operation; not proof of absence of renal disease.",noncardiac_procedure_no_explicit_renal_exclusion
mover,"FUSION, SPINE, WITH IMAGING GUIDANCE",include,"Procedure terminology gives no explicit heart-directed procedure, renal recipient operation, or dialysis-related operation; not proof of absence of renal disease.",noncardiac_procedure_no_explicit_renal_exclusion
mover,"FUSION, SPINE, XLIF, ANTERIOR RETROPERITONEAL APPROACH",include,"Procedure terminology gives no explicit heart-directed procedure, renal recipient operation, or dialysis-related operation; not proof of absence of renal disease.",noncardiac_procedure_no_explicit_renal_exclusion
mover,"GASTRECTOMY, LAPAROSCOPIC",include,"Procedure terminology gives no explicit heart-directed procedure, renal recipient operation, or dialysis-related operation; not proof of absence of renal disease.",noncardiac_procedure_no_explicit_renal_exclusion
mover,"GASTRECTOMY, PARTIAL, LAPAROSCOPIC",include,"Procedure terminology gives no explicit heart-directed procedure, renal recipient operation, or dialysis-related operation; not proof of absence of renal disease.",noncardiac_procedure_no_explicit_renal_exclusion
mover,"GASTRECTOMY, SLEEVE, LAPAROENDOSCOPIC",include,"Procedure terminology gives no explicit heart-directed procedure, renal recipient operation, or dialysis-related operation; not proof of absence of renal disease.",noncardiac_procedure_no_explicit_renal_exclusion
mover,"GASTRECTOMY, SLEEVE, LAPAROSCOPIC",include,"Procedure terminology gives no explicit heart-directed procedure, renal recipient operation, or dialysis-related operation; not proof of absence of renal disease.",noncardiac_procedure_no_explicit_renal_exclusion
mover,"GASTRECTOMY, SUBTOTAL, LAPAROSCOPIC",include,"Procedure terminology gives no explicit heart-directed procedure, renal recipient operation, or dialysis-related operation; not proof of absence of renal disease.",noncardiac_procedure_no_explicit_renal_exclusion
mover,"GASTRECTOMY, TOTAL",include,"Procedure terminology gives no explicit heart-directed procedure, renal recipient operation, or dialysis-related operation; not proof of absence of renal disease.",noncardiac_procedure_no_explicit_renal_exclusion
mover,"GASTRIC BYPASS, LAPAROSCOPIC",include,"Procedure terminology gives no explicit heart-directed procedure, renal recipient operation, or dialysis-related operation; not proof of absence of renal disease.",noncardiac_procedure_no_explicit_renal_exclusion
mover,"GASTRIC BYPASS, LAPAROSCOPIC, WITH ROUX-EN-Y GASTROENTEROSTOMY",include,"Procedure terminology gives no explicit heart-directed procedure, renal recipient operation, or dialysis-related operation; not proof of absence of renal disease.",noncardiac_procedure_no_explicit_renal_exclusion
mover,"GASTROENTEROSTOMY, LAPAROSCOPIC",include,"Procedure terminology gives no explicit heart-directed procedure, renal recipient operation, or dialysis-related operation; not proof of absence of renal disease.",noncardiac_procedure_no_explicit_renal_exclusion
mover,GASTROJEJUNOSTOMY,include,"Procedure terminology gives no explicit heart-directed procedure, renal recipient operation, or dialysis-related operation; not proof of absence of renal disease.",noncardiac_procedure_no_explicit_renal_exclusion
mover,"GASTROSTOMY, LAPAROSCOPIC",include,"Procedure terminology gives no explicit heart-directed procedure, renal recipient operation, or dialysis-related operation; not proof of absence of renal disease.",noncardiac_procedure_no_explicit_renal_exclusion
mover,"GASTROSTOMY, OPEN",include,"Procedure terminology gives no explicit heart-directed procedure, renal recipient operation, or dialysis-related operation; not proof of absence of renal disease.",noncardiac_procedure_no_explicit_renal_exclusion
mover,"GASTROSTOMY, PERCUTANEOUS, ENDOSCOPIC",include,"Procedure terminology gives no explicit heart-directed procedure, renal recipient operation, or dialysis-related operation; not proof of absence of renal disease.",noncardiac_procedure_no_explicit_renal_exclusion
mover,GI COLON EUS FNA,include,"Procedure terminology gives no explicit heart-directed procedure, renal recipient operation, or dialysis-related operation; not proof of absence of renal disease.",noncardiac_procedure_no_explicit_renal_exclusion
mover,GI COLONOSCOPY DOUBLE BALLOON,include,"Procedure terminology gives no explicit heart-directed procedure, renal recipient operation, or dialysis-related operation; not proof of absence of renal disease.",noncardiac_procedure_no_explicit_renal_exclusion
mover,GI EGD,include,"Procedure terminology gives no explicit heart-directed procedure, renal recipient operation, or dialysis-related operation; not proof of absence of renal disease.",noncardiac_procedure_no_explicit_renal_exclusion
mover,GI EGD BRAVO,include,"Procedure terminology gives no explicit heart-directed procedure, renal recipient operation, or dialysis-related operation; not proof of absence of renal disease.",noncardiac_procedure_no_explicit_renal_exclusion
mover,GI EGD DILATION,include,"Procedure terminology gives no explicit heart-directed procedure, renal recipient operation, or dialysis-related operation; not proof of absence of renal disease.",noncardiac_procedure_no_explicit_renal_exclusion
mover,GI EGD DOUBLE BALLOON,include,"Procedure terminology gives no explicit heart-directed procedure, renal recipient operation, or dialysis-related operation; not proof of absence of renal disease.",noncardiac_procedure_no_explicit_renal_exclusion
mover,GI EGD EUS FNA,include,"Procedure terminology gives no explicit heart-directed procedure, renal recipient operation, or dialysis-related operation; not proof of absence of renal disease.",noncardiac_procedure_no_explicit_renal_exclusion
mover,GI ENDOSCOPIC ULTRASOUND GUIDED FINE NEEDLE ASPIRATION,include,"Procedure terminology gives no explicit heart-directed procedure, renal recipient operation, or dialysis-related operation; not proof of absence of renal disease.",noncardiac_procedure_no_explicit_renal_exclusion
mover,GI ENDOSCOPIC ULTRASOUND UPPER,include,"Procedure terminology gives no explicit heart-directed procedure, renal recipient operation, or dialysis-related operation; not proof of absence of renal disease.",noncardiac_procedure_no_explicit_renal_exclusion
mover,GI ENTEROSCOPY PUSH,include,"Procedure terminology gives no explicit heart-directed procedure, renal recipient operation, or dialysis-related operation; not proof of absence of renal disease.",noncardiac_procedure_no_explicit_renal_exclusion
mover,GI ESOPHAGOSCOPY,include,"Procedure terminology gives no explicit heart-directed procedure, renal recipient operation, or dialysis-related operation; not proof of absence of renal disease.",noncardiac_procedure_no_explicit_renal_exclusion
mover,GI ESOPHAGOSCOPY WITH ABLATION,include,"Procedure terminology gives no explicit heart-directed procedure, renal recipient operation, or dialysis-related operation; not proof of absence of renal disease.",noncardiac_procedure_no_explicit_renal_exclusion
mover,GI GASTROSTOMY TUBE INSERTION PERCUTANEOUS,include,"Procedure terminology gives no explicit heart-directed procedure, renal recipient operation, or dialysis-related operation; not proof of absence of renal disease.",noncardiac_procedure_no_explicit_renal_exclusion
mover,GI ILEOSCOPY,include,"Procedure terminology gives no explicit heart-directed procedure, renal recipient operation, or dialysis-related operation; not proof of absence of renal disease.",noncardiac_procedure_no_explicit_renal_exclusion
mover,GI PARACENTESIS ABDOMEN,include,"Procedure terminology gives no explicit heart-directed procedure, renal recipient operation, or dialysis-related operation; not proof of absence of renal disease.",noncardiac_procedure_no_explicit_renal_exclusion
mover,GI POUCHOSCOPY,include,"Procedure terminology gives no explicit heart-directed procedure, renal recipient operation, or dialysis-related operation; not proof of absence of renal disease.",noncardiac_procedure_no_explicit_renal_exclusion
mover,GLOSSECTOMY,include,"Procedure terminology gives no explicit heart-directed procedure, renal recipient operation, or dialysis-related operation; not proof of absence of renal disease.",noncardiac_procedure_no_explicit_renal_exclusion
mover,"GLOSSECTOMY, COMPOSITE, WITH FLOOR OF MOUTH RESECTION AND MANDIBULECTOMY",include,"Procedure terminology gives no explicit heart-directed procedure, renal recipient operation, or dialysis-related operation; not proof of absence of renal disease.",noncardiac_procedure_no_explicit_renal_exclusion
mover,"GLOSSECTOMY, PARTIAL",include,"Procedure terminology gives no explicit heart-directed procedure, renal recipient operation, or dialysis-related operation; not proof of absence of renal disease.",noncardiac_procedure_no_explicit_renal_exclusion
mover,"GRAFT, BONE",include,"Procedure terminology gives no explicit heart-directed procedure, renal recipient operation, or dialysis-related operation; not proof of absence of renal disease.",noncardiac_procedure_no_explicit_renal_exclusion
mover,"GRAFT, BONE, FEMUR",include,"Procedure terminology gives no explicit heart-directed procedure, renal recipient operation, or dialysis-related operation; not proof of absence of renal disease.",noncardiac_procedure_no_explicit_renal_exclusion
mover,"GRAFT, BONE, ILIAC CREST",include,"Procedure terminology gives no explicit heart-directed procedure, renal recipient operation, or dialysis-related operation; not proof of absence of renal disease.",noncardiac_procedure_no_explicit_renal_exclusion
mover,"GRAFT, FOR FACIAL NERVE PARALYSIS",include,"Procedure terminology gives no explicit heart-directed procedure, renal recipient operation, or dialysis-related operation; not proof of absence of renal disease.",noncardiac_procedure_no_explicit_renal_exclusion
mover,"GRAFT, NERVE",include,"Procedure terminology gives no explicit heart-directed procedure, renal recipient operation, or dialysis-related operation; not proof of absence of renal disease.",noncardiac_procedure_no_explicit_renal_exclusion
mover,"GRAFT, SKIN",include,"Procedure terminology gives no explicit heart-directed procedure, renal recipient operation, or dialysis-related operation; not proof of absence of renal disease.",noncardiac_procedure_no_explicit_renal_exclusion
mover,"GRAFT, SKIN <100SQCM",include,"Procedure terminology gives no explicit heart-directed procedure, renal recipient operation, or dialysis-related operation; not proof of absence of renal disease.",noncardiac_procedure_no_explicit_renal_exclusion
mover,"GRAFT, TENDON",include,"Procedure terminology gives no explicit heart-directed procedure, renal recipient operation, or dialysis-related operation; not proof of absence of renal disease.",noncardiac_procedure_no_explicit_renal_exclusion
mover,"HEMIARTHROPLASTY, HIP",include,"Procedure terminology gives no explicit heart-directed procedure, renal recipient operation, or dialysis-related operation; not proof of absence of renal disease.",noncardiac_procedure_no_explicit_renal_exclusion
mover,"HEMIARTHROPLASTY, SHOULDER",include,"Procedure terminology gives no explicit heart-directed procedure, renal recipient operation, or dialysis-related operation; not proof of absence of renal disease.",noncardiac_procedure_no_explicit_renal_exclusion
mover,"HEMICOLECTOMY, LEFT",include,"Procedure terminology gives no explicit heart-directed procedure, renal recipient operation, or dialysis-related operation; not proof of absence of renal disease.",noncardiac_procedure_no_explicit_renal_exclusion
mover,"HEMICOLECTOMY, RIGHT",include,"Procedure terminology gives no explicit heart-directed procedure, renal recipient operation, or dialysis-related operation; not proof of absence of renal disease.",noncardiac_procedure_no_explicit_renal_exclusion
mover,"HEMICOLECTOMY, RIGHT, LAPAROSCOPIC",include,"Procedure terminology gives no explicit heart-directed procedure, renal recipient operation, or dialysis-related operation; not proof of absence of renal disease.",noncardiac_procedure_no_explicit_renal_exclusion
mover,HEMIGLOSSECTOMY,include,"Procedure terminology gives no explicit heart-directed procedure, renal recipient operation, or dialysis-related operation; not proof of absence of renal disease.",noncardiac_procedure_no_explicit_renal_exclusion
mover,HEMIPELVECTOMY,include,"Procedure terminology gives no explicit heart-directed procedure, renal recipient operation, or dialysis-related operation; not proof of absence of renal disease.",noncardiac_procedure_no_explicit_renal_exclusion
mover,HEMORRHOIDECTOMY,include,"Procedure terminology gives no explicit heart-directed procedure, renal recipient operation, or dialysis-related operation; not proof of absence of renal disease.",noncardiac_procedure_no_explicit_renal_exclusion
mover,HEPATOJEJUNOSTOMY,include,"Procedure terminology gives no explicit heart-directed procedure, renal recipient operation, or dialysis-related operation; not proof of absence of renal disease.",noncardiac_procedure_no_explicit_renal_exclusion
mover,"HERNIORRHAPHY, INGUINAL",include,"Procedure terminology gives no explicit heart-directed procedure, renal recipient operation, or dialysis-related operation; not proof of absence of renal disease.",noncardiac_procedure_no_explicit_renal_exclusion
mover,"HERNIORRHAPHY, INGUINAL, LAPAROSCOPIC",include,"Procedure terminology gives no explicit heart-directed procedure, renal recipient operation, or dialysis-related operation; not proof of absence of renal disease.",noncardiac_procedure_no_explicit_renal_exclusion
mover,"HERNIORRHAPHY, ROBOT-ASSISTED, LAPAROSCOPIC, USING DA VINCI SI",include,"Procedure terminology gives no explicit heart-directed procedure, renal recipient operation, or dialysis-related operation; not proof of absence of renal disease.",noncardiac_procedure_no_explicit_renal_exclusion
mover,"HIPEC - CHEMOTHERAPY, INTRAPERITONEAL, HYPERTHERMIC",include,"Procedure terminology gives no explicit heart-directed procedure, renal recipient operation, or dialysis-related operation; not proof of absence of renal disease.",noncardiac_procedure_no_explicit_renal_exclusion
mover,HYDROCELECTOMY,include,"Procedure terminology gives no explicit heart-directed procedure, renal recipient operation, or dialysis-related operation; not proof of absence of renal disease.",noncardiac_procedure_no_explicit_renal_exclusion
mover,HYMENECTOMY,include,"Procedure terminology gives no explicit heart-directed procedure, renal recipient operation, or dialysis-related operation; not proof of absence of renal disease.",noncardiac_procedure_no_explicit_renal_exclusion
mover,"HYPOPHYSECTOMY OR RESECTION OF PITUITARY NEOPLASM, TRANSSPHENOIDAL OR TRANSNASAL APPROACH",include,"Procedure terminology gives no explicit heart-directed procedure, renal recipient operation, or dialysis-related operation; not proof of absence of renal disease.",noncardiac_procedure_no_explicit_renal_exclusion
mover,"HYSTERECTOMY, ABDOMINAL, LAPAROSCOPIC",include,"Procedure terminology gives no explicit heart-directed procedure, renal recipient operation, or dialysis-related operation; not proof of absence of renal disease.",noncardiac_procedure_no_explicit_renal_exclusion
mover,"HYSTERECTOMY, FOLLOWING CESAREAN SECTION",include,"Procedure terminology gives no explicit heart-directed procedure, renal recipient operation, or dialysis-related operation; not proof of absence of renal disease.",noncardiac_procedure_no_explicit_renal_exclusion
mover,"HYSTERECTOMY, RADICAL, WITH LYMPHADENECTOMY",include,"Procedure terminology gives no explicit heart-directed procedure, renal recipient operation, or dialysis-related operation; not proof of absence of renal disease.",noncardiac_procedure_no_explicit_renal_exclusion
mover,"HYSTERECTOMY, SUPRACERVICAL",include,"Procedure terminology gives no explicit heart-directed procedure, renal recipient operation, or dialysis-related operation; not proof of absence of renal disease.",noncardiac_procedure_no_explicit_renal_exclusion
mover,"HYSTERECTOMY, TOTAL ABDOMINAL, WITH BILATERAL SALPINGO-OOPHORECTOMY, WITH LYMPHADENECTOMY",include,"Procedure terminology gives no explicit heart-directed procedure, renal recipient operation, or dialysis-related operation; not proof of absence of renal disease.",noncardiac_procedure_no_explicit_renal_exclusion
mover,"HYSTERECTOMY, TOTAL, ABDOMINAL",include,"Procedure terminology gives no explicit heart-directed procedure, renal recipient operation, or dialysis-related operation; not proof of absence of renal disease.",noncardiac_procedure_no_explicit_renal_exclusion
mover,"HYSTERECTOMY, TOTAL, ABDOMINAL, RADICAL",include,"Procedure terminology gives no explicit heart-directed procedure, renal recipient operation, or dialysis-related operation; not proof of absence of renal disease.",noncardiac_procedure_no_explicit_renal_exclusion
mover,"HYSTERECTOMY, TOTAL, ABDOMINAL, ROBOT-ASSISTED, LAPAROSCOPIC, WITH BSO",include,"Procedure terminology gives no explicit heart-directed procedure, renal recipient operation, or dialysis-related operation; not proof of absence of renal disease.",noncardiac_procedure_no_explicit_renal_exclusion
mover,"HYSTERECTOMY, TOTAL, ABDOMINAL, WITH BILATERAL SALPINGO-OOPHORECTOMY",include,"Procedure terminology gives no explicit heart-directed procedure, renal recipient operation, or dialysis-related operation; not proof of absence of renal disease.",noncardiac_procedure_no_explicit_renal_exclusion
mover,"HYSTERECTOMY, TOTAL, ABDOMINAL, WITH BILATERAL SALPINGO-OOPHORECTOMY, WITH OMENTECTOMY AND LYMPHADENECTOMY",include,"Procedure terminology gives no explicit heart-directed procedure, renal recipient operation, or dialysis-related operation; not proof of absence of renal disease.",noncardiac_procedure_no_explicit_renal_exclusion
mover,"HYSTERECTOMY, TOTAL, ABDOMINAL, WITH BSO AND NEOPLASM DEBULKING",include,"Procedure terminology gives no explicit heart-directed procedure, renal recipient operation, or dialysis-related operation; not proof of absence of renal disease.",noncardiac_procedure_no_explicit_renal_exclusion
mover,"HYSTERECTOMY, TOTAL, VAGINAL",include,"Procedure terminology gives no explicit heart-directed procedure, renal recipient operation, or dialysis-related operation; not proof of absence of renal disease.",noncardiac_procedure_no_explicit_renal_exclusion
mover,"HYSTERECTOMY, VAGINAL",include,"Procedure terminology gives no explicit heart-directed procedure, renal recipient operation, or dialysis-related operation; not proof of absence of renal disease.",noncardiac_procedure_no_explicit_renal_exclusion
mover,"HYSTERECTOMY, VAGINAL, LAPAROSCOPY-ASSISTED",include,"Procedure terminology gives no explicit heart-directed procedure, renal recipient operation, or dialysis-related operation; not proof of absence of renal disease.",noncardiac_procedure_no_explicit_renal_exclusion
mover,"HYSTERECTOMY, VAGINAL, LAPAROSCOPY-ASSISTED, WITH SALPINGO-OOPHORECTOMY",include,"Procedure terminology gives no explicit heart-directed procedure, renal recipient operation, or dialysis-related operation; not proof of absence of renal disease.",noncardiac_procedure_no_explicit_renal_exclusion
mover,"HYSTERECTOMY, VAGINAL, ROBOT-ASSISTED, LAPAROSCOPY-ASSISTED",include,"Procedure terminology gives no explicit heart-directed procedure, renal recipient operation, or dialysis-related operation; not proof of absence of renal disease.",noncardiac_procedure_no_explicit_renal_exclusion
mover,"HYSTERECTOMY, VAGINAL, WITH ANTEROPOSTERIOR COLPORRHAPHY",include,"Procedure terminology gives no explicit heart-directed procedure, renal recipient operation, or dialysis-related operation; not proof of absence of renal disease.",noncardiac_procedure_no_explicit_renal_exclusion
mover,"HYSTERECTOMY, VAGINAL, WITH SALPINGO-OOPHORECTOMY",include,"Procedure terminology gives no explicit heart-directed procedure, renal recipient operation, or dialysis-related operation; not proof of absence of renal disease.",noncardiac_procedure_no_explicit_renal_exclusion
mover,HYSTEROSCOPY,include,"Procedure terminology gives no explicit heart-directed procedure, renal recipient operation, or dialysis-related operation; not proof of absence of renal disease.",noncardiac_procedure_no_explicit_renal_exclusion
mover,"HYSTEROSCOPY, DIAGNOSTIC",include,"Procedure terminology gives no explicit heart-directed procedure, renal recipient operation, or dialysis-related operation; not proof of absence of renal disease.",noncardiac_procedure_no_explicit_renal_exclusion
mover,"HYSTEROSCOPY, WITH BIOPSY OR POLYPECTOMY",include,"Procedure terminology gives no explicit heart-directed procedure, renal recipient operation, or dialysis-related operation; not proof of absence of renal disease.",noncardiac_procedure_no_explicit_renal_exclusion
mover,"HYSTEROSCOPY, WITH DILATION AND CURETTAGE OF UTERUS",include,"Procedure terminology gives no explicit heart-directed procedure, renal recipient operation, or dialysis-related operation; not proof of absence of renal disease.",noncardiac_procedure_no_explicit_renal_exclusion
mover,"ILEOCOLECTOMY, LAPAROSCOPIC ASSISTED",include,"Procedure terminology gives no explicit heart-directed procedure, renal recipient operation, or dialysis-related operation; not proof of absence of renal disease.",noncardiac_procedure_no_explicit_renal_exclusion
mover,"IMPLANTATION, DEEP BRAIN STIMULATOR, LEAD ONLY",include,"Procedure terminology gives no explicit heart-directed procedure, renal recipient operation, or dialysis-related operation; not proof of absence of renal disease.",noncardiac_procedure_no_explicit_renal_exclusion
mover,"IMPLANTATION, INTRATHECAL BACLOFEN PUMP",include,"Procedure terminology gives no explicit heart-directed procedure, renal recipient operation, or dialysis-related operation; not proof of absence of renal disease.",noncardiac_procedure_no_explicit_renal_exclusion
mover,"IMPLANTATION, LVAD",exclude,Explicit heart/coronary/valve/rhythm/pericardial procedure or standalone cardiac diagnostic procedure; not all entries are cardiac surgery.,heart_directed_procedure
mover,"IMPLANTATION, NEUROSTIMULATOR DEVICE, SACRAL, ALL COMPONENTS",include,"Procedure terminology gives no explicit heart-directed procedure, renal recipient operation, or dialysis-related operation; not proof of absence of renal disease.",noncardiac_procedure_no_explicit_renal_exclusion
mover,"IMPLANTATION, NEUROSTIMULATOR, SPINAL CORD",include,"Procedure terminology gives no explicit heart-directed procedure, renal recipient operation, or dialysis-related operation; not proof of absence of renal disease.",noncardiac_procedure_no_explicit_renal_exclusion
mover,"IMPLANTATION, NEUROSTIMULATOR, VAGAL",include,"Procedure terminology gives no explicit heart-directed procedure, renal recipient operation, or dialysis-related operation; not proof of absence of renal disease.",noncardiac_procedure_no_explicit_renal_exclusion
mover,"IMPLANTATION, PERIPHERAL NERVE STIMULATOR",include,"Procedure terminology gives no explicit heart-directed procedure, renal recipient operation, or dialysis-related operation; not proof of absence of renal disease.",noncardiac_procedure_no_explicit_renal_exclusion
mover,"IMPLANTATION, PROSTHESIS, COCHLEAR",include,"Procedure terminology gives no explicit heart-directed procedure, renal recipient operation, or dialysis-related operation; not proof of absence of renal disease.",noncardiac_procedure_no_explicit_renal_exclusion
mover,"IMPLANTATION, SINGLE OR DUAL CHAMBER ICD",exclude,Explicit heart/coronary/valve/rhythm/pericardial procedure or standalone cardiac diagnostic procedure; not all entries are cardiac surgery.,heart_directed_procedure
mover,"INCISION AND DRAINAGE, ABSCESS, BREAST, DEEP, WITH BREAST EXPLORATION",include,"Procedure terminology gives no explicit heart-directed procedure, renal recipient operation, or dialysis-related operation; not proof of absence of renal disease.",noncardiac_procedure_no_explicit_renal_exclusion
mover,"INCISION AND DRAINAGE, ABSCESS, PERIANAL",include,"Procedure terminology gives no explicit heart-directed procedure, renal recipient operation, or dialysis-related operation; not proof of absence of renal disease.",noncardiac_procedure_no_explicit_renal_exclusion
mover,"INCISION AND DRAINAGE, ABSCESS, PERIRECTAL",include,"Procedure terminology gives no explicit heart-directed procedure, renal recipient operation, or dialysis-related operation; not proof of absence of renal disease.",noncardiac_procedure_no_explicit_renal_exclusion
mover,"INCISION AND DRAINAGE, ABSCESS, PERITONSILLAR",include,"Procedure terminology gives no explicit heart-directed procedure, renal recipient operation, or dialysis-related operation; not proof of absence of renal disease.",noncardiac_procedure_no_explicit_renal_exclusion
mover,"INCISION AND DRAINAGE, ABSCESS, SUBLINGUAL, ORAL APPROACH",include,"Procedure terminology gives no explicit heart-directed procedure, renal recipient operation, or dialysis-related operation; not proof of absence of renal disease.",noncardiac_procedure_no_explicit_renal_exclusion
mover,"INCISION AND DRAINAGE, ABSCESS, SUBMANDIBULAR SPACE, EXTRAORAL APPROACH",include,"Procedure terminology gives no explicit heart-directed procedure, renal recipient operation, or dialysis-related operation; not proof of absence of renal disease.",noncardiac_procedure_no_explicit_renal_exclusion
mover,"INCISION AND DRAINAGE, ABSCESS, SUBMENTAL SPACE, EXTRAORAL APPROACH",include,"Procedure terminology gives no explicit heart-directed procedure, renal recipient operation, or dialysis-related operation; not proof of absence of renal disease.",noncardiac_procedure_no_explicit_renal_exclusion
mover,"INCISION AND DRAINAGE, ABSCESS, UPPER EXTREMITY",include,"Procedure terminology gives no explicit heart-directed procedure, renal recipient operation, or dialysis-related operation; not proof of absence of renal disease.",noncardiac_procedure_no_explicit_renal_exclusion
mover,"INCISION AND DRAINAGE, HEAD AND NECK",include,"Procedure terminology gives no explicit heart-directed procedure, renal recipient operation, or dialysis-related operation; not proof of absence of renal disease.",noncardiac_procedure_no_explicit_renal_exclusion
mover,"INCISION AND DRAINAGE, HIP",include,"Procedure terminology gives no explicit heart-directed procedure, renal recipient operation, or dialysis-related operation; not proof of absence of renal disease.",noncardiac_procedure_no_explicit_renal_exclusion
mover,"INCISION AND DRAINAGE, LOWER EXTREMITY",include,"Procedure terminology gives no explicit heart-directed procedure, renal recipient operation, or dialysis-related operation; not proof of absence of renal disease.",noncardiac_procedure_no_explicit_renal_exclusion
mover,"INCISION AND DRAINAGE, TENDON SHEATH, HAND",include,"Procedure terminology gives no explicit heart-directed procedure, renal recipient operation, or dialysis-related operation; not proof of absence of renal disease.",noncardiac_procedure_no_explicit_renal_exclusion
mover,"INCISION AND DRAINAGE, TORSO",include,"Procedure terminology gives no explicit heart-directed procedure, renal recipient operation, or dialysis-related operation; not proof of absence of renal disease.",noncardiac_procedure_no_explicit_renal_exclusion
mover,"INCISION AND DRAINAGE, UPPER EXTREMITY",include,"Procedure terminology gives no explicit heart-directed procedure, renal recipient operation, or dialysis-related operation; not proof of absence of renal disease.",noncardiac_procedure_no_explicit_renal_exclusion
mover,"INCISION, BLADDER NECK, TRANSURETHRAL",include,"Procedure terminology gives no explicit heart-directed procedure, renal recipient operation, or dialysis-related operation; not proof of absence of renal disease.",noncardiac_procedure_no_explicit_renal_exclusion
mover,"INCISION, FISTULA",uncertain,Missing or nonspecific procedure/site/indication; cannot verify the common eligible surgical/procedural population.,uncertain_procedure_or_site
mover,"INCISION, FISTULA, ANAL",include,"Procedure terminology gives no explicit heart-directed procedure, renal recipient operation, or dialysis-related operation; not proof of absence of renal disease.",noncardiac_procedure_no_explicit_renal_exclusion
mover,"INCISION, FISTULA, ANUS",include,"Procedure terminology gives no explicit heart-directed procedure, renal recipient operation, or dialysis-related operation; not proof of absence of renal disease.",noncardiac_procedure_no_explicit_renal_exclusion
mover,"INCISION, PLEURA",include,"Procedure terminology gives no explicit heart-directed procedure, renal recipient operation, or dialysis-related operation; not proof of absence of renal disease.",noncardiac_procedure_no_explicit_renal_exclusion
mover,"INCISION, SOFT TISSUE, HAND",include,"Procedure terminology gives no explicit heart-directed procedure, renal recipient operation, or dialysis-related operation; not proof of absence of renal disease.",noncardiac_procedure_no_explicit_renal_exclusion
mover,"INCISION, STRICTURE, URETER, PERCUTANEOUS, USING LASER",include,"Procedure terminology gives no explicit heart-directed procedure, renal recipient operation, or dialysis-related operation; not proof of absence of renal disease.",noncardiac_procedure_no_explicit_renal_exclusion
mover,"INCISION, TENDON SHEATH",include,"Procedure terminology gives no explicit heart-directed procedure, renal recipient operation, or dialysis-related operation; not proof of absence of renal disease.",noncardiac_procedure_no_explicit_renal_exclusion
mover,"INJECTION, ANESTHETIC AGENT, TISSUE",include,"Procedure terminology gives no explicit heart-directed procedure, renal recipient operation, or dialysis-related operation; not proof of absence of renal disease.",noncardiac_procedure_no_explicit_renal_exclusion
mover,"INJECTION, BOTULINUM TOXIN",include,"Procedure terminology gives no explicit heart-directed procedure, renal recipient operation, or dialysis-related operation; not proof of absence of renal disease.",noncardiac_procedure_no_explicit_renal_exclusion
mover,"INJECTION, BOTULINUM TOXIN, ANAL SPHINCTER",include,"Procedure terminology gives no explicit heart-directed procedure, renal recipient operation, or dialysis-related operation; not proof of absence of renal disease.",noncardiac_procedure_no_explicit_renal_exclusion
mover,"INJECTION, BOTULINUM TOXIN, TYPE A",include,"Procedure terminology gives no explicit heart-directed procedure, renal recipient operation, or dialysis-related operation; not proof of absence of renal disease.",noncardiac_procedure_no_explicit_renal_exclusion
mover,"INJECTION, BULKING AGENT, URETHRA",include,"Procedure terminology gives no explicit heart-directed procedure, renal recipient operation, or dialysis-related operation; not proof of absence of renal disease.",noncardiac_procedure_no_explicit_renal_exclusion
mover,"INJECTION, DRAINAGE, CATHETER, ABSCESS OR CYST",include,"Procedure terminology gives no explicit heart-directed procedure, renal recipient operation, or dialysis-related operation; not proof of absence of renal disease.",noncardiac_procedure_no_explicit_renal_exclusion
mover,"INJECTION, FAT GRAFT",include,"Procedure terminology gives no explicit heart-directed procedure, renal recipient operation, or dialysis-related operation; not proof of absence of renal disease.",noncardiac_procedure_no_explicit_renal_exclusion
mover,"INJECTION, FIBRIN GLUE",include,"Procedure terminology gives no explicit heart-directed procedure, renal recipient operation, or dialysis-related operation; not proof of absence of renal disease.",noncardiac_procedure_no_explicit_renal_exclusion
mover,"INJECTION, INTRAVENOUS, AGENT TO TEST VACULAR FLOW IN FLAP/GRAFT",include,"Procedure terminology gives no explicit heart-directed procedure, renal recipient operation, or dialysis-related operation; not proof of absence of renal disease.",noncardiac_procedure_no_explicit_renal_exclusion
mover,"INJECTION, SPINE, LUMBAR, EPIDURAL",include,"Procedure terminology gives no explicit heart-directed procedure, renal recipient operation, or dialysis-related operation; not proof of absence of renal disease.",noncardiac_procedure_no_explicit_renal_exclusion
mover,"INJECTION, TRIAMCINOLONE",include,"Procedure terminology gives no explicit heart-directed procedure, renal recipient operation, or dialysis-related operation; not proof of absence of renal disease.",noncardiac_procedure_no_explicit_renal_exclusion
mover,"INJECTION, VOCAL CORD, LARYNGOSCOPIC",include,"Procedure terminology gives no explicit heart-directed procedure, renal recipient operation, or dialysis-related operation; not proof of absence of renal disease.",noncardiac_procedure_no_explicit_renal_exclusion
mover,"INSERTION OR REMOVAL, CATHETER, VASCULAR ACCESS",include,"Procedure terminology gives no explicit heart-directed procedure, renal recipient operation, or dialysis-related operation; not proof of absence of renal disease.",noncardiac_procedure_no_explicit_renal_exclusion
mover,"INSERTION OR REMOVAL, INFUSION PORT",include,"Procedure terminology gives no explicit heart-directed procedure, renal recipient operation, or dialysis-related operation; not proof of absence of renal disease.",noncardiac_procedure_no_explicit_renal_exclusion
mover,"INSERTION OR REMOVAL, NEUROSTIMULATOR, SPINAL, EPIDURAL",include,"Procedure terminology gives no explicit heart-directed procedure, renal recipient operation, or dialysis-related operation; not proof of absence of renal disease.",noncardiac_procedure_no_explicit_renal_exclusion
mover,"INSERTION OR REPLACEMENT, ICD, BIVENTRICULAR, INITIAL",exclude,Explicit heart/coronary/valve/rhythm/pericardial procedure or standalone cardiac diagnostic procedure; not all entries are cardiac surgery.,heart_directed_procedure
mover,"INSERTION OR REPLACEMENT, INTRATHECAL PUMP",include,"Procedure terminology gives no explicit heart-directed procedure, renal recipient operation, or dialysis-related operation; not proof of absence of renal disease.",noncardiac_procedure_no_explicit_renal_exclusion
mover,"INSERTION OR REVISION, SUBURETHRAL SLING, FEMALE",include,"Procedure terminology gives no explicit heart-directed procedure, renal recipient operation, or dialysis-related operation; not proof of absence of renal disease.",noncardiac_procedure_no_explicit_renal_exclusion
mover,"INSERTION OR REVISION, SUBURETHRAL SLING, MALE",include,"Procedure terminology gives no explicit heart-directed procedure, renal recipient operation, or dialysis-related operation; not proof of absence of renal disease.",noncardiac_procedure_no_explicit_renal_exclusion
mover,"INSERTION, ARTIFICIAL URINARY SPHINCTER",include,"Procedure terminology gives no explicit heart-directed procedure, renal recipient operation, or dialysis-related operation; not proof of absence of renal disease.",noncardiac_procedure_no_explicit_renal_exclusion
mover,"INSERTION, BREAST IMPLANT",include,"Procedure terminology gives no explicit heart-directed procedure, renal recipient operation, or dialysis-related operation; not proof of absence of renal disease.",noncardiac_procedure_no_explicit_renal_exclusion
mover,"INSERTION, CARDIAC PACEMAKER",exclude,Explicit heart/coronary/valve/rhythm/pericardial procedure or standalone cardiac diagnostic procedure; not all entries are cardiac surgery.,heart_directed_procedure
mover,"INSERTION, CARDIAC PACEMAKER, DUAL CHAMBER",exclude,Explicit heart/coronary/valve/rhythm/pericardial procedure or standalone cardiac diagnostic procedure; not all entries are cardiac surgery.,heart_directed_procedure
mover,"INSERTION, CATHETER",uncertain,Missing or nonspecific procedure/site/indication; cannot verify the common eligible surgical/procedural population.,uncertain_procedure_or_site
mover,"INSERTION, CATHETER, CENTRAL VENOUS PRESSURE",include,"Procedure terminology gives no explicit heart-directed procedure, renal recipient operation, or dialysis-related operation; not proof of absence of renal disease.",noncardiac_procedure_no_explicit_renal_exclusion
mover,"INSERTION, CATHETER, CENTRAL VENOUS, HICKMAN",include,"Procedure terminology gives no explicit heart-directed procedure, renal recipient operation, or dialysis-related operation; not proof of absence of renal disease.",noncardiac_procedure_no_explicit_renal_exclusion
mover,"INSERTION, CATHETER, DIALYSIS, PERITONEAL, LAPAROSCOPIC",exclude,Explicit kidney recipient/transplanted-kidney operation or dialysis-related procedure; access procedure does not prove chronic dialysis.,explicit_renal_replacement_or_recipient_procedure
mover,"INSERTION, CATHETER, FOR PERITONEAL DIALYSIS",exclude,Explicit kidney recipient/transplanted-kidney operation or dialysis-related procedure; access procedure does not prove chronic dialysis.,explicit_renal_replacement_or_recipient_procedure
mover,"INSERTION, CATHETER, HEMODIALYSIS",exclude,Explicit kidney recipient/transplanted-kidney operation or dialysis-related procedure; access procedure does not prove chronic dialysis.,explicit_renal_replacement_or_recipient_procedure
mover,"INSERTION, CATHETER, INTERCOSTAL, FOR DRAINAGE",include,"Procedure terminology gives no explicit heart-directed procedure, renal recipient operation, or dialysis-related operation; not proof of absence of renal disease.",noncardiac_procedure_no_explicit_renal_exclusion
mover,"INSERTION, CATHETER, INTRAPERITONEAL",uncertain,Missing or nonspecific procedure/site/indication; cannot verify the common eligible surgical/procedural population.,uncertain_procedure_or_site
mover,"INSERTION, CATHETER, INTRAPERITONEAL, OPEN",include,"Procedure terminology gives no explicit heart-directed procedure, renal recipient operation, or dialysis-related operation; not proof of absence of renal disease.",noncardiac_procedure_no_explicit_renal_exclusion
mover,"INSERTION, CATHETER, PLEURAL, TUNNELED, INDWELLING",include,"Procedure terminology gives no explicit heart-directed procedure, renal recipient operation, or dialysis-related operation; not proof of absence of renal disease.",noncardiac_procedure_no_explicit_renal_exclusion
mover,"INSERTION, CATHETER, RIGHT HEART",exclude,Explicit heart/coronary/valve/rhythm/pericardial procedure or standalone cardiac diagnostic procedure; not all entries are cardiac surgery.,heart_directed_procedure
mover,"INSERTION, CHEST TUBE",include,"Procedure terminology gives no explicit heart-directed procedure, renal recipient operation, or dialysis-related operation; not proof of absence of renal disease.",noncardiac_procedure_no_explicit_renal_exclusion
mover,"INSERTION, DEEP BRAIN STIMULATOR, ROBOT-ASSISTED, FOR PARKINSON'S DISEASE",include,"Procedure terminology gives no explicit heart-directed procedure, renal recipient operation, or dialysis-related operation; not proof of absence of renal disease.",noncardiac_procedure_no_explicit_renal_exclusion
mover,"INSERTION, DRAIN",uncertain,Missing or nonspecific procedure/site/indication; cannot verify the common eligible surgical/procedural population.,uncertain_procedure_or_site
mover,"INSERTION, DRAIN, ABSCESS, PERICARDIUM, WITH IMAGING GUIDANCE",exclude,Explicit heart/coronary/valve/rhythm/pericardial procedure or standalone cardiac diagnostic procedure; not all entries are cardiac surgery.,heart_directed_procedure
mover,"INSERTION, DRAIN, SPINE, LUMBAR",include,"Procedure terminology gives no explicit heart-directed procedure, renal recipient operation, or dialysis-related operation; not proof of absence of renal disease.",noncardiac_procedure_no_explicit_renal_exclusion
mover,"INSERTION, ELECTRODE, THROUGH INTRACRANIAL FORAMEN OVALE",include,"Procedure terminology gives no explicit heart-directed procedure, renal recipient operation, or dialysis-related operation; not proof of absence of renal disease.",noncardiac_procedure_no_explicit_renal_exclusion
mover,"INSERTION, ENDOTRACHEAL TUBE",include,"Procedure terminology gives no explicit heart-directed procedure, renal recipient operation, or dialysis-related operation; not proof of absence of renal disease.",noncardiac_procedure_no_explicit_renal_exclusion
mover,"INSERTION, GASTROSTOMY TUBE",include,"Procedure terminology gives no explicit heart-directed procedure, renal recipient operation, or dialysis-related operation; not proof of absence of renal disease.",noncardiac_procedure_no_explicit_renal_exclusion
mover,"INSERTION, HEARING DEVICE, TEMPORAL BONE",include,"Procedure terminology gives no explicit heart-directed procedure, renal recipient operation, or dialysis-related operation; not proof of absence of renal disease.",noncardiac_procedure_no_explicit_renal_exclusion
mover,"INSERTION, ICD OR CARDIAC PACEMAKER",exclude,Explicit heart/coronary/valve/rhythm/pericardial procedure or standalone cardiac diagnostic procedure; not all entries are cardiac surgery.,heart_directed_procedure
mover,"INSERTION, IMPLANT, BREAST",include,"Procedure terminology gives no explicit heart-directed procedure, renal recipient operation, or dialysis-related operation; not proof of absence of renal disease.",noncardiac_procedure_no_explicit_renal_exclusion
mover,"INSERTION, IMPLANTABLE LOOP RECORDER",exclude,Explicit heart/coronary/valve/rhythm/pericardial procedure or standalone cardiac diagnostic procedure; not all entries are cardiac surgery.,heart_directed_procedure
mover,"INSERTION, IMPLANTABLE PULSE GENERATOR AND ELECTRODES OF SACRAL NERVE STIMULATOR",include,"Procedure terminology gives no explicit heart-directed procedure, renal recipient operation, or dialysis-related operation; not proof of absence of renal disease.",noncardiac_procedure_no_explicit_renal_exclusion
mover,"INSERTION, INTERNAL PULSE GENERATOR, FOR DEEP BRAIN STIMULATION",include,"Procedure terminology gives no explicit heart-directed procedure, renal recipient operation, or dialysis-related operation; not proof of absence of renal disease.",noncardiac_procedure_no_explicit_renal_exclusion
mover,"INSERTION, INTRA-AORTIC BALLOON PUMP",exclude,Explicit heart/coronary/valve/rhythm/pericardial procedure or standalone cardiac diagnostic procedure; not all entries are cardiac surgery.,heart_directed_procedure
mover,"INSERTION, INTRAMEDULLARY NAIL",include,"Procedure terminology gives no explicit heart-directed procedure, renal recipient operation, or dialysis-related operation; not proof of absence of renal disease.",noncardiac_procedure_no_explicit_renal_exclusion
mover,"INSERTION, INTRAMEDULLARY NAIL, TIBIA",include,"Procedure terminology gives no explicit heart-directed procedure, renal recipient operation, or dialysis-related operation; not proof of absence of renal disease.",noncardiac_procedure_no_explicit_renal_exclusion
mover,"INSERTION, INTRAMEDULLARY ROD",include,"Procedure terminology gives no explicit heart-directed procedure, renal recipient operation, or dialysis-related operation; not proof of absence of renal disease.",noncardiac_procedure_no_explicit_renal_exclusion
mover,"INSERTION, INTRAOCULAR LENS PROSTHESIS, SECONDARY",include,"Procedure terminology gives no explicit heart-directed procedure, renal recipient operation, or dialysis-related operation; not proof of absence of renal disease.",noncardiac_procedure_no_explicit_renal_exclusion
mover,"INSERTION, INTRAUTERINE DEVICE",include,"Procedure terminology gives no explicit heart-directed procedure, renal recipient operation, or dialysis-related operation; not proof of absence of renal disease.",noncardiac_procedure_no_explicit_renal_exclusion
mover,"INSERTION, NEUROSTIMULATOR ELECTRODE, SACRUM",include,"Procedure terminology gives no explicit heart-directed procedure, renal recipient operation, or dialysis-related operation; not proof of absence of renal disease.",noncardiac_procedure_no_explicit_renal_exclusion
mover,"INSERTION, NEUROSTIMULATOR PULSE GENERATOR, CRANIAL",include,"Procedure terminology gives no explicit heart-directed procedure, renal recipient operation, or dialysis-related operation; not proof of absence of renal disease.",noncardiac_procedure_no_explicit_renal_exclusion
mover,"INSERTION, OCULAR IMPLANT, AFTER SCLERAL SHELL EVISCERATION",include,"Procedure terminology gives no explicit heart-directed procedure, renal recipient operation, or dialysis-related operation; not proof of absence of renal disease.",noncardiac_procedure_no_explicit_renal_exclusion
mover,"INSERTION, OMMAYA RESERVOIR",include,"Procedure terminology gives no explicit heart-directed procedure, renal recipient operation, or dialysis-related operation; not proof of absence of renal disease.",noncardiac_procedure_no_explicit_renal_exclusion
mover,"INSERTION, PACEMAKER",exclude,Explicit heart/coronary/valve/rhythm/pericardial procedure or standalone cardiac diagnostic procedure; not all entries are cardiac surgery.,heart_directed_procedure
mover,"INSERTION, PACEMAKER, LEADLESS",exclude,Explicit heart/coronary/valve/rhythm/pericardial procedure or standalone cardiac diagnostic procedure; not all entries are cardiac surgery.,heart_directed_procedure
mover,"INSERTION, PACEMAKER, TEMPORARY",exclude,Explicit heart/coronary/valve/rhythm/pericardial procedure or standalone cardiac diagnostic procedure; not all entries are cardiac surgery.,heart_directed_procedure
mover,"INSERTION, PENILE PROSTHESIS",include,"Procedure terminology gives no explicit heart-directed procedure, renal recipient operation, or dialysis-related operation; not proof of absence of renal disease.",noncardiac_procedure_no_explicit_renal_exclusion
mover,"INSERTION, PERIPHERAL NERVE STIMULATOR GENERATOR",include,"Procedure terminology gives no explicit heart-directed procedure, renal recipient operation, or dialysis-related operation; not proof of absence of renal disease.",noncardiac_procedure_no_explicit_renal_exclusion
mover,"INSERTION, PROSTHESIS, TESTICULAR",include,"Procedure terminology gives no explicit heart-directed procedure, renal recipient operation, or dialysis-related operation; not proof of absence of renal disease.",noncardiac_procedure_no_explicit_renal_exclusion
mover,"INSERTION, PUBOVAGINAL SLING, WITH CYSTOSCOPY",include,"Procedure terminology gives no explicit heart-directed procedure, renal recipient operation, or dialysis-related operation; not proof of absence of renal disease.",noncardiac_procedure_no_explicit_renal_exclusion
mover,"INSERTION, REMOVAL, OR REVISION, PROSTHESIS, PENILE",include,"Procedure terminology gives no explicit heart-directed procedure, renal recipient operation, or dialysis-related operation; not proof of absence of renal disease.",noncardiac_procedure_no_explicit_renal_exclusion
mover,"INSERTION, RESERVOIR, OMMAYA, USING FRAMELESS STEREOTAXY",include,"Procedure terminology gives no explicit heart-directed procedure, renal recipient operation, or dialysis-related operation; not proof of absence of renal disease.",noncardiac_procedure_no_explicit_renal_exclusion
mover,"INSERTION, S-ICD",exclude,Explicit heart/coronary/valve/rhythm/pericardial procedure or standalone cardiac diagnostic procedure; not all entries are cardiac surgery.,heart_directed_procedure
mover,"INSERTION, SHUNT, LUMBOPERITONEAL",include,"Procedure terminology gives no explicit heart-directed procedure, renal recipient operation, or dialysis-related operation; not proof of absence of renal disease.",noncardiac_procedure_no_explicit_renal_exclusion
mover,"INSERTION, SHUNT, LUMBOPERITONEAL, LAPAROSCOPY-ASSISTED",include,"Procedure terminology gives no explicit heart-directed procedure, renal recipient operation, or dialysis-related operation; not proof of absence of renal disease.",noncardiac_procedure_no_explicit_renal_exclusion
mover,"INSERTION, SHUNT, VENTRICULOATRIAL",include,"Procedure terminology gives no explicit heart-directed procedure, renal recipient operation, or dialysis-related operation; not proof of absence of renal disease.",noncardiac_procedure_no_explicit_renal_exclusion
mover,"INSERTION, SHUNT, VENTRICULOPERITONEAL, ENDOSCOPIC",include,"Procedure terminology gives no explicit heart-directed procedure, renal recipient operation, or dialysis-related operation; not proof of absence of renal disease.",noncardiac_procedure_no_explicit_renal_exclusion
mover,"INSERTION, SHUNT, VENTRICULOPERITONEAL, LAPAROSCOPIC",include,"Procedure terminology gives no explicit heart-directed procedure, renal recipient operation, or dialysis-related operation; not proof of absence of renal disease.",noncardiac_procedure_no_explicit_renal_exclusion
mover,"INSERTION, SHUNT, VENTRICULOPERITONEAL, LAPAROSCOPIC, USING COMPUTER-ASSISTED NAVIGATION",include,"Procedure terminology gives no explicit heart-directed procedure, renal recipient operation, or dialysis-related operation; not proof of absence of renal disease.",noncardiac_procedure_no_explicit_renal_exclusion
mover,"INSERTION, SHUNT, VENTRICULOPERITONEAL, PEDIATRIC",include,"Procedure terminology gives no explicit heart-directed procedure, renal recipient operation, or dialysis-related operation; not proof of absence of renal disease.",noncardiac_procedure_no_explicit_renal_exclusion
mover,"INSERTION, SHUNT, VENTRICULOPERITONEAL, USING COMPUTER-ASSISTED NAVIGATION",include,"Procedure terminology gives no explicit heart-directed procedure, renal recipient operation, or dialysis-related operation; not proof of absence of renal disease.",noncardiac_procedure_no_explicit_renal_exclusion
mover,"INSERTION, STIMULATION GENERATOR, SPINAL CORD",include,"Procedure terminology gives no explicit heart-directed procedure, renal recipient operation, or dialysis-related operation; not proof of absence of renal disease.",noncardiac_procedure_no_explicit_renal_exclusion
mover,"INSERTION, TISSUE EXPANDER",include,"Procedure terminology gives no explicit heart-directed procedure, renal recipient operation, or dialysis-related operation; not proof of absence of renal disease.",noncardiac_procedure_no_explicit_renal_exclusion
mover,"INSERTION, TISSUE EXPANDER (NON BREAST)",include,"Procedure terminology gives no explicit heart-directed procedure, renal recipient operation, or dialysis-related operation; not proof of absence of renal disease.",noncardiac_procedure_no_explicit_renal_exclusion
mover,"INSERTION, TISSUE EXPANDER, BREAST",include,"Procedure terminology gives no explicit heart-directed procedure, renal recipient operation, or dialysis-related operation; not proof of absence of renal disease.",noncardiac_procedure_no_explicit_renal_exclusion
mover,"INSERTION, TUNNELED CENTRAL VENOUS DEVICE, WITH PORT",include,"Procedure terminology gives no explicit heart-directed procedure, renal recipient operation, or dialysis-related operation; not proof of absence of renal disease.",noncardiac_procedure_no_explicit_renal_exclusion
mover,"INSERTION, TUNNELED CUFFED HEMODIALYSIS CATHETER OR TUNNELED CENTRAL VENOUS CATHETER WITH PORT",uncertain,AV access/fistulogram or alternate dialysis versus central venous catheter title does not establish dialysis indication; exclude from main cohort for unresolved procedure classification.,uncertain_access_indication
mover,"INSERTION, VAGUS NERVE STIMULATOR",include,"Procedure terminology gives no explicit heart-directed procedure, renal recipient operation, or dialysis-related operation; not proof of absence of renal disease.",noncardiac_procedure_no_explicit_renal_exclusion
mover,"INSERTION, VENTRICULAR ASSIST DEVICE, PERCUTANEOUS, WITH IMAGING GUIDANCE",exclude,Explicit heart/coronary/valve/rhythm/pericardial procedure or standalone cardiac diagnostic procedure; not all entries are cardiac surgery.,heart_directed_procedure
mover,"INSERTION, WIRELESS SENSOR, FOR PULMONARY ARTERIAL PRESSURE MONITORING (CARDIOMEMS)",exclude,Explicit heart/coronary/valve/rhythm/pericardial procedure or standalone cardiac diagnostic procedure; not all entries are cardiac surgery.,heart_directed_procedure
mover,"INTRACARDIAC ELECTROPHYSIOLOGY STUDY, ATRIUM OR VENTRICLE",exclude,Explicit heart/coronary/valve/rhythm/pericardial procedure or standalone cardiac diagnostic procedure; not all entries are cardiac surgery.,heart_directed_procedure
mover,"INTRAMEDULLARY RODDING, FEMUR",include,"Procedure terminology gives no explicit heart-directed procedure, renal recipient operation, or dialysis-related operation; not proof of absence of renal disease.",noncardiac_procedure_no_explicit_renal_exclusion
mover,"INTRAMEDULLARY RODDING, FEMUR, FLEXIBLE",include,"Procedure terminology gives no explicit heart-directed procedure, renal recipient operation, or dialysis-related operation; not proof of absence of renal disease.",noncardiac_procedure_no_explicit_renal_exclusion
mover,"INTRAMEDULLARY RODDING, HUMERUS",include,"Procedure terminology gives no explicit heart-directed procedure, renal recipient operation, or dialysis-related operation; not proof of absence of renal disease.",noncardiac_procedure_no_explicit_renal_exclusion
mover,"INTRAMEDULLARY RODDING, TIBIA, RETROGRADE",include,"Procedure terminology gives no explicit heart-directed procedure, renal recipient operation, or dialysis-related operation; not proof of absence of renal disease.",noncardiac_procedure_no_explicit_renal_exclusion
mover,"INTUBATION, ENDOTRACHEAL, IN EMERGENCY DEPARTMENT, BY INTERVENTIONAL PULMONOLOGY",include,"Procedure terminology gives no explicit heart-directed procedure, renal recipient operation, or dialysis-related operation; not proof of absence of renal disease.",noncardiac_procedure_no_explicit_renal_exclusion
mover,"INTUBATION, NASOLACRIMAL DUCT",include,"Procedure terminology gives no explicit heart-directed procedure, renal recipient operation, or dialysis-related operation; not proof of absence of renal disease.",noncardiac_procedure_no_explicit_renal_exclusion
mover,IR ABLATION VEIN LASER,include,"Procedure terminology gives no explicit heart-directed procedure, renal recipient operation, or dialysis-related operation; not proof of absence of renal disease.",noncardiac_procedure_no_explicit_renal_exclusion
mover,IR ANGIO ABDOMINAL,include,"Procedure terminology gives no explicit heart-directed procedure, renal recipient operation, or dialysis-related operation; not proof of absence of renal disease.",noncardiac_procedure_no_explicit_renal_exclusion
mover,IR ANGIO BALLOON ILIAC OCCLUSION,include,"Procedure terminology gives no explicit heart-directed procedure, renal recipient operation, or dialysis-related operation; not proof of absence of renal disease.",noncardiac_procedure_no_explicit_renal_exclusion
mover,IR ANGIO BALLOON OCCLUSION CAROTID,include,"Procedure terminology gives no explicit heart-directed procedure, renal recipient operation, or dialysis-related operation; not proof of absence of renal disease.",noncardiac_procedure_no_explicit_renal_exclusion
mover,IR ANGIO BRTO,include,"Procedure terminology gives no explicit heart-directed procedure, renal recipient operation, or dialysis-related operation; not proof of absence of renal disease.",noncardiac_procedure_no_explicit_renal_exclusion
mover,IR ANGIO CAROTID WADA,include,"Procedure terminology gives no explicit heart-directed procedure, renal recipient operation, or dialysis-related operation; not proof of absence of renal disease.",noncardiac_procedure_no_explicit_renal_exclusion
mover,IR ANGIO CEREBRAL DIAGNOSTIC,include,"Procedure terminology gives no explicit heart-directed procedure, renal recipient operation, or dialysis-related operation; not proof of absence of renal disease.",noncardiac_procedure_no_explicit_renal_exclusion
mover,IR ANGIO EMBO LUNG,include,"Procedure terminology gives no explicit heart-directed procedure, renal recipient operation, or dialysis-related operation; not proof of absence of renal disease.",noncardiac_procedure_no_explicit_renal_exclusion
mover,IR ANGIO EMBO UTERINE FIBROID,include,"Procedure terminology gives no explicit heart-directed procedure, renal recipient operation, or dialysis-related operation; not proof of absence of renal disease.",noncardiac_procedure_no_explicit_renal_exclusion
mover,IR ANGIO LOWER EXTREMITY,include,"Procedure terminology gives no explicit heart-directed procedure, renal recipient operation, or dialysis-related operation; not proof of absence of renal disease.",noncardiac_procedure_no_explicit_renal_exclusion
mover,IR ANGIO MESENTERIC,include,"Procedure terminology gives no explicit heart-directed procedure, renal recipient operation, or dialysis-related operation; not proof of absence of renal disease.",noncardiac_procedure_no_explicit_renal_exclusion
mover,IR ANGIO PELVIS,include,"Procedure terminology gives no explicit heart-directed procedure, renal recipient operation, or dialysis-related operation; not proof of absence of renal disease.",noncardiac_procedure_no_explicit_renal_exclusion
mover,IR ANGIO PLCMT INTRAVASC STENT,uncertain,Missing or nonspecific procedure/site/indication; cannot verify the common eligible surgical/procedural population.,uncertain_procedure_or_site
mover,IR ANGIO PULMONARY,include,"Procedure terminology gives no explicit heart-directed procedure, renal recipient operation, or dialysis-related operation; not proof of absence of renal disease.",noncardiac_procedure_no_explicit_renal_exclusion
mover,IR ANGIO RENAL,include,"Procedure terminology gives no explicit heart-directed procedure, renal recipient operation, or dialysis-related operation; not proof of absence of renal disease.",noncardiac_procedure_no_explicit_renal_exclusion
mover,IR ANGIO UPPER EXTREMITY,include,"Procedure terminology gives no explicit heart-directed procedure, renal recipient operation, or dialysis-related operation; not proof of absence of renal disease.",noncardiac_procedure_no_explicit_renal_exclusion
mover,IR ANGIOGRAM NOS,uncertain,Missing or nonspecific procedure/site/indication; cannot verify the common eligible surgical/procedural population.,uncertain_procedure_or_site
mover,IR ANGIOPLASTY PERIPHERAL,include,"Procedure terminology gives no explicit heart-directed procedure, renal recipient operation, or dialysis-related operation; not proof of absence of renal disease.",noncardiac_procedure_no_explicit_renal_exclusion
mover,IR ASPIRATION BONE MARROW,include,"Procedure terminology gives no explicit heart-directed procedure, renal recipient operation, or dialysis-related operation; not proof of absence of renal disease.",noncardiac_procedure_no_explicit_renal_exclusion
mover,IR ASPIRATION DISC BONE VERTEBRAL,include,"Procedure terminology gives no explicit heart-directed procedure, renal recipient operation, or dialysis-related operation; not proof of absence of renal disease.",noncardiac_procedure_no_explicit_renal_exclusion
mover,IR BIOPSY ABDOMEN,include,"Procedure terminology gives no explicit heart-directed procedure, renal recipient operation, or dialysis-related operation; not proof of absence of renal disease.",noncardiac_procedure_no_explicit_renal_exclusion
mover,IR BIOPSY BONE,include,"Procedure terminology gives no explicit heart-directed procedure, renal recipient operation, or dialysis-related operation; not proof of absence of renal disease.",noncardiac_procedure_no_explicit_renal_exclusion
mover,IR BIOPSY LIVER FOCAL,include,"Procedure terminology gives no explicit heart-directed procedure, renal recipient operation, or dialysis-related operation; not proof of absence of renal disease.",noncardiac_procedure_no_explicit_renal_exclusion
mover,IR BIOPSY LIVER TRANSJUGULAR,include,"Procedure terminology gives no explicit heart-directed procedure, renal recipient operation, or dialysis-related operation; not proof of absence of renal disease.",noncardiac_procedure_no_explicit_renal_exclusion
mover,IR BIOPSY LYMPH NODE,include,"Procedure terminology gives no explicit heart-directed procedure, renal recipient operation, or dialysis-related operation; not proof of absence of renal disease.",noncardiac_procedure_no_explicit_renal_exclusion
mover,IR CHANGE G TO GJ TUBE,include,"Procedure terminology gives no explicit heart-directed procedure, renal recipient operation, or dialysis-related operation; not proof of absence of renal disease.",noncardiac_procedure_no_explicit_renal_exclusion
mover,IR CHNG GASTROSTOMY TUBE,include,"Procedure terminology gives no explicit heart-directed procedure, renal recipient operation, or dialysis-related operation; not proof of absence of renal disease.",noncardiac_procedure_no_explicit_renal_exclusion
mover,IR CHNG NEPHROSTOMY TUBE,include,"Procedure terminology gives no explicit heart-directed procedure, renal recipient operation, or dialysis-related operation; not proof of absence of renal disease.",noncardiac_procedure_no_explicit_renal_exclusion
mover,IR CHOLANGIOGRAM,include,"Procedure terminology gives no explicit heart-directed procedure, renal recipient operation, or dialysis-related operation; not proof of absence of renal disease.",noncardiac_procedure_no_explicit_renal_exclusion
mover,IR CNVRT STENT URETERAL TO NEPHROURETERAL,include,"Procedure terminology gives no explicit heart-directed procedure, renal recipient operation, or dialysis-related operation; not proof of absence of renal disease.",noncardiac_procedure_no_explicit_renal_exclusion
mover,IR CT ALCOHOL ABLTN LIVER,include,"Procedure terminology gives no explicit heart-directed procedure, renal recipient operation, or dialysis-related operation; not proof of absence of renal disease.",noncardiac_procedure_no_explicit_renal_exclusion
mover,IR CT BIOPSY LUNG,include,"Procedure terminology gives no explicit heart-directed procedure, renal recipient operation, or dialysis-related operation; not proof of absence of renal disease.",noncardiac_procedure_no_explicit_renal_exclusion
mover,IR CT BIOPSY LYMPH NODE,include,"Procedure terminology gives no explicit heart-directed procedure, renal recipient operation, or dialysis-related operation; not proof of absence of renal disease.",noncardiac_procedure_no_explicit_renal_exclusion
mover,IR CT BIOPSY MEDIASTINUM,include,"Procedure terminology gives no explicit heart-directed procedure, renal recipient operation, or dialysis-related operation; not proof of absence of renal disease.",noncardiac_procedure_no_explicit_renal_exclusion
mover,IR CT BIOPSY PELVIS,include,"Procedure terminology gives no explicit heart-directed procedure, renal recipient operation, or dialysis-related operation; not proof of absence of renal disease.",noncardiac_procedure_no_explicit_renal_exclusion
mover,IR CT BIOPSY RENAL,include,"Procedure terminology gives no explicit heart-directed procedure, renal recipient operation, or dialysis-related operation; not proof of absence of renal disease.",noncardiac_procedure_no_explicit_renal_exclusion
mover,IR CT CRYOABLATION KIDNEY,include,"Procedure terminology gives no explicit heart-directed procedure, renal recipient operation, or dialysis-related operation; not proof of absence of renal disease.",noncardiac_procedure_no_explicit_renal_exclusion
mover,IR CT CRYOABLATION LIVER LUNG,include,"Procedure terminology gives no explicit heart-directed procedure, renal recipient operation, or dialysis-related operation; not proof of absence of renal disease.",noncardiac_procedure_no_explicit_renal_exclusion
mover,IR CT FOR GUIDANCE OF NEEDLE PLACEMENT,include,"Procedure terminology gives no explicit heart-directed procedure, renal recipient operation, or dialysis-related operation; not proof of absence of renal disease.",noncardiac_procedure_no_explicit_renal_exclusion
mover,IR CT MICROWAVE ABLTN LIVER,include,"Procedure terminology gives no explicit heart-directed procedure, renal recipient operation, or dialysis-related operation; not proof of absence of renal disease.",noncardiac_procedure_no_explicit_renal_exclusion
mover,IR CT MICROWAVE ABLTN LUNG,include,"Procedure terminology gives no explicit heart-directed procedure, renal recipient operation, or dialysis-related operation; not proof of absence of renal disease.",noncardiac_procedure_no_explicit_renal_exclusion
mover,IR CT RFA BONE,include,"Procedure terminology gives no explicit heart-directed procedure, renal recipient operation, or dialysis-related operation; not proof of absence of renal disease.",noncardiac_procedure_no_explicit_renal_exclusion
mover,IR CT RFA LIVER,include,"Procedure terminology gives no explicit heart-directed procedure, renal recipient operation, or dialysis-related operation; not proof of absence of renal disease.",noncardiac_procedure_no_explicit_renal_exclusion
mover,IR DRAINAGE ABSCESS CYST,uncertain,Missing or nonspecific procedure/site/indication; cannot verify the common eligible surgical/procedural population.,uncertain_procedure_or_site
mover,IR DRAINAGE ABSCESS RENAL,include,"Procedure terminology gives no explicit heart-directed procedure, renal recipient operation, or dialysis-related operation; not proof of absence of renal disease.",noncardiac_procedure_no_explicit_renal_exclusion
mover,IR DRAINAGE PERITONEAL,include,"Procedure terminology gives no explicit heart-directed procedure, renal recipient operation, or dialysis-related operation; not proof of absence of renal disease.",noncardiac_procedure_no_explicit_renal_exclusion
mover,IR DRAINAGE RETROPERITONEAL,include,"Procedure terminology gives no explicit heart-directed procedure, renal recipient operation, or dialysis-related operation; not proof of absence of renal disease.",noncardiac_procedure_no_explicit_renal_exclusion
mover,IR EMBO NON-CNS,include,"Procedure terminology gives no explicit heart-directed procedure, renal recipient operation, or dialysis-related operation; not proof of absence of renal disease.",noncardiac_procedure_no_explicit_renal_exclusion
mover,IR EMBO PERIPHERAL AVM,include,"Procedure terminology gives no explicit heart-directed procedure, renal recipient operation, or dialysis-related operation; not proof of absence of renal disease.",noncardiac_procedure_no_explicit_renal_exclusion
mover,IR EMBO TABE,include,"Procedure terminology gives no explicit heart-directed procedure, renal recipient operation, or dialysis-related operation; not proof of absence of renal disease.",noncardiac_procedure_no_explicit_renal_exclusion
mover,IR EMBO TACE CHEMO,include,"Procedure terminology gives no explicit heart-directed procedure, renal recipient operation, or dialysis-related operation; not proof of absence of renal disease.",noncardiac_procedure_no_explicit_renal_exclusion
mover,IR EMBO TARE,include,"Procedure terminology gives no explicit heart-directed procedure, renal recipient operation, or dialysis-related operation; not proof of absence of renal disease.",noncardiac_procedure_no_explicit_renal_exclusion
mover,IR EMBOLIZATION OF HEAD OR NECK VESSELS,include,"Procedure terminology gives no explicit heart-directed procedure, renal recipient operation, or dialysis-related operation; not proof of absence of renal disease.",noncardiac_procedure_no_explicit_renal_exclusion
mover,IR EXCHNG BILIARY DRAINAGE TUBE,include,"Procedure terminology gives no explicit heart-directed procedure, renal recipient operation, or dialysis-related operation; not proof of absence of renal disease.",noncardiac_procedure_no_explicit_renal_exclusion
mover,IR INFUSION THROMBOLYSIS CEREBRAL,include,"Procedure terminology gives no explicit heart-directed procedure, renal recipient operation, or dialysis-related operation; not proof of absence of renal disease.",noncardiac_procedure_no_explicit_renal_exclusion
mover,IR INJECT REMOVE NEPH TUBE,include,"Procedure terminology gives no explicit heart-directed procedure, renal recipient operation, or dialysis-related operation; not proof of absence of renal disease.",noncardiac_procedure_no_explicit_renal_exclusion
mover,IR INJECTION CELIAC PLEXUS,include,"Procedure terminology gives no explicit heart-directed procedure, renal recipient operation, or dialysis-related operation; not proof of absence of renal disease.",noncardiac_procedure_no_explicit_renal_exclusion
mover,IR INSERT BILIARY TUBE,include,"Procedure terminology gives no explicit heart-directed procedure, renal recipient operation, or dialysis-related operation; not proof of absence of renal disease.",noncardiac_procedure_no_explicit_renal_exclusion
mover,IR INSERT CHOLECYSTOSTOMY TUBE,include,"Procedure terminology gives no explicit heart-directed procedure, renal recipient operation, or dialysis-related operation; not proof of absence of renal disease.",noncardiac_procedure_no_explicit_renal_exclusion
mover,IR INSERT NEPHROURETERAL STENT,include,"Procedure terminology gives no explicit heart-directed procedure, renal recipient operation, or dialysis-related operation; not proof of absence of renal disease.",noncardiac_procedure_no_explicit_renal_exclusion
mover,IR KYPHOPLASTY LUMBAR,include,"Procedure terminology gives no explicit heart-directed procedure, renal recipient operation, or dialysis-related operation; not proof of absence of renal disease.",noncardiac_procedure_no_explicit_renal_exclusion
mover,IR KYPHOPLASTY THORACIC,include,"Procedure terminology gives no explicit heart-directed procedure, renal recipient operation, or dialysis-related operation; not proof of absence of renal disease.",noncardiac_procedure_no_explicit_renal_exclusion
mover,IR LUMBAR PUNCTURE DIAGNOSTIC OR THERAPUTIC,include,"Procedure terminology gives no explicit heart-directed procedure, renal recipient operation, or dialysis-related operation; not proof of absence of renal disease.",noncardiac_procedure_no_explicit_renal_exclusion
mover,IR NEPHROSTOGRAM,include,"Procedure terminology gives no explicit heart-directed procedure, renal recipient operation, or dialysis-related operation; not proof of absence of renal disease.",noncardiac_procedure_no_explicit_renal_exclusion
mover,IR NEPHROSTOMY TUBE,include,"Procedure terminology gives no explicit heart-directed procedure, renal recipient operation, or dialysis-related operation; not proof of absence of renal disease.",noncardiac_procedure_no_explicit_renal_exclusion
mover,IR PARACENTESIS,include,"Procedure terminology gives no explicit heart-directed procedure, renal recipient operation, or dialysis-related operation; not proof of absence of renal disease.",noncardiac_procedure_no_explicit_renal_exclusion
mover,IR PLCMT CENTRAL LINE,include,"Procedure terminology gives no explicit heart-directed procedure, renal recipient operation, or dialysis-related operation; not proof of absence of renal disease.",noncardiac_procedure_no_explicit_renal_exclusion
mover,IR PLCMT CHEST TUBE,include,"Procedure terminology gives no explicit heart-directed procedure, renal recipient operation, or dialysis-related operation; not proof of absence of renal disease.",noncardiac_procedure_no_explicit_renal_exclusion
mover,IR PLCMT CHEST TUBE PNEUMO,include,"Procedure terminology gives no explicit heart-directed procedure, renal recipient operation, or dialysis-related operation; not proof of absence of renal disease.",noncardiac_procedure_no_explicit_renal_exclusion
mover,IR PLCMT GASTROJEJUNOSTOMY TUBE,include,"Procedure terminology gives no explicit heart-directed procedure, renal recipient operation, or dialysis-related operation; not proof of absence of renal disease.",noncardiac_procedure_no_explicit_renal_exclusion
mover,IR PLCMT GASTROSTOMY TUBE,include,"Procedure terminology gives no explicit heart-directed procedure, renal recipient operation, or dialysis-related operation; not proof of absence of renal disease.",noncardiac_procedure_no_explicit_renal_exclusion
mover,IR PLCMT IVC FILTER,include,"Procedure terminology gives no explicit heart-directed procedure, renal recipient operation, or dialysis-related operation; not proof of absence of renal disease.",noncardiac_procedure_no_explicit_renal_exclusion
mover,IR PLCMT NJ TUBE,include,"Procedure terminology gives no explicit heart-directed procedure, renal recipient operation, or dialysis-related operation; not proof of absence of renal disease.",noncardiac_procedure_no_explicit_renal_exclusion
mover,IR PLCMT STENT CAROTID,include,"Procedure terminology gives no explicit heart-directed procedure, renal recipient operation, or dialysis-related operation; not proof of absence of renal disease.",noncardiac_procedure_no_explicit_renal_exclusion
mover,IR PLCMT TUN PERITONEAL CATH,include,"Procedure terminology gives no explicit heart-directed procedure, renal recipient operation, or dialysis-related operation; not proof of absence of renal disease.",noncardiac_procedure_no_explicit_renal_exclusion
mover,IR PLCMT TUNNELED CATH,uncertain,Missing or nonspecific procedure/site/indication; cannot verify the common eligible surgical/procedural population.,uncertain_procedure_or_site
mover,IR PLCMT VASCULAR PORT,include,"Procedure terminology gives no explicit heart-directed procedure, renal recipient operation, or dialysis-related operation; not proof of absence of renal disease.",noncardiac_procedure_no_explicit_renal_exclusion
mover,IR PSA THROMBIN INJECTION,include,"Procedure terminology gives no explicit heart-directed procedure, renal recipient operation, or dialysis-related operation; not proof of absence of renal disease.",noncardiac_procedure_no_explicit_renal_exclusion
mover,IR RADIOLOGY PROCEDURE NOS,uncertain,Missing or nonspecific procedure/site/indication; cannot verify the common eligible surgical/procedural population.,uncertain_procedure_or_site
mover,IR RENAL BIOPSY,include,"Procedure terminology gives no explicit heart-directed procedure, renal recipient operation, or dialysis-related operation; not proof of absence of renal disease.",noncardiac_procedure_no_explicit_renal_exclusion
mover,IR REPLACE DUO OR J TUBE,include,"Procedure terminology gives no explicit heart-directed procedure, renal recipient operation, or dialysis-related operation; not proof of absence of renal disease.",noncardiac_procedure_no_explicit_renal_exclusion
mover,IR REPLACE GJ TUBE,include,"Procedure terminology gives no explicit heart-directed procedure, renal recipient operation, or dialysis-related operation; not proof of absence of renal disease.",noncardiac_procedure_no_explicit_renal_exclusion
mover,IR REPLACE TUNNELED CATH,uncertain,Missing or nonspecific procedure/site/indication; cannot verify the common eligible surgical/procedural population.,uncertain_procedure_or_site
mover,IR RMVL  BILIARY DUCT CALCULUS,include,"Procedure terminology gives no explicit heart-directed procedure, renal recipient operation, or dialysis-related operation; not proof of absence of renal disease.",noncardiac_procedure_no_explicit_renal_exclusion
mover,IR RMVL IVC FILTER,include,"Procedure terminology gives no explicit heart-directed procedure, renal recipient operation, or dialysis-related operation; not proof of absence of renal disease.",noncardiac_procedure_no_explicit_renal_exclusion
mover,IR RMVL TUNNELED CATH,uncertain,Missing or nonspecific procedure/site/indication; cannot verify the common eligible surgical/procedural population.,uncertain_procedure_or_site
mover,IR RMVL VASCULAR PORT,include,"Procedure terminology gives no explicit heart-directed procedure, renal recipient operation, or dialysis-related operation; not proof of absence of renal disease.",noncardiac_procedure_no_explicit_renal_exclusion
mover,IR THORACENTESIS,include,"Procedure terminology gives no explicit heart-directed procedure, renal recipient operation, or dialysis-related operation; not proof of absence of renal disease.",noncardiac_procedure_no_explicit_renal_exclusion
mover,IR THROMBOLYSIS PERIPH CENTRAL,include,"Procedure terminology gives no explicit heart-directed procedure, renal recipient operation, or dialysis-related operation; not proof of absence of renal disease.",noncardiac_procedure_no_explicit_renal_exclusion
mover,IR TIPS INSERTION,include,"Procedure terminology gives no explicit heart-directed procedure, renal recipient operation, or dialysis-related operation; not proof of absence of renal disease.",noncardiac_procedure_no_explicit_renal_exclusion
mover,IR TUBE CHECK,uncertain,Missing or nonspecific procedure/site/indication; cannot verify the common eligible surgical/procedural population.,uncertain_procedure_or_site
mover,IR URETERAL STENT CHANGE,include,"Procedure terminology gives no explicit heart-directed procedure, renal recipient operation, or dialysis-related operation; not proof of absence of renal disease.",noncardiac_procedure_no_explicit_renal_exclusion
mover,IR US BIOPSY NEEDLE PLCMT,uncertain,Missing or nonspecific procedure/site/indication; cannot verify the common eligible surgical/procedural population.,uncertain_procedure_or_site
mover,IR US BIOPSY RENAL,include,"Procedure terminology gives no explicit heart-directed procedure, renal recipient operation, or dialysis-related operation; not proof of absence of renal disease.",noncardiac_procedure_no_explicit_renal_exclusion
mover,IR VENOGRAM NOS,uncertain,Missing or nonspecific procedure/site/indication; cannot verify the common eligible surgical/procedural population.,uncertain_procedure_or_site
mover,IR VENOGRAM RENAL,include,"Procedure terminology gives no explicit heart-directed procedure, renal recipient operation, or dialysis-related operation; not proof of absence of renal disease.",noncardiac_procedure_no_explicit_renal_exclusion
mover,IR VENOGRAM SVC,include,"Procedure terminology gives no explicit heart-directed procedure, renal recipient operation, or dialysis-related operation; not proof of absence of renal disease.",noncardiac_procedure_no_explicit_renal_exclusion
mover,IRIDECTOMY,include,"Procedure terminology gives no explicit heart-directed procedure, renal recipient operation, or dialysis-related operation; not proof of absence of renal disease.",noncardiac_procedure_no_explicit_renal_exclusion
mover,"IRRIGATION AND DEBRIDEMENT, ABSCESS",include,"Procedure terminology gives no explicit heart-directed procedure, renal recipient operation, or dialysis-related operation; not proof of absence of renal disease.",noncardiac_procedure_no_explicit_renal_exclusion
mover,"IRRIGATION AND DEBRIDEMENT, ABSCESS, NECK",include,"Procedure terminology gives no explicit heart-directed procedure, renal recipient operation, or dialysis-related operation; not proof of absence of renal disease.",noncardiac_procedure_no_explicit_renal_exclusion
mover,"IRRIGATION AND DEBRIDEMENT, ABSCESS, PERIRECTAL",include,"Procedure terminology gives no explicit heart-directed procedure, renal recipient operation, or dialysis-related operation; not proof of absence of renal disease.",noncardiac_procedure_no_explicit_renal_exclusion
mover,"IRRIGATION AND DEBRIDEMENT, BURN WOUND",include,"Procedure terminology gives no explicit heart-directed procedure, renal recipient operation, or dialysis-related operation; not proof of absence of renal disease.",noncardiac_procedure_no_explicit_renal_exclusion
mover,"IRRIGATION AND DEBRIDEMENT, COMPLEX",include,"Procedure terminology gives no explicit heart-directed procedure, renal recipient operation, or dialysis-related operation; not proof of absence of renal disease.",noncardiac_procedure_no_explicit_renal_exclusion
mover,"IRRIGATION AND DEBRIDEMENT, EXTREMITY",include,"Procedure terminology gives no explicit heart-directed procedure, renal recipient operation, or dialysis-related operation; not proof of absence of renal disease.",noncardiac_procedure_no_explicit_renal_exclusion
mover,"IRRIGATION AND DEBRIDEMENT, FOOT",include,"Procedure terminology gives no explicit heart-directed procedure, renal recipient operation, or dialysis-related operation; not proof of absence of renal disease.",noncardiac_procedure_no_explicit_renal_exclusion
mover,"IRRIGATION AND DEBRIDEMENT, HAND",include,"Procedure terminology gives no explicit heart-directed procedure, renal recipient operation, or dialysis-related operation; not proof of absence of renal disease.",noncardiac_procedure_no_explicit_renal_exclusion
mover,"IRRIGATION AND DEBRIDEMENT, HIP",include,"Procedure terminology gives no explicit heart-directed procedure, renal recipient operation, or dialysis-related operation; not proof of absence of renal disease.",noncardiac_procedure_no_explicit_renal_exclusion
mover,"IRRIGATION AND DEBRIDEMENT, HIP, WITH REMOVAL OR INSERTION OF HIP SPACER",include,"Procedure terminology gives no explicit heart-directed procedure, renal recipient operation, or dialysis-related operation; not proof of absence of renal disease.",noncardiac_procedure_no_explicit_renal_exclusion
mover,"IRRIGATION AND DEBRIDEMENT, KNEE",include,"Procedure terminology gives no explicit heart-directed procedure, renal recipient operation, or dialysis-related operation; not proof of absence of renal disease.",noncardiac_procedure_no_explicit_renal_exclusion
mover,"IRRIGATION AND DEBRIDEMENT, LOWER EXTREMITY",include,"Procedure terminology gives no explicit heart-directed procedure, renal recipient operation, or dialysis-related operation; not proof of absence of renal disease.",noncardiac_procedure_no_explicit_renal_exclusion
mover,"IRRIGATION AND DEBRIDEMENT, NECK",include,"Procedure terminology gives no explicit heart-directed procedure, renal recipient operation, or dialysis-related operation; not proof of absence of renal disease.",noncardiac_procedure_no_explicit_renal_exclusion
mover,"IRRIGATION AND DEBRIDEMENT, SCROTUM",include,"Procedure terminology gives no explicit heart-directed procedure, renal recipient operation, or dialysis-related operation; not proof of absence of renal disease.",noncardiac_procedure_no_explicit_renal_exclusion
mover,"IRRIGATION AND DEBRIDEMENT, SPINE",include,"Procedure terminology gives no explicit heart-directed procedure, renal recipient operation, or dialysis-related operation; not proof of absence of renal disease.",noncardiac_procedure_no_explicit_renal_exclusion
mover,"IRRIGATION AND DEBRIDEMENT, UPPER EXTREMITY",include,"Procedure terminology gives no explicit heart-directed procedure, renal recipient operation, or dialysis-related operation; not proof of absence of renal disease.",noncardiac_procedure_no_explicit_renal_exclusion
mover,"IRRIGATION AND DEBRIDEMENT, WOUND",include,"Procedure terminology gives no explicit heart-directed procedure, renal recipient operation, or dialysis-related operation; not proof of absence of renal disease.",noncardiac_procedure_no_explicit_renal_exclusion
mover,"IRRIGATION AND DEBRIDEMENT, WOUND, HIP, AFTER GIRDLESTONE PROCEDURE",include,"Procedure terminology gives no explicit heart-directed procedure, renal recipient operation, or dialysis-related operation; not proof of absence of renal disease.",noncardiac_procedure_no_explicit_renal_exclusion
mover,"IRRIGATION AND DEBRIDEMENT, WOUND, RELATED TO IMPAIRED POSTOPERATIVE HEALING",include,"Procedure terminology gives no explicit heart-directed procedure, renal recipient operation, or dialysis-related operation; not proof of absence of renal disease.",noncardiac_procedure_no_explicit_renal_exclusion
mover,"IRRIGATION, WOUND, ABDOMEN",include,"Procedure terminology gives no explicit heart-directed procedure, renal recipient operation, or dialysis-related operation; not proof of absence of renal disease.",noncardiac_procedure_no_explicit_renal_exclusion
mover,"JEJUNOSTOMY, LAPAROSCOPIC",include,"Procedure terminology gives no explicit heart-directed procedure, renal recipient operation, or dialysis-related operation; not proof of absence of renal disease.",noncardiac_procedure_no_explicit_renal_exclusion
mover,"KERATOPLASTY, PENETRATING",include,"Procedure terminology gives no explicit heart-directed procedure, renal recipient operation, or dialysis-related operation; not proof of absence of renal disease.",noncardiac_procedure_no_explicit_renal_exclusion
mover,KYPHOPLASTY,include,"Procedure terminology gives no explicit heart-directed procedure, renal recipient operation, or dialysis-related operation; not proof of absence of renal disease.",noncardiac_procedure_no_explicit_renal_exclusion
mover,"LABIAPLASTY, VULVA",include,"Procedure terminology gives no explicit heart-directed procedure, renal recipient operation, or dialysis-related operation; not proof of absence of renal disease.",noncardiac_procedure_no_explicit_renal_exclusion
mover,"LAMINECTOMY WITH DISCECTOMY, CERVICAL, ANTERIOR APPROACH, WITH FUSION USING AUTOGRAFT OR ALLOGRAFT",include,"Procedure terminology gives no explicit heart-directed procedure, renal recipient operation, or dialysis-related operation; not proof of absence of renal disease.",noncardiac_procedure_no_explicit_renal_exclusion
mover,"LAMINECTOMY, CERVICAL, POSTERIOR APPROACH, WITH INSTRUMENTATION, NEURO",include,"Procedure terminology gives no explicit heart-directed procedure, renal recipient operation, or dialysis-related operation; not proof of absence of renal disease.",noncardiac_procedure_no_explicit_renal_exclusion
mover,"LAMINECTOMY, DECOMPRESSIVE",include,"Procedure terminology gives no explicit heart-directed procedure, renal recipient operation, or dialysis-related operation; not proof of absence of renal disease.",noncardiac_procedure_no_explicit_renal_exclusion
mover,"LAMINECTOMY, LUMBAR",include,"Procedure terminology gives no explicit heart-directed procedure, renal recipient operation, or dialysis-related operation; not proof of absence of renal disease.",noncardiac_procedure_no_explicit_renal_exclusion
mover,"LAMINECTOMY, SPINE, CERVICAL, POSTERIOR APPROACH",include,"Procedure terminology gives no explicit heart-directed procedure, renal recipient operation, or dialysis-related operation; not proof of absence of renal disease.",noncardiac_procedure_no_explicit_renal_exclusion
mover,"LAMINECTOMY, SPINE, LUMBAR, FOR TETHERED CORD RELEASE",include,"Procedure terminology gives no explicit heart-directed procedure, renal recipient operation, or dialysis-related operation; not proof of absence of renal disease.",noncardiac_procedure_no_explicit_renal_exclusion
mover,"LAMINECTOMY, SPINE, LUMBAR, WITH PLIF",include,"Procedure terminology gives no explicit heart-directed procedure, renal recipient operation, or dialysis-related operation; not proof of absence of renal disease.",noncardiac_procedure_no_explicit_renal_exclusion
mover,"LAMINECTOMY, SPINE, THORACIC",include,"Procedure terminology gives no explicit heart-directed procedure, renal recipient operation, or dialysis-related operation; not proof of absence of renal disease.",noncardiac_procedure_no_explicit_renal_exclusion
mover,"LAMINECTOMY, SPINE, WITH MICRODISCECTOMY",include,"Procedure terminology gives no explicit heart-directed procedure, renal recipient operation, or dialysis-related operation; not proof of absence of renal disease.",noncardiac_procedure_no_explicit_renal_exclusion
mover,"LAMINECTOMY, SPINE, WITH NEOPLASM EXCISION",include,"Procedure terminology gives no explicit heart-directed procedure, renal recipient operation, or dialysis-related operation; not proof of absence of renal disease.",noncardiac_procedure_no_explicit_renal_exclusion
mover,"LAMINECTOMY, THORACIC",include,"Procedure terminology gives no explicit heart-directed procedure, renal recipient operation, or dialysis-related operation; not proof of absence of renal disease.",noncardiac_procedure_no_explicit_renal_exclusion
mover,"LAMINECTOMY, THORACIC OR LUMBAR, POSTERIOR APPROACH",include,"Procedure terminology gives no explicit heart-directed procedure, renal recipient operation, or dialysis-related operation; not proof of absence of renal disease.",noncardiac_procedure_no_explicit_renal_exclusion
mover,"LAMINECTOMY, WITH DISCECTOMY AND FUSION, LUMBAR, POSTERIOR APPROACH, USING AUTOGRAFT OR ALLOGRAFT",include,"Procedure terminology gives no explicit heart-directed procedure, renal recipient operation, or dialysis-related operation; not proof of absence of renal disease.",noncardiac_procedure_no_explicit_renal_exclusion
mover,"LAMINOPLASTY, SPINE, CERVICAL, POSTERIOR APPROACH",include,"Procedure terminology gives no explicit heart-directed procedure, renal recipient operation, or dialysis-related operation; not proof of absence of renal disease.",noncardiac_procedure_no_explicit_renal_exclusion
mover,"LAPAROSCOPIC REPAIR, PARAESOPHAGEAL HERNIA",include,"Procedure terminology gives no explicit heart-directed procedure, renal recipient operation, or dialysis-related operation; not proof of absence of renal disease.",noncardiac_procedure_no_explicit_renal_exclusion
mover,"LAPAROSCOPY, DIAGNOSTIC",include,"Procedure terminology gives no explicit heart-directed procedure, renal recipient operation, or dialysis-related operation; not proof of absence of renal disease.",noncardiac_procedure_no_explicit_renal_exclusion
mover,"LAPAROSCOPY, DIAGNOSTIC, WITH ECTOPIC PREGNANCY EXCISION, WITH LAPAROTOMY IF INDICATED",include,"Procedure terminology gives no explicit heart-directed procedure, renal recipient operation, or dialysis-related operation; not proof of absence of renal disease.",noncardiac_procedure_no_explicit_renal_exclusion
mover,"LAPAROSCOPY, DIAGNOSTIC, WITH EXPLORATORY LAPAROTOMY AND LIVER RESECTION",include,"Procedure terminology gives no explicit heart-directed procedure, renal recipient operation, or dialysis-related operation; not proof of absence of renal disease.",noncardiac_procedure_no_explicit_renal_exclusion
mover,"LAPAROSCOPY, DIAGNOSTIC, WITH EXPLORATORY LAPAROTOMY IF INDICATED",include,"Procedure terminology gives no explicit heart-directed procedure, renal recipient operation, or dialysis-related operation; not proof of absence of renal disease.",noncardiac_procedure_no_explicit_renal_exclusion
mover,"LAPAROSCOPY, EXPLORATORY",include,"Procedure terminology gives no explicit heart-directed procedure, renal recipient operation, or dialysis-related operation; not proof of absence of renal disease.",noncardiac_procedure_no_explicit_renal_exclusion
mover,"LAPAROSCOPY, EXPLORATORY, WITH LIVER RESECTION",include,"Procedure terminology gives no explicit heart-directed procedure, renal recipient operation, or dialysis-related operation; not proof of absence of renal disease.",noncardiac_procedure_no_explicit_renal_exclusion
mover,"LAPAROSCOPY, STAGING",include,"Procedure terminology gives no explicit heart-directed procedure, renal recipient operation, or dialysis-related operation; not proof of absence of renal disease.",noncardiac_procedure_no_explicit_renal_exclusion
mover,"LAPAROSCOPY, STAGING, WITH JEJUNOSTOMY CREATION",include,"Procedure terminology gives no explicit heart-directed procedure, renal recipient operation, or dialysis-related operation; not proof of absence of renal disease.",noncardiac_procedure_no_explicit_renal_exclusion
mover,"LAPAROSCOPY, WITH ERCP",include,"Procedure terminology gives no explicit heart-directed procedure, renal recipient operation, or dialysis-related operation; not proof of absence of renal disease.",noncardiac_procedure_no_explicit_renal_exclusion
mover,"LAPAROTOMY, EXPLORATORY",include,"Procedure terminology gives no explicit heart-directed procedure, renal recipient operation, or dialysis-related operation; not proof of absence of renal disease.",noncardiac_procedure_no_explicit_renal_exclusion
mover,"LAPAROTOMY, EXPLORATORY, EMERGENT FOR ABDOMINAL TRAUMA",include,"Procedure terminology gives no explicit heart-directed procedure, renal recipient operation, or dialysis-related operation; not proof of absence of renal disease.",noncardiac_procedure_no_explicit_renal_exclusion
mover,"LAPAROTOMY, EXPLORATORY, FOR STAGING",include,"Procedure terminology gives no explicit heart-directed procedure, renal recipient operation, or dialysis-related operation; not proof of absence of renal disease.",noncardiac_procedure_no_explicit_renal_exclusion
mover,"LAPAROTOMY, EXPLORATORY, WITH BOWEL RESECTION",include,"Procedure terminology gives no explicit heart-directed procedure, renal recipient operation, or dialysis-related operation; not proof of absence of renal disease.",noncardiac_procedure_no_explicit_renal_exclusion
mover,"LAPAROTOMY, EXPLORATORY, WITH ILEOSTOMY CREATION",include,"Procedure terminology gives no explicit heart-directed procedure, renal recipient operation, or dialysis-related operation; not proof of absence of renal disease.",noncardiac_procedure_no_explicit_renal_exclusion
mover,"LAPAROTOMY, EXPLORATORY, WITH LYSIS OF ADHESIONS AND ILEOSTOMY CLOSURE",include,"Procedure terminology gives no explicit heart-directed procedure, renal recipient operation, or dialysis-related operation; not proof of absence of renal disease.",noncardiac_procedure_no_explicit_renal_exclusion
mover,"LAPAROTOMY, EXPLORATORY, WITH SALPINGO-OOPHORECTOMY",include,"Procedure terminology gives no explicit heart-directed procedure, renal recipient operation, or dialysis-related operation; not proof of absence of renal disease.",noncardiac_procedure_no_explicit_renal_exclusion
mover,LARYNGECTOMY,include,"Procedure terminology gives no explicit heart-directed procedure, renal recipient operation, or dialysis-related operation; not proof of absence of renal disease.",noncardiac_procedure_no_explicit_renal_exclusion
mover,"LARYNGECTOMY, TOTAL, WITH RADICAL NECK DISSECTION",include,"Procedure terminology gives no explicit heart-directed procedure, renal recipient operation, or dialysis-related operation; not proof of absence of renal disease.",noncardiac_procedure_no_explicit_renal_exclusion
mover,"LARYNGECTOMY, TOTAL, WITHOUT RADICAL NECK DISSECTION",include,"Procedure terminology gives no explicit heart-directed procedure, renal recipient operation, or dialysis-related operation; not proof of absence of renal disease.",noncardiac_procedure_no_explicit_renal_exclusion
mover,LARYNGOSCOPY,include,"Procedure terminology gives no explicit heart-directed procedure, renal recipient operation, or dialysis-related operation; not proof of absence of renal disease.",noncardiac_procedure_no_explicit_renal_exclusion
mover,"LARYNGOSCOPY, DIAGNOSTIC, FLEXIBLE",include,"Procedure terminology gives no explicit heart-directed procedure, renal recipient operation, or dialysis-related operation; not proof of absence of renal disease.",noncardiac_procedure_no_explicit_renal_exclusion
mover,"LARYNGOSCOPY, DIRECT",include,"Procedure terminology gives no explicit heart-directed procedure, renal recipient operation, or dialysis-related operation; not proof of absence of renal disease.",noncardiac_procedure_no_explicit_renal_exclusion
mover,"LARYNGOSCOPY, DIRECT, DIAGNOSTIC",include,"Procedure terminology gives no explicit heart-directed procedure, renal recipient operation, or dialysis-related operation; not proof of absence of renal disease.",noncardiac_procedure_no_explicit_renal_exclusion
mover,"LARYNGOSCOPY, DIRECT, DIAGNOSTIC, WITH BRONCHOSCOPY AND ESOPHAGOSCOPY",include,"Procedure terminology gives no explicit heart-directed procedure, renal recipient operation, or dialysis-related operation; not proof of absence of renal disease.",noncardiac_procedure_no_explicit_renal_exclusion
mover,"LARYNGOSCOPY, DIRECT, WITH BIOPSY",include,"Procedure terminology gives no explicit heart-directed procedure, renal recipient operation, or dialysis-related operation; not proof of absence of renal disease.",noncardiac_procedure_no_explicit_renal_exclusion
mover,"LARYNGOSCOPY, DIRECT, WITH BIOPSY USING MICROSCOPE",include,"Procedure terminology gives no explicit heart-directed procedure, renal recipient operation, or dialysis-related operation; not proof of absence of renal disease.",noncardiac_procedure_no_explicit_renal_exclusion
mover,"LARYNGOSCOPY, DIRECT, WITH ESOPHAGOSCOPY AND BIOPSY",include,"Procedure terminology gives no explicit heart-directed procedure, renal recipient operation, or dialysis-related operation; not proof of absence of renal disease.",noncardiac_procedure_no_explicit_renal_exclusion
mover,"LARYNGOSCOPY, DIRECT, WITH LESION EXCISION USING OPERATING MICROSCOPE",include,"Procedure terminology gives no explicit heart-directed procedure, renal recipient operation, or dialysis-related operation; not proof of absence of renal disease.",noncardiac_procedure_no_explicit_renal_exclusion
mover,"LASER ABLATION, GREATER SAPHENOUS VEIN",include,"Procedure terminology gives no explicit heart-directed procedure, renal recipient operation, or dialysis-related operation; not proof of absence of renal disease.",noncardiac_procedure_no_explicit_renal_exclusion
mover,"LAVAGE, LUNG, TOTAL",include,"Procedure terminology gives no explicit heart-directed procedure, renal recipient operation, or dialysis-related operation; not proof of absence of renal disease.",noncardiac_procedure_no_explicit_renal_exclusion
mover,LD PUBS AND FETAL TRANSFUSION,include,"Procedure terminology gives no explicit heart-directed procedure, renal recipient operation, or dialysis-related operation; not proof of absence of renal disease.",noncardiac_procedure_no_explicit_renal_exclusion
mover,"LEEP CONIZATION, CERVIX",include,"Procedure terminology gives no explicit heart-directed procedure, renal recipient operation, or dialysis-related operation; not proof of absence of renal disease.",noncardiac_procedure_no_explicit_renal_exclusion
mover,LEEP PROCEDURE,include,"Procedure terminology gives no explicit heart-directed procedure, renal recipient operation, or dialysis-related operation; not proof of absence of renal disease.",noncardiac_procedure_no_explicit_renal_exclusion
mover,"LENGTHENING, TENDON, ACHILLES",include,"Procedure terminology gives no explicit heart-directed procedure, renal recipient operation, or dialysis-related operation; not proof of absence of renal disease.",noncardiac_procedure_no_explicit_renal_exclusion
mover,LENSECTOMY,include,"Procedure terminology gives no explicit heart-directed procedure, renal recipient operation, or dialysis-related operation; not proof of absence of renal disease.",noncardiac_procedure_no_explicit_renal_exclusion
mover,"LEUKOPHERESIS, THERAPEUTIC",include,"Procedure terminology gives no explicit heart-directed procedure, renal recipient operation, or dialysis-related operation; not proof of absence of renal disease.",noncardiac_procedure_no_explicit_renal_exclusion
mover,"LIGATION OR EXCLUSION, LEFT ATRIAL APPENDAGE",exclude,Explicit heart/coronary/valve/rhythm/pericardial procedure or standalone cardiac diagnostic procedure; not all entries are cardiac surgery.,heart_directed_procedure
mover,"LIGATION, ANEURYSM, INTRACRANIAL, BY CRANIOTOMY, USING CLIP",include,"Procedure terminology gives no explicit heart-directed procedure, renal recipient operation, or dialysis-related operation; not proof of absence of renal disease.",noncardiac_procedure_no_explicit_renal_exclusion
mover,"LIGATION, AV FISTULA",uncertain,AV access/fistulogram or alternate dialysis versus central venous catheter title does not establish dialysis indication; exclude from main cohort for unresolved procedure classification.,uncertain_access_indication
mover,"LIGATION, FALLOPIAN TUBE, BILATERAL, LAPAROSCOPIC",include,"Procedure terminology gives no explicit heart-directed procedure, renal recipient operation, or dialysis-related operation; not proof of absence of renal disease.",noncardiac_procedure_no_explicit_renal_exclusion
mover,"LIGATION, FALLOPIAN TUBE, POSTPARTUM",include,"Procedure terminology gives no explicit heart-directed procedure, renal recipient operation, or dialysis-related operation; not proof of absence of renal disease.",noncardiac_procedure_no_explicit_renal_exclusion
mover,"LIGATION,INTERNAL FISTULA TRACT",include,"Procedure terminology gives no explicit heart-directed procedure, renal recipient operation, or dialysis-related operation; not proof of absence of renal disease.",noncardiac_procedure_no_explicit_renal_exclusion
mover,"LIPECTOMY, ABDOMINAL",include,"Procedure terminology gives no explicit heart-directed procedure, renal recipient operation, or dialysis-related operation; not proof of absence of renal disease.",noncardiac_procedure_no_explicit_renal_exclusion
mover,LIPOSUCTION,include,"Procedure terminology gives no explicit heart-directed procedure, renal recipient operation, or dialysis-related operation; not proof of absence of renal disease.",noncardiac_procedure_no_explicit_renal_exclusion
mover,"LIPOSUCTION, ABDOMEN",include,"Procedure terminology gives no explicit heart-directed procedure, renal recipient operation, or dialysis-related operation; not proof of absence of renal disease.",noncardiac_procedure_no_explicit_renal_exclusion
mover,"LIPOSUCTION, CHIN",include,"Procedure terminology gives no explicit heart-directed procedure, renal recipient operation, or dialysis-related operation; not proof of absence of renal disease.",noncardiac_procedure_no_explicit_renal_exclusion
mover,"LIPOSUCTION, THIGH",include,"Procedure terminology gives no explicit heart-directed procedure, renal recipient operation, or dialysis-related operation; not proof of absence of renal disease.",noncardiac_procedure_no_explicit_renal_exclusion
mover,"LIPOSUCTION, TRUNK",include,"Procedure terminology gives no explicit heart-directed procedure, renal recipient operation, or dialysis-related operation; not proof of absence of renal disease.",noncardiac_procedure_no_explicit_renal_exclusion
mover,"LOBECTOMY, BRAIN",include,"Procedure terminology gives no explicit heart-directed procedure, renal recipient operation, or dialysis-related operation; not proof of absence of renal disease.",noncardiac_procedure_no_explicit_renal_exclusion
mover,"LOBECTOMY, BRAIN, TEMPORAL",include,"Procedure terminology gives no explicit heart-directed procedure, renal recipient operation, or dialysis-related operation; not proof of absence of renal disease.",noncardiac_procedure_no_explicit_renal_exclusion
mover,"LOBECTOMY, LIVER",include,"Procedure terminology gives no explicit heart-directed procedure, renal recipient operation, or dialysis-related operation; not proof of absence of renal disease.",noncardiac_procedure_no_explicit_renal_exclusion
mover,"LOBECTOMY, LIVER, LAPAROSCOPIC",include,"Procedure terminology gives no explicit heart-directed procedure, renal recipient operation, or dialysis-related operation; not proof of absence of renal disease.",noncardiac_procedure_no_explicit_renal_exclusion
mover,"LOBECTOMY, LIVER, RIGHT, TOTAL",include,"Procedure terminology gives no explicit heart-directed procedure, renal recipient operation, or dialysis-related operation; not proof of absence of renal disease.",noncardiac_procedure_no_explicit_renal_exclusion
mover,"LOBECTOMY, LUNG",include,"Procedure terminology gives no explicit heart-directed procedure, renal recipient operation, or dialysis-related operation; not proof of absence of renal disease.",noncardiac_procedure_no_explicit_renal_exclusion
mover,"LOBECTOMY, LUNG, ROBOT-ASSISTED",include,"Procedure terminology gives no explicit heart-directed procedure, renal recipient operation, or dialysis-related operation; not proof of absence of renal disease.",noncardiac_procedure_no_explicit_renal_exclusion
mover,"LOBECTOMY, THYROID",include,"Procedure terminology gives no explicit heart-directed procedure, renal recipient operation, or dialysis-related operation; not proof of absence of renal disease.",noncardiac_procedure_no_explicit_renal_exclusion
mover,"LOBECTOMY, THYROID, TOTAL",include,"Procedure terminology gives no explicit heart-directed procedure, renal recipient operation, or dialysis-related operation; not proof of absence of renal disease.",noncardiac_procedure_no_explicit_renal_exclusion
mover,"LOBECTOMY, USING VATS",include,"Procedure terminology gives no explicit heart-directed procedure, renal recipient operation, or dialysis-related operation; not proof of absence of renal disease.",noncardiac_procedure_no_explicit_renal_exclusion
mover,LUMBAR PUNCTURE,include,"Procedure terminology gives no explicit heart-directed procedure, renal recipient operation, or dialysis-related operation; not proof of absence of renal disease.",noncardiac_procedure_no_explicit_renal_exclusion
mover,"LUMBAR PUNCTURE, DIAGNOSTIC",include,"Procedure terminology gives no explicit heart-directed procedure, renal recipient operation, or dialysis-related operation; not proof of absence of renal disease.",noncardiac_procedure_no_explicit_renal_exclusion
mover,"LUMPECTOMY, BREAST",include,"Procedure terminology gives no explicit heart-directed procedure, renal recipient operation, or dialysis-related operation; not proof of absence of renal disease.",noncardiac_procedure_no_explicit_renal_exclusion
mover,"LUMPECTOMY, BREAST, WITH INTRAOPERATIVE RADIATION THERAPY",include,"Procedure terminology gives no explicit heart-directed procedure, renal recipient operation, or dialysis-related operation; not proof of absence of renal disease.",noncardiac_procedure_no_explicit_renal_exclusion
mover,"LUMPECTOMY, BREAST, WITH NEEDLE LOCALIZATION",include,"Procedure terminology gives no explicit heart-directed procedure, renal recipient operation, or dialysis-related operation; not proof of absence of renal disease.",noncardiac_procedure_no_explicit_renal_exclusion
mover,"LYMPHADENECTOMY, AXILLARY",include,"Procedure terminology gives no explicit heart-directed procedure, renal recipient operation, or dialysis-related operation; not proof of absence of renal disease.",noncardiac_procedure_no_explicit_renal_exclusion
mover,"LYMPHADENECTOMY, INGUINAL",include,"Procedure terminology gives no explicit heart-directed procedure, renal recipient operation, or dialysis-related operation; not proof of absence of renal disease.",noncardiac_procedure_no_explicit_renal_exclusion
mover,"LYMPHADENECTOMY, PELVIC, BILATERAL, TOTAL, ROBOT-ASSISTED, LAPAROSCOPIC",include,"Procedure terminology gives no explicit heart-directed procedure, renal recipient operation, or dialysis-related operation; not proof of absence of renal disease.",noncardiac_procedure_no_explicit_renal_exclusion
mover,"LYMPHADENECTOMY, RETROPERITONEUM",include,"Procedure terminology gives no explicit heart-directed procedure, renal recipient operation, or dialysis-related operation; not proof of absence of renal disease.",noncardiac_procedure_no_explicit_renal_exclusion
mover,"LYSIS, ADHESIONS, EYE, ANTERIOR SEGMENT",include,"Procedure terminology gives no explicit heart-directed procedure, renal recipient operation, or dialysis-related operation; not proof of absence of renal disease.",noncardiac_procedure_no_explicit_renal_exclusion
mover,"LYSIS, ADHESIONS, LAPAROSCOPIC",include,"Procedure terminology gives no explicit heart-directed procedure, renal recipient operation, or dialysis-related operation; not proof of absence of renal disease.",noncardiac_procedure_no_explicit_renal_exclusion
mover,"LYSIS, ADHESIONS, LAPAROSCOPIC, WITH SALPINGO-OOPHORECTOMY",include,"Procedure terminology gives no explicit heart-directed procedure, renal recipient operation, or dialysis-related operation; not proof of absence of renal disease.",noncardiac_procedure_no_explicit_renal_exclusion
mover,"LYSIS, ADHESIONS, PERITONEAL",include,"Procedure terminology gives no explicit heart-directed procedure, renal recipient operation, or dialysis-related operation; not proof of absence of renal disease.",noncardiac_procedure_no_explicit_renal_exclusion
mover,"LYSIS, ADHESIONS, PERITONEAL, LAPAROSCOPIC",include,"Procedure terminology gives no explicit heart-directed procedure, renal recipient operation, or dialysis-related operation; not proof of absence of renal disease.",noncardiac_procedure_no_explicit_renal_exclusion
mover,"MAMMOPLASTY, REDUCTION, BILATERAL",include,"Procedure terminology gives no explicit heart-directed procedure, renal recipient operation, or dialysis-related operation; not proof of absence of renal disease.",noncardiac_procedure_no_explicit_renal_exclusion
mover,"MANIPULATION, JOINT",include,"Procedure terminology gives no explicit heart-directed procedure, renal recipient operation, or dialysis-related operation; not proof of absence of renal disease.",noncardiac_procedure_no_explicit_renal_exclusion
mover,"MARSUPIALIZATION, CYST, BARTHOLIN'S GLAND",include,"Procedure terminology gives no explicit heart-directed procedure, renal recipient operation, or dialysis-related operation; not proof of absence of renal disease.",noncardiac_procedure_no_explicit_renal_exclusion
mover,"MASTECTOMY, BILATERAL",include,"Procedure terminology gives no explicit heart-directed procedure, renal recipient operation, or dialysis-related operation; not proof of absence of renal disease.",noncardiac_procedure_no_explicit_renal_exclusion
mover,"MASTECTOMY, BILATERAL, TRANSGENDER",include,"Procedure terminology gives no explicit heart-directed procedure, renal recipient operation, or dialysis-related operation; not proof of absence of renal disease.",noncardiac_procedure_no_explicit_renal_exclusion
mover,"MASTECTOMY, NIPPLE SPARING, WITH BREAST RECONSTRUCTION USING TISSUE EXPANDER",include,"Procedure terminology gives no explicit heart-directed procedure, renal recipient operation, or dialysis-related operation; not proof of absence of renal disease.",noncardiac_procedure_no_explicit_renal_exclusion
mover,"MASTECTOMY, PARTIAL",include,"Procedure terminology gives no explicit heart-directed procedure, renal recipient operation, or dialysis-related operation; not proof of absence of renal disease.",noncardiac_procedure_no_explicit_renal_exclusion
mover,"MASTECTOMY, PARTIAL, WITH AXILLARY LYMPHADENECTOMY",include,"Procedure terminology gives no explicit heart-directed procedure, renal recipient operation, or dialysis-related operation; not proof of absence of renal disease.",noncardiac_procedure_no_explicit_renal_exclusion
mover,"MASTECTOMY, PARTIAL, WITH SENTINEL LYMPH NODE BIOPSY",include,"Procedure terminology gives no explicit heart-directed procedure, renal recipient operation, or dialysis-related operation; not proof of absence of renal disease.",noncardiac_procedure_no_explicit_renal_exclusion
mover,"MASTECTOMY, SIMPLE",include,"Procedure terminology gives no explicit heart-directed procedure, renal recipient operation, or dialysis-related operation; not proof of absence of renal disease.",noncardiac_procedure_no_explicit_renal_exclusion
mover,"MASTECTOMY, SIMPLE, WITH SENTINEL LYMPH NODE BIOPSY",include,"Procedure terminology gives no explicit heart-directed procedure, renal recipient operation, or dialysis-related operation; not proof of absence of renal disease.",noncardiac_procedure_no_explicit_renal_exclusion
mover,"MASTECTOMY, UNILATERAL",include,"Procedure terminology gives no explicit heart-directed procedure, renal recipient operation, or dialysis-related operation; not proof of absence of renal disease.",noncardiac_procedure_no_explicit_renal_exclusion
mover,"MASTECTOMY, UNILATERAL, RADICAL",include,"Procedure terminology gives no explicit heart-directed procedure, renal recipient operation, or dialysis-related operation; not proof of absence of renal disease.",noncardiac_procedure_no_explicit_renal_exclusion
mover,"MASTECTOMY, WITH AXILLARY NODE DISSECTION",include,"Procedure terminology gives no explicit heart-directed procedure, renal recipient operation, or dialysis-related operation; not proof of absence of renal disease.",noncardiac_procedure_no_explicit_renal_exclusion
mover,"MASTECTOMY, WITH SENTINEL LYMPH NODE BIOPSY",include,"Procedure terminology gives no explicit heart-directed procedure, renal recipient operation, or dialysis-related operation; not proof of absence of renal disease.",noncardiac_procedure_no_explicit_renal_exclusion
mover,MASTOIDECTOMY,include,"Procedure terminology gives no explicit heart-directed procedure, renal recipient operation, or dialysis-related operation; not proof of absence of renal disease.",noncardiac_procedure_no_explicit_renal_exclusion
mover,MASTOPEXY,include,"Procedure terminology gives no explicit heart-directed procedure, renal recipient operation, or dialysis-related operation; not proof of absence of renal disease.",noncardiac_procedure_no_explicit_renal_exclusion
mover,"MASTOPEXY, BILATERAL",include,"Procedure terminology gives no explicit heart-directed procedure, renal recipient operation, or dialysis-related operation; not proof of absence of renal disease.",noncardiac_procedure_no_explicit_renal_exclusion
mover,MAXILLECTOMY,include,"Procedure terminology gives no explicit heart-directed procedure, renal recipient operation, or dialysis-related operation; not proof of absence of renal disease.",noncardiac_procedure_no_explicit_renal_exclusion
mover,"MAXILLECTOMY, WITH ORBITAL EXENTERATION",include,"Procedure terminology gives no explicit heart-directed procedure, renal recipient operation, or dialysis-related operation; not proof of absence of renal disease.",noncardiac_procedure_no_explicit_renal_exclusion
mover,"MEATOTOMY, URETHRA",include,"Procedure terminology gives no explicit heart-directed procedure, renal recipient operation, or dialysis-related operation; not proof of absence of renal disease.",noncardiac_procedure_no_explicit_renal_exclusion
mover,MEDIALIZATION LARYNGOPLASTY,include,"Procedure terminology gives no explicit heart-directed procedure, renal recipient operation, or dialysis-related operation; not proof of absence of renal disease.",noncardiac_procedure_no_explicit_renal_exclusion
mover,MEDIAN STERNOTOMY,uncertain,Thoracic/sternal/aortic/lead/extracorporeal-support term does not identify a clearly eligible noncardiac procedure; no assumption of confirmed cardiac surgery.,uncertain_cardiothoracic_scope
mover,"MEDIAN STERNOTOMY, WITH MEDIASTINAL MASS RESECTION",include,"Procedure terminology gives no explicit heart-directed procedure, renal recipient operation, or dialysis-related operation; not proof of absence of renal disease.",noncardiac_procedure_no_explicit_renal_exclusion
mover,"MEDIAN STERNOTOMY, WITH THYMECTOMY",include,"Procedure terminology gives no explicit heart-directed procedure, renal recipient operation, or dialysis-related operation; not proof of absence of renal disease.",noncardiac_procedure_no_explicit_renal_exclusion
mover,"MEDIASTINOSCOPY, WITH BIOPSY",include,"Procedure terminology gives no explicit heart-directed procedure, renal recipient operation, or dialysis-related operation; not proof of absence of renal disease.",noncardiac_procedure_no_explicit_renal_exclusion
mover,MEDIASTINOTOMY,include,"Procedure terminology gives no explicit heart-directed procedure, renal recipient operation, or dialysis-related operation; not proof of absence of renal disease.",noncardiac_procedure_no_explicit_renal_exclusion
mover,"MENISCECTOMY, KNEE, ARTHROSCOPIC",include,"Procedure terminology gives no explicit heart-directed procedure, renal recipient operation, or dialysis-related operation; not proof of absence of renal disease.",noncardiac_procedure_no_explicit_renal_exclusion
mover,"MICROLARYNGOSCOPY, DIRECT",include,"Procedure terminology gives no explicit heart-directed procedure, renal recipient operation, or dialysis-related operation; not proof of absence of renal disease.",noncardiac_procedure_no_explicit_renal_exclusion
mover,"MICROLARYNGOSCOPY, WITH CO2 LASER PROCEDURE",include,"Procedure terminology gives no explicit heart-directed procedure, renal recipient operation, or dialysis-related operation; not proof of absence of renal disease.",noncardiac_procedure_no_explicit_renal_exclusion
mover,MICROSURGICAL LYMPHATICO-VENOUS ANASTOMOSIS(LVA),include,"Procedure terminology gives no explicit heart-directed procedure, renal recipient operation, or dialysis-related operation; not proof of absence of renal disease.",noncardiac_procedure_no_explicit_renal_exclusion
mover,"MICROSURGICAL TECHNIQUES, REQUIRING USE OF OPERATING MICROSCOPE",include,"Procedure terminology gives no explicit heart-directed procedure, renal recipient operation, or dialysis-related operation; not proof of absence of renal disease.",noncardiac_procedure_no_explicit_renal_exclusion
mover,MRI (MAGNETIC RESONANCE IMAGING),include,"Procedure terminology gives no explicit heart-directed procedure, renal recipient operation, or dialysis-related operation; not proof of absence of renal disease.",noncardiac_procedure_no_explicit_renal_exclusion
mover,MRI BRAIN AND BRAIN STEM,include,"Procedure terminology gives no explicit heart-directed procedure, renal recipient operation, or dialysis-related operation; not proof of absence of renal disease.",noncardiac_procedure_no_explicit_renal_exclusion
mover,MRI WITH ANESTHESIA,uncertain,Missing or nonspecific procedure/site/indication; cannot verify the common eligible surgical/procedural population.,uncertain_procedure_or_site
mover,MUSCLE FLAP,include,"Procedure terminology gives no explicit heart-directed procedure, renal recipient operation, or dialysis-related operation; not proof of absence of renal disease.",noncardiac_procedure_no_explicit_renal_exclusion
mover,MYECTOMY,uncertain,Missing or nonspecific procedure/site/indication; cannot verify the common eligible surgical/procedural population.,uncertain_procedure_or_site
mover,MYELOGRAM,include,"Procedure terminology gives no explicit heart-directed procedure, renal recipient operation, or dialysis-related operation; not proof of absence of renal disease.",noncardiac_procedure_no_explicit_renal_exclusion
mover,MYOMECTOMY,include,"Procedure terminology gives no explicit heart-directed procedure, renal recipient operation, or dialysis-related operation; not proof of absence of renal disease.",noncardiac_procedure_no_explicit_renal_exclusion
mover,"MYOMECTOMY, LAPAROSCOPIC, WITH CONVERSION TO OPEN PROCEDURE IF INDICATED",include,"Procedure terminology gives no explicit heart-directed procedure, renal recipient operation, or dialysis-related operation; not proof of absence of renal disease.",noncardiac_procedure_no_explicit_renal_exclusion
mover,"MYOMECTOMY, UTERUS, ROBOT-ASSISTED, LAPAROSCOPIC",include,"Procedure terminology gives no explicit heart-directed procedure, renal recipient operation, or dialysis-related operation; not proof of absence of renal disease.",noncardiac_procedure_no_explicit_renal_exclusion
mover,"NASOPHARYNGOSCOPY, ENDOSCOPIC",include,"Procedure terminology gives no explicit heart-directed procedure, renal recipient operation, or dialysis-related operation; not proof of absence of renal disease.",noncardiac_procedure_no_explicit_renal_exclusion
mover,NASOPHARYNX BIOPSY,include,"Procedure terminology gives no explicit heart-directed procedure, renal recipient operation, or dialysis-related operation; not proof of absence of renal disease.",noncardiac_procedure_no_explicit_renal_exclusion
mover,"NEEDLE BIOPSY, BRAIN",include,"Procedure terminology gives no explicit heart-directed procedure, renal recipient operation, or dialysis-related operation; not proof of absence of renal disease.",noncardiac_procedure_no_explicit_renal_exclusion
mover,"NEEDLE BIOPSY, BRAIN, PERCUTANEOUS",include,"Procedure terminology gives no explicit heart-directed procedure, renal recipient operation, or dialysis-related operation; not proof of absence of renal disease.",noncardiac_procedure_no_explicit_renal_exclusion
mover,"NEEDLE BIOPSY, LIVER",include,"Procedure terminology gives no explicit heart-directed procedure, renal recipient operation, or dialysis-related operation; not proof of absence of renal disease.",noncardiac_procedure_no_explicit_renal_exclusion
mover,"NEEDLE BIOPSY, LIVER, PERCUTANEOUS",include,"Procedure terminology gives no explicit heart-directed procedure, renal recipient operation, or dialysis-related operation; not proof of absence of renal disease.",noncardiac_procedure_no_explicit_renal_exclusion
mover,"NEEDLE BIOPSY, LUNG, PERCUTANEOUS",include,"Procedure terminology gives no explicit heart-directed procedure, renal recipient operation, or dialysis-related operation; not proof of absence of renal disease.",noncardiac_procedure_no_explicit_renal_exclusion
mover,"NEEDLE BIOPSY, MASS, INTRA-ABDOMINAL, PERCUTANEOUS",include,"Procedure terminology gives no explicit heart-directed procedure, renal recipient operation, or dialysis-related operation; not proof of absence of renal disease.",noncardiac_procedure_no_explicit_renal_exclusion
mover,"NEEDLE BIOPSY, PLEURA, PERCUTANEOUS",include,"Procedure terminology gives no explicit heart-directed procedure, renal recipient operation, or dialysis-related operation; not proof of absence of renal disease.",noncardiac_procedure_no_explicit_renal_exclusion
mover,NEPHRECTOMY,include,"Procedure terminology gives no explicit heart-directed procedure, renal recipient operation, or dialysis-related operation; not proof of absence of renal disease.",noncardiac_procedure_no_explicit_renal_exclusion
mover,"NEPHRECTOMY, LAPAROSCOPIC",include,"Procedure terminology gives no explicit heart-directed procedure, renal recipient operation, or dialysis-related operation; not proof of absence of renal disease.",noncardiac_procedure_no_explicit_renal_exclusion
mover,"NEPHRECTOMY, LAPAROSCOPIC, WITH RETROPERITONEAL LYMPHADENECTOMY",include,"Procedure terminology gives no explicit heart-directed procedure, renal recipient operation, or dialysis-related operation; not proof of absence of renal disease.",noncardiac_procedure_no_explicit_renal_exclusion
mover,"NEPHRECTOMY, LAPAROSCOPIC, WITH TOTAL URETERECTOMY",include,"Procedure terminology gives no explicit heart-directed procedure, renal recipient operation, or dialysis-related operation; not proof of absence of renal disease.",noncardiac_procedure_no_explicit_renal_exclusion
mover,"NEPHRECTOMY, PARTIAL, LAPAROSCOPIC",include,"Procedure terminology gives no explicit heart-directed procedure, renal recipient operation, or dialysis-related operation; not proof of absence of renal disease.",noncardiac_procedure_no_explicit_renal_exclusion
mover,"NEPHRECTOMY, PARTIAL, OPEN",include,"Procedure terminology gives no explicit heart-directed procedure, renal recipient operation, or dialysis-related operation; not proof of absence of renal disease.",noncardiac_procedure_no_explicit_renal_exclusion
mover,"NEPHRECTOMY, PARTIAL, ROBOT-ASSISTED, LAPAROSCOPIC",include,"Procedure terminology gives no explicit heart-directed procedure, renal recipient operation, or dialysis-related operation; not proof of absence of renal disease.",noncardiac_procedure_no_explicit_renal_exclusion
mover,"NEPHRECTOMY, RADICAL",include,"Procedure terminology gives no explicit heart-directed procedure, renal recipient operation, or dialysis-related operation; not proof of absence of renal disease.",noncardiac_procedure_no_explicit_renal_exclusion
mover,"NEPHRECTOMY, RADICAL, LAPAROSCOPIC",include,"Procedure terminology gives no explicit heart-directed procedure, renal recipient operation, or dialysis-related operation; not proof of absence of renal disease.",noncardiac_procedure_no_explicit_renal_exclusion
mover,"NEPHRECTOMY, TRANSPLANTED KIDNEY",exclude,Explicit kidney recipient/transplanted-kidney operation or dialysis-related procedure; access procedure does not prove chronic dialysis.,explicit_renal_replacement_or_recipient_procedure
mover,"NEPHROLITHOTOMY, PERCUTANEOUS",include,"Procedure terminology gives no explicit heart-directed procedure, renal recipient operation, or dialysis-related operation; not proof of absence of renal disease.",noncardiac_procedure_no_explicit_renal_exclusion
mover,"NEPHROLITHOTOMY, PERCUTANEOUS, OR PERCUTANEOUS NEPHROLITHOTRIPSY",include,"Procedure terminology gives no explicit heart-directed procedure, renal recipient operation, or dialysis-related operation; not proof of absence of renal disease.",noncardiac_procedure_no_explicit_renal_exclusion
mover,"NEPHROSTOGRAM, ANTEGRADE",include,"Procedure terminology gives no explicit heart-directed procedure, renal recipient operation, or dialysis-related operation; not proof of absence of renal disease.",noncardiac_procedure_no_explicit_renal_exclusion
mover,"NEPHROURETERECTOMY, LAPAROSCOPIC",include,"Procedure terminology gives no explicit heart-directed procedure, renal recipient operation, or dialysis-related operation; not proof of absence of renal disease.",noncardiac_procedure_no_explicit_renal_exclusion
mover,"NEPHROURETERECTOMY, LAPAROSCOPIC, ROBOT-ASSISTED",include,"Procedure terminology gives no explicit heart-directed procedure, renal recipient operation, or dialysis-related operation; not proof of absence of renal disease.",noncardiac_procedure_no_explicit_renal_exclusion
mover,"NEURECTOMY, PERIPHERAL",include,"Procedure terminology gives no explicit heart-directed procedure, renal recipient operation, or dialysis-related operation; not proof of absence of renal disease.",noncardiac_procedure_no_explicit_renal_exclusion
mover,"NEUROPLASTY, BRACHIAL PLEXUS",include,"Procedure terminology gives no explicit heart-directed procedure, renal recipient operation, or dialysis-related operation; not proof of absence of renal disease.",noncardiac_procedure_no_explicit_renal_exclusion
mover,"NJECTION, PHARMACOLOGIC, INTRAVITREAL",include,"Procedure terminology gives no explicit heart-directed procedure, renal recipient operation, or dialysis-related operation; not proof of absence of renal disease.",noncardiac_procedure_no_explicit_renal_exclusion
mover,"OOPHORECTOMY, LAPAROSCOPIC",include,"Procedure terminology gives no explicit heart-directed procedure, renal recipient operation, or dialysis-related operation; not proof of absence of renal disease.",noncardiac_procedure_no_explicit_renal_exclusion
mover,"OPEN REDUCTION, ACROMIOCLAVICULAR JOINT",include,"Procedure terminology gives no explicit heart-directed procedure, renal recipient operation, or dialysis-related operation; not proof of absence of renal disease.",noncardiac_procedure_no_explicit_renal_exclusion
mover,"OPEN REDUCTION, FRACTURE, DEPRESSED FRONTAL SINUS",include,"Procedure terminology gives no explicit heart-directed procedure, renal recipient operation, or dialysis-related operation; not proof of absence of renal disease.",noncardiac_procedure_no_explicit_renal_exclusion
mover,"OPEN REDUCTION, FRACTURE, NASAL SEPTUM",include,"Procedure terminology gives no explicit heart-directed procedure, renal recipient operation, or dialysis-related operation; not proof of absence of renal disease.",noncardiac_procedure_no_explicit_renal_exclusion
mover,"OPEN TREATMENT, FRACTURE, MANDIBLE, WITH EXTERNAL FIXATION",include,"Procedure terminology gives no explicit heart-directed procedure, renal recipient operation, or dialysis-related operation; not proof of absence of renal disease.",noncardiac_procedure_no_explicit_renal_exclusion
mover,"OPERATION, EXTRAOCULAR MUSCLE",include,"Procedure terminology gives no explicit heart-directed procedure, renal recipient operation, or dialysis-related operation; not proof of absence of renal disease.",noncardiac_procedure_no_explicit_renal_exclusion
mover,"OPERATION, INTERVERTEBRAL DISC",include,"Procedure terminology gives no explicit heart-directed procedure, renal recipient operation, or dialysis-related operation; not proof of absence of renal disease.",noncardiac_procedure_no_explicit_renal_exclusion
mover,"OPERATION, REPEAT, FOR HEMORRHAGE, AFTER OPEN HEART SURGERY",exclude,Explicit heart/coronary/valve/rhythm/pericardial procedure or standalone cardiac diagnostic procedure; not all entries are cardiac surgery.,heart_directed_procedure
mover,ORBITOTOMY,include,"Procedure terminology gives no explicit heart-directed procedure, renal recipient operation, or dialysis-related operation; not proof of absence of renal disease.",noncardiac_procedure_no_explicit_renal_exclusion
mover,ORCHIECTOMY,include,"Procedure terminology gives no explicit heart-directed procedure, renal recipient operation, or dialysis-related operation; not proof of absence of renal disease.",noncardiac_procedure_no_explicit_renal_exclusion
mover,"ORCHIECTOMY, INGUINAL APPROACH",include,"Procedure terminology gives no explicit heart-directed procedure, renal recipient operation, or dialysis-related operation; not proof of absence of renal disease.",noncardiac_procedure_no_explicit_renal_exclusion
mover,"ORCHIECTOMY, RADICAL",include,"Procedure terminology gives no explicit heart-directed procedure, renal recipient operation, or dialysis-related operation; not proof of absence of renal disease.",noncardiac_procedure_no_explicit_renal_exclusion
mover,ORCHIOPEXY,include,"Procedure terminology gives no explicit heart-directed procedure, renal recipient operation, or dialysis-related operation; not proof of absence of renal disease.",noncardiac_procedure_no_explicit_renal_exclusion
mover,ORIF ANTERIOR PELVIS,include,"Procedure terminology gives no explicit heart-directed procedure, renal recipient operation, or dialysis-related operation; not proof of absence of renal disease.",noncardiac_procedure_no_explicit_renal_exclusion
mover,ORIF POSTERIOR PELVIS,include,"Procedure terminology gives no explicit heart-directed procedure, renal recipient operation, or dialysis-related operation; not proof of absence of renal disease.",noncardiac_procedure_no_explicit_renal_exclusion
mover,"ORIF, ANKLE",include,"Procedure terminology gives no explicit heart-directed procedure, renal recipient operation, or dialysis-related operation; not proof of absence of renal disease.",noncardiac_procedure_no_explicit_renal_exclusion
mover,"ORIF, ELBOW",include,"Procedure terminology gives no explicit heart-directed procedure, renal recipient operation, or dialysis-related operation; not proof of absence of renal disease.",noncardiac_procedure_no_explicit_renal_exclusion
mover,"ORIF, FINGER",include,"Procedure terminology gives no explicit heart-directed procedure, renal recipient operation, or dialysis-related operation; not proof of absence of renal disease.",noncardiac_procedure_no_explicit_renal_exclusion
mover,"ORIF, FRACTURE, ACETABULUM",include,"Procedure terminology gives no explicit heart-directed procedure, renal recipient operation, or dialysis-related operation; not proof of absence of renal disease.",noncardiac_procedure_no_explicit_renal_exclusion
mover,"ORIF, FRACTURE, CALCANEUS",include,"Procedure terminology gives no explicit heart-directed procedure, renal recipient operation, or dialysis-related operation; not proof of absence of renal disease.",noncardiac_procedure_no_explicit_renal_exclusion
mover,"ORIF, FRACTURE, CARPAL BONE",include,"Procedure terminology gives no explicit heart-directed procedure, renal recipient operation, or dialysis-related operation; not proof of absence of renal disease.",noncardiac_procedure_no_explicit_renal_exclusion
mover,"ORIF, FRACTURE, CLAVICLE",include,"Procedure terminology gives no explicit heart-directed procedure, renal recipient operation, or dialysis-related operation; not proof of absence of renal disease.",noncardiac_procedure_no_explicit_renal_exclusion
mover,"ORIF, FRACTURE, FACIAL BONE",include,"Procedure terminology gives no explicit heart-directed procedure, renal recipient operation, or dialysis-related operation; not proof of absence of renal disease.",noncardiac_procedure_no_explicit_renal_exclusion
mover,"ORIF, FRACTURE, FEMUR",include,"Procedure terminology gives no explicit heart-directed procedure, renal recipient operation, or dialysis-related operation; not proof of absence of renal disease.",noncardiac_procedure_no_explicit_renal_exclusion
mover,"ORIF, FRACTURE, FEMUR, MIDSHAFT",include,"Procedure terminology gives no explicit heart-directed procedure, renal recipient operation, or dialysis-related operation; not proof of absence of renal disease.",noncardiac_procedure_no_explicit_renal_exclusion
mover,"ORIF, FRACTURE, FIBULA",include,"Procedure terminology gives no explicit heart-directed procedure, renal recipient operation, or dialysis-related operation; not proof of absence of renal disease.",noncardiac_procedure_no_explicit_renal_exclusion
mover,"ORIF, FRACTURE, FOOT",include,"Procedure terminology gives no explicit heart-directed procedure, renal recipient operation, or dialysis-related operation; not proof of absence of renal disease.",noncardiac_procedure_no_explicit_renal_exclusion
mover,"ORIF, FRACTURE, HAND",include,"Procedure terminology gives no explicit heart-directed procedure, renal recipient operation, or dialysis-related operation; not proof of absence of renal disease.",noncardiac_procedure_no_explicit_renal_exclusion
mover,"ORIF, FRACTURE, HUMERUS",include,"Procedure terminology gives no explicit heart-directed procedure, renal recipient operation, or dialysis-related operation; not proof of absence of renal disease.",noncardiac_procedure_no_explicit_renal_exclusion
mover,"ORIF, FRACTURE, HUMERUS, PROXIMAL",include,"Procedure terminology gives no explicit heart-directed procedure, renal recipient operation, or dialysis-related operation; not proof of absence of renal disease.",noncardiac_procedure_no_explicit_renal_exclusion
mover,"ORIF, FRACTURE, MANDIBLE",include,"Procedure terminology gives no explicit heart-directed procedure, renal recipient operation, or dialysis-related operation; not proof of absence of renal disease.",noncardiac_procedure_no_explicit_renal_exclusion
mover,"ORIF, FRACTURE, MANDIBLE, USING PLATE",include,"Procedure terminology gives no explicit heart-directed procedure, renal recipient operation, or dialysis-related operation; not proof of absence of renal disease.",noncardiac_procedure_no_explicit_renal_exclusion
mover,"ORIF, FRACTURE, MANDIBLE, WITH MAXILLOMANDIBULAR FIXATION",include,"Procedure terminology gives no explicit heart-directed procedure, renal recipient operation, or dialysis-related operation; not proof of absence of renal disease.",noncardiac_procedure_no_explicit_renal_exclusion
mover,"ORIF, FRACTURE, MAXILLA",include,"Procedure terminology gives no explicit heart-directed procedure, renal recipient operation, or dialysis-related operation; not proof of absence of renal disease.",noncardiac_procedure_no_explicit_renal_exclusion
mover,"ORIF, FRACTURE, METACARPAL BONE",include,"Procedure terminology gives no explicit heart-directed procedure, renal recipient operation, or dialysis-related operation; not proof of absence of renal disease.",noncardiac_procedure_no_explicit_renal_exclusion
mover,"ORIF, FRACTURE, ORBIT",include,"Procedure terminology gives no explicit heart-directed procedure, renal recipient operation, or dialysis-related operation; not proof of absence of renal disease.",noncardiac_procedure_no_explicit_renal_exclusion
mover,"ORIF, FRACTURE, PATELLA",include,"Procedure terminology gives no explicit heart-directed procedure, renal recipient operation, or dialysis-related operation; not proof of absence of renal disease.",noncardiac_procedure_no_explicit_renal_exclusion
mover,"ORIF, FRACTURE, PILON",include,"Procedure terminology gives no explicit heart-directed procedure, renal recipient operation, or dialysis-related operation; not proof of absence of renal disease.",noncardiac_procedure_no_explicit_renal_exclusion
mover,"ORIF, FRACTURE, RADIUS",include,"Procedure terminology gives no explicit heart-directed procedure, renal recipient operation, or dialysis-related operation; not proof of absence of renal disease.",noncardiac_procedure_no_explicit_renal_exclusion
mover,"ORIF, FRACTURE, RADIUS OR ULNA",include,"Procedure terminology gives no explicit heart-directed procedure, renal recipient operation, or dialysis-related operation; not proof of absence of renal disease.",noncardiac_procedure_no_explicit_renal_exclusion
mover,"ORIF, FRACTURE, RADIUS, DISTAL",include,"Procedure terminology gives no explicit heart-directed procedure, renal recipient operation, or dialysis-related operation; not proof of absence of renal disease.",noncardiac_procedure_no_explicit_renal_exclusion
mover,"ORIF, FRACTURE, RADIUS, HEAD",include,"Procedure terminology gives no explicit heart-directed procedure, renal recipient operation, or dialysis-related operation; not proof of absence of renal disease.",noncardiac_procedure_no_explicit_renal_exclusion
mover,"ORIF, FRACTURE, SCAPHOID",include,"Procedure terminology gives no explicit heart-directed procedure, renal recipient operation, or dialysis-related operation; not proof of absence of renal disease.",noncardiac_procedure_no_explicit_renal_exclusion
mover,"ORIF, FRACTURE, SCAPHOID BONE",include,"Procedure terminology gives no explicit heart-directed procedure, renal recipient operation, or dialysis-related operation; not proof of absence of renal disease.",noncardiac_procedure_no_explicit_renal_exclusion
mover,"ORIF, FRACTURE, SCAPULA",include,"Procedure terminology gives no explicit heart-directed procedure, renal recipient operation, or dialysis-related operation; not proof of absence of renal disease.",noncardiac_procedure_no_explicit_renal_exclusion
mover,"ORIF, FRACTURE, TALUS",include,"Procedure terminology gives no explicit heart-directed procedure, renal recipient operation, or dialysis-related operation; not proof of absence of renal disease.",noncardiac_procedure_no_explicit_renal_exclusion
mover,"ORIF, FRACTURE, TARSAL AND METATARSAL BONES",include,"Procedure terminology gives no explicit heart-directed procedure, renal recipient operation, or dialysis-related operation; not proof of absence of renal disease.",noncardiac_procedure_no_explicit_renal_exclusion
mover,"ORIF, FRACTURE, TIBIA",include,"Procedure terminology gives no explicit heart-directed procedure, renal recipient operation, or dialysis-related operation; not proof of absence of renal disease.",noncardiac_procedure_no_explicit_renal_exclusion
mover,"ORIF, FRACTURE, TIBIA OR FIBULA",include,"Procedure terminology gives no explicit heart-directed procedure, renal recipient operation, or dialysis-related operation; not proof of absence of renal disease.",noncardiac_procedure_no_explicit_renal_exclusion
mover,"ORIF, FRACTURE, TIBIA, PLATEAU",include,"Procedure terminology gives no explicit heart-directed procedure, renal recipient operation, or dialysis-related operation; not proof of absence of renal disease.",noncardiac_procedure_no_explicit_renal_exclusion
mover,"ORIF, FRACTURE, ULNA",include,"Procedure terminology gives no explicit heart-directed procedure, renal recipient operation, or dialysis-related operation; not proof of absence of renal disease.",noncardiac_procedure_no_explicit_renal_exclusion
mover,"ORIF, FRACTURE, ULNA, OLECRANON PROCESS",include,"Procedure terminology gives no explicit heart-directed procedure, renal recipient operation, or dialysis-related operation; not proof of absence of renal disease.",noncardiac_procedure_no_explicit_renal_exclusion
mover,"ORIF, FRACTURE, UPPER EXTREMITY",include,"Procedure terminology gives no explicit heart-directed procedure, renal recipient operation, or dialysis-related operation; not proof of absence of renal disease.",noncardiac_procedure_no_explicit_renal_exclusion
mover,"ORIF, FRACTURE, ZYGOMA/ MAXILLA",include,"Procedure terminology gives no explicit heart-directed procedure, renal recipient operation, or dialysis-related operation; not proof of absence of renal disease.",noncardiac_procedure_no_explicit_renal_exclusion
mover,"ORIF, HAND",include,"Procedure terminology gives no explicit heart-directed procedure, renal recipient operation, or dialysis-related operation; not proof of absence of renal disease.",noncardiac_procedure_no_explicit_renal_exclusion
mover,"ORIF, HIP",include,"Procedure terminology gives no explicit heart-directed procedure, renal recipient operation, or dialysis-related operation; not proof of absence of renal disease.",noncardiac_procedure_no_explicit_renal_exclusion
mover,"ORIF, KNEE",include,"Procedure terminology gives no explicit heart-directed procedure, renal recipient operation, or dialysis-related operation; not proof of absence of renal disease.",noncardiac_procedure_no_explicit_renal_exclusion
mover,"ORIF, SHOULDER",include,"Procedure terminology gives no explicit heart-directed procedure, renal recipient operation, or dialysis-related operation; not proof of absence of renal disease.",noncardiac_procedure_no_explicit_renal_exclusion
mover,"ORIF, THUMB",include,"Procedure terminology gives no explicit heart-directed procedure, renal recipient operation, or dialysis-related operation; not proof of absence of renal disease.",noncardiac_procedure_no_explicit_renal_exclusion
mover,"ORIF, WRIST",include,"Procedure terminology gives no explicit heart-directed procedure, renal recipient operation, or dialysis-related operation; not proof of absence of renal disease.",noncardiac_procedure_no_explicit_renal_exclusion
mover,"OSTEOPLASTY, FEMUR, FOR LENGTHENING",include,"Procedure terminology gives no explicit heart-directed procedure, renal recipient operation, or dialysis-related operation; not proof of absence of renal disease.",noncardiac_procedure_no_explicit_renal_exclusion
mover,"OSTEOTOMY, FOOT",include,"Procedure terminology gives no explicit heart-directed procedure, renal recipient operation, or dialysis-related operation; not proof of absence of renal disease.",noncardiac_procedure_no_explicit_renal_exclusion
mover,"OSTEOTOMY, PHALANX",include,"Procedure terminology gives no explicit heart-directed procedure, renal recipient operation, or dialysis-related operation; not proof of absence of renal disease.",noncardiac_procedure_no_explicit_renal_exclusion
mover,"OSTEOTOMY, PHALANX, FINGER",include,"Procedure terminology gives no explicit heart-directed procedure, renal recipient operation, or dialysis-related operation; not proof of absence of renal disease.",noncardiac_procedure_no_explicit_renal_exclusion
mover,"OSTEOTOMY, RADIUS AND ULNA",include,"Procedure terminology gives no explicit heart-directed procedure, renal recipient operation, or dialysis-related operation; not proof of absence of renal disease.",noncardiac_procedure_no_explicit_renal_exclusion
mover,"OSTEOTOMY, TIBIA AND FIBULA",include,"Procedure terminology gives no explicit heart-directed procedure, renal recipient operation, or dialysis-related operation; not proof of absence of renal disease.",noncardiac_procedure_no_explicit_renal_exclusion
mover,OTOPLASTY,include,"Procedure terminology gives no explicit heart-directed procedure, renal recipient operation, or dialysis-related operation; not proof of absence of renal disease.",noncardiac_procedure_no_explicit_renal_exclusion
mover,PAIN BONE MARROW BIOPSY,include,"Procedure terminology gives no explicit heart-directed procedure, renal recipient operation, or dialysis-related operation; not proof of absence of renal disease.",noncardiac_procedure_no_explicit_renal_exclusion
mover,PALATOPLASTY,include,"Procedure terminology gives no explicit heart-directed procedure, renal recipient operation, or dialysis-related operation; not proof of absence of renal disease.",noncardiac_procedure_no_explicit_renal_exclusion
mover,"PANCREATECTOMY, DISTAL, SUBTOTAL, WITH SPLENECTOMY",include,"Procedure terminology gives no explicit heart-directed procedure, renal recipient operation, or dialysis-related operation; not proof of absence of renal disease.",noncardiac_procedure_no_explicit_renal_exclusion
mover,"PANCREATECTOMY, LAPAROSCOPIC",include,"Procedure terminology gives no explicit heart-directed procedure, renal recipient operation, or dialysis-related operation; not proof of absence of renal disease.",noncardiac_procedure_no_explicit_renal_exclusion
mover,"PANCREATECTOMY, OPEN",include,"Procedure terminology gives no explicit heart-directed procedure, renal recipient operation, or dialysis-related operation; not proof of absence of renal disease.",noncardiac_procedure_no_explicit_renal_exclusion
mover,"PANCREATECTOMY, WHIPPLE, WITH INTRAOPERATIVE RADIATION THERAPY",include,"Procedure terminology gives no explicit heart-directed procedure, renal recipient operation, or dialysis-related operation; not proof of absence of renal disease.",noncardiac_procedure_no_explicit_renal_exclusion
mover,PANNICULECTOMY,include,"Procedure terminology gives no explicit heart-directed procedure, renal recipient operation, or dialysis-related operation; not proof of absence of renal disease.",noncardiac_procedure_no_explicit_renal_exclusion
mover,PARATHYROIDECTOMY,include,"Procedure terminology gives no explicit heart-directed procedure, renal recipient operation, or dialysis-related operation; not proof of absence of renal disease.",noncardiac_procedure_no_explicit_renal_exclusion
mover,"PCI, FOR CHRONIC TOTAL CORONARY ARTERY OCCLUSION",exclude,Explicit heart/coronary/valve/rhythm/pericardial procedure or standalone cardiac diagnostic procedure; not all entries are cardiac surgery.,heart_directed_procedure
mover,"PCI, WITH STENT INSERTION",exclude,Explicit heart/coronary/valve/rhythm/pericardial procedure or standalone cardiac diagnostic procedure; not all entries are cardiac surgery.,heart_directed_procedure
mover,"PENECTOMY, PARTIAL",include,"Procedure terminology gives no explicit heart-directed procedure, renal recipient operation, or dialysis-related operation; not proof of absence of renal disease.",noncardiac_procedure_no_explicit_renal_exclusion
mover,"PENECTOMY, RADICAL, WITH INGUINAL LYMPHADENECTOMY",include,"Procedure terminology gives no explicit heart-directed procedure, renal recipient operation, or dialysis-related operation; not proof of absence of renal disease.",noncardiac_procedure_no_explicit_renal_exclusion
mover,PERICARDIOCENTESIS,exclude,Explicit heart/coronary/valve/rhythm/pericardial procedure or standalone cardiac diagnostic procedure; not all entries are cardiac surgery.,heart_directed_procedure
mover,PERINEOPLASTY,include,"Procedure terminology gives no explicit heart-directed procedure, renal recipient operation, or dialysis-related operation; not proof of absence of renal disease.",noncardiac_procedure_no_explicit_renal_exclusion
mover,"PETROUS APICECTOMY, WITH RADICAL MASTOIDECTOMY",include,"Procedure terminology gives no explicit heart-directed procedure, renal recipient operation, or dialysis-related operation; not proof of absence of renal disease.",noncardiac_procedure_no_explicit_renal_exclusion
mover,"PHACOEMULSIFICATION, CATARACT",include,"Procedure terminology gives no explicit heart-directed procedure, renal recipient operation, or dialysis-related operation; not proof of absence of renal disease.",noncardiac_procedure_no_explicit_renal_exclusion
mover,"PHACOEMULSIFICATION, CATARACT, WITH IOL IMPLANT",include,"Procedure terminology gives no explicit heart-directed procedure, renal recipient operation, or dialysis-related operation; not proof of absence of renal disease.",noncardiac_procedure_no_explicit_renal_exclusion
mover,PHARYNGOPLASTY,include,"Procedure terminology gives no explicit heart-directed procedure, renal recipient operation, or dialysis-related operation; not proof of absence of renal disease.",noncardiac_procedure_no_explicit_renal_exclusion
mover,"PHOTOCOAGULATION, CILIARY BODY",include,"Procedure terminology gives no explicit heart-directed procedure, renal recipient operation, or dialysis-related operation; not proof of absence of renal disease.",noncardiac_procedure_no_explicit_renal_exclusion
mover,"PINNING, FINGER, PERCUTANEOUS",include,"Procedure terminology gives no explicit heart-directed procedure, renal recipient operation, or dialysis-related operation; not proof of absence of renal disease.",noncardiac_procedure_no_explicit_renal_exclusion
mover,"PINNING, HIP, PERCUTANEOUS",include,"Procedure terminology gives no explicit heart-directed procedure, renal recipient operation, or dialysis-related operation; not proof of absence of renal disease.",noncardiac_procedure_no_explicit_renal_exclusion
mover,"PINNING, SACRUM, PERCUTANEOUS",include,"Procedure terminology gives no explicit heart-directed procedure, renal recipient operation, or dialysis-related operation; not proof of absence of renal disease.",noncardiac_procedure_no_explicit_renal_exclusion
mover,"PINNING, UPPER EXTREMITY, PERCUTANEOUS",include,"Procedure terminology gives no explicit heart-directed procedure, renal recipient operation, or dialysis-related operation; not proof of absence of renal disease.",noncardiac_procedure_no_explicit_renal_exclusion
mover,"PLACEMENT OF STEREOELECTROENCEPHALOGRAPY (SEEG), WITH INTRAOPERATIVE CT",include,"Procedure terminology gives no explicit heart-directed procedure, renal recipient operation, or dialysis-related operation; not proof of absence of renal disease.",noncardiac_procedure_no_explicit_renal_exclusion
mover,"PLACEMENT, BLOOD PATCH, EPIDURAL",include,"Procedure terminology gives no explicit heart-directed procedure, renal recipient operation, or dialysis-related operation; not proof of absence of renal disease.",noncardiac_procedure_no_explicit_renal_exclusion
mover,"PLACEMENT, CERCLAGE SUTURE, CERVIX, VAGINAL APPROACH, DURING PREGNANCY",include,"Procedure terminology gives no explicit heart-directed procedure, renal recipient operation, or dialysis-related operation; not proof of absence of renal disease.",noncardiac_procedure_no_explicit_renal_exclusion
mover,"PLACEMENT, FILTER, INFERIOR VENA CAVA",include,"Procedure terminology gives no explicit heart-directed procedure, renal recipient operation, or dialysis-related operation; not proof of absence of renal disease.",noncardiac_procedure_no_explicit_renal_exclusion
mover,"PLACEMENT, GRAFT, ARTERIOVENOUS",uncertain,AV access/fistulogram or alternate dialysis versus central venous catheter title does not establish dialysis indication; exclude from main cohort for unresolved procedure classification.,uncertain_access_indication
mover,"PLACEMENT, IMPLANTABLE PULSE GENERATOR",uncertain,Missing or nonspecific procedure/site/indication; cannot verify the common eligible surgical/procedural population.,uncertain_procedure_or_site
mover,"PLACEMENT, OMMAYA RESERVOIR",include,"Procedure terminology gives no explicit heart-directed procedure, renal recipient operation, or dialysis-related operation; not proof of absence of renal disease.",noncardiac_procedure_no_explicit_renal_exclusion
mover,"PLACEMENT, SHUNT, VENTRICULOPERITONEAL",include,"Procedure terminology gives no explicit heart-directed procedure, renal recipient operation, or dialysis-related operation; not proof of absence of renal disease.",noncardiac_procedure_no_explicit_renal_exclusion
mover,"PLACEMENT,STIMULATOR ELECTRODES,FOR EPILEPTIC FOCUS",include,"Procedure terminology gives no explicit heart-directed procedure, renal recipient operation, or dialysis-related operation; not proof of absence of renal disease.",noncardiac_procedure_no_explicit_renal_exclusion
mover,"PLASTIC REPAIR, FACE",include,"Procedure terminology gives no explicit heart-directed procedure, renal recipient operation, or dialysis-related operation; not proof of absence of renal disease.",noncardiac_procedure_no_explicit_renal_exclusion
mover,"PLEURODESIS, WITH VATS",include,"Procedure terminology gives no explicit heart-directed procedure, renal recipient operation, or dialysis-related operation; not proof of absence of renal disease.",noncardiac_procedure_no_explicit_renal_exclusion
mover,"PNEUMONECTOMY OR LOBECTOMY, BY THORACOTOMY",include,"Procedure terminology gives no explicit heart-directed procedure, renal recipient operation, or dialysis-related operation; not proof of absence of renal disease.",noncardiac_procedure_no_explicit_renal_exclusion
mover,"POLYPECTOMY, CERVICAL",include,"Procedure terminology gives no explicit heart-directed procedure, renal recipient operation, or dialysis-related operation; not proof of absence of renal disease.",noncardiac_procedure_no_explicit_renal_exclusion
mover,"POLYPECTOMY, ENDOSCOPIC, COLON",include,"Procedure terminology gives no explicit heart-directed procedure, renal recipient operation, or dialysis-related operation; not proof of absence of renal disease.",noncardiac_procedure_no_explicit_renal_exclusion
mover,"POLYPECTOMY, RECTUM",include,"Procedure terminology gives no explicit heart-directed procedure, renal recipient operation, or dialysis-related operation; not proof of absence of renal disease.",noncardiac_procedure_no_explicit_renal_exclusion
mover,PPCU CARDIOVERSION,exclude,Explicit heart/coronary/valve/rhythm/pericardial procedure or standalone cardiac diagnostic procedure; not all entries are cardiac surgery.,heart_directed_procedure
mover,PPCU HYDRATION,uncertain,Missing or nonspecific procedure/site/indication; cannot verify the common eligible surgical/procedural population.,uncertain_procedure_or_site
mover,PPCU TEE,exclude,Explicit heart/coronary/valve/rhythm/pericardial procedure or standalone cardiac diagnostic procedure; not all entries are cardiac surgery.,heart_directed_procedure
mover,"PROBING, LACRIMAL DUCT",include,"Procedure terminology gives no explicit heart-directed procedure, renal recipient operation, or dialysis-related operation; not proof of absence of renal disease.",noncardiac_procedure_no_explicit_renal_exclusion
mover,"PROCEDURE, ELECTROPHYSIOLOGY",exclude,Explicit heart/coronary/valve/rhythm/pericardial procedure or standalone cardiac diagnostic procedure; not all entries are cardiac surgery.,heart_directed_procedure
mover,"PROCEDURE, FEMUR OR KNEE",include,"Procedure terminology gives no explicit heart-directed procedure, renal recipient operation, or dialysis-related operation; not proof of absence of renal disease.",noncardiac_procedure_no_explicit_renal_exclusion
mover,"PROCEDURE, FOOT OR TOES",include,"Procedure terminology gives no explicit heart-directed procedure, renal recipient operation, or dialysis-related operation; not proof of absence of renal disease.",noncardiac_procedure_no_explicit_renal_exclusion
mover,"PROCEDURE, HUMERUS, ELBOW",include,"Procedure terminology gives no explicit heart-directed procedure, renal recipient operation, or dialysis-related operation; not proof of absence of renal disease.",noncardiac_procedure_no_explicit_renal_exclusion
mover,"PROCEDURE, SHOULDER",include,"Procedure terminology gives no explicit heart-directed procedure, renal recipient operation, or dialysis-related operation; not proof of absence of renal disease.",noncardiac_procedure_no_explicit_renal_exclusion
mover,"PROCEDURE, SKIN, USING LASER",include,"Procedure terminology gives no explicit heart-directed procedure, renal recipient operation, or dialysis-related operation; not proof of absence of renal disease.",noncardiac_procedure_no_explicit_renal_exclusion
mover,"PROCEDURE, SPINE",include,"Procedure terminology gives no explicit heart-directed procedure, renal recipient operation, or dialysis-related operation; not proof of absence of renal disease.",noncardiac_procedure_no_explicit_renal_exclusion
mover,PROCTOCOLECTOMY,include,"Procedure terminology gives no explicit heart-directed procedure, renal recipient operation, or dialysis-related operation; not proof of absence of renal disease.",noncardiac_procedure_no_explicit_renal_exclusion
mover,"PROCTOCOLECTOMY, TOTAL, LAPAROSCOPIC, ROBOT-ASSISTED",include,"Procedure terminology gives no explicit heart-directed procedure, renal recipient operation, or dialysis-related operation; not proof of absence of renal disease.",noncardiac_procedure_no_explicit_renal_exclusion
mover,"PROCTOCOLECTOMY, TOTAL, LAPAROSCOPY-ASSISTED",include,"Procedure terminology gives no explicit heart-directed procedure, renal recipient operation, or dialysis-related operation; not proof of absence of renal disease.",noncardiac_procedure_no_explicit_renal_exclusion
mover,"PROSTATECTOMY, RADICAL",include,"Procedure terminology gives no explicit heart-directed procedure, renal recipient operation, or dialysis-related operation; not proof of absence of renal disease.",noncardiac_procedure_no_explicit_renal_exclusion
mover,"PROSTATECTOMY, RADICAL, WITH BILATERAL LYMPH NODE DISSECTION",include,"Procedure terminology gives no explicit heart-directed procedure, renal recipient operation, or dialysis-related operation; not proof of absence of renal disease.",noncardiac_procedure_no_explicit_renal_exclusion
mover,"PROSTATECTOMY, ROBOT-ASSISTED",include,"Procedure terminology gives no explicit heart-directed procedure, renal recipient operation, or dialysis-related operation; not proof of absence of renal disease.",noncardiac_procedure_no_explicit_renal_exclusion
mover,"PROSTATECTOMY, SUPRAPUBIC OR RETROPUBIC APPROACH",include,"Procedure terminology gives no explicit heart-directed procedure, renal recipient operation, or dialysis-related operation; not proof of absence of renal disease.",noncardiac_procedure_no_explicit_renal_exclusion
mover,"PUBOVAGINAL SLING, USING FASCIA",include,"Procedure terminology gives no explicit heart-directed procedure, renal recipient operation, or dialysis-related operation; not proof of absence of renal disease.",noncardiac_procedure_no_explicit_renal_exclusion
mover,"PYELOPLASTY, LAPAROSCOPIC",include,"Procedure terminology gives no explicit heart-directed procedure, renal recipient operation, or dialysis-related operation; not proof of absence of renal disease.",noncardiac_procedure_no_explicit_renal_exclusion
mover,"PYELOPLASTY, ROBOT-ASSISTED",include,"Procedure terminology gives no explicit heart-directed procedure, renal recipient operation, or dialysis-related operation; not proof of absence of renal disease.",noncardiac_procedure_no_explicit_renal_exclusion
mover,"RADICAL RESECTION, TONSIL/TONSILLAR PILLARS AND/OR RETROMOLAR TRIGONE",include,"Procedure terminology gives no explicit heart-directed procedure, renal recipient operation, or dialysis-related operation; not proof of absence of renal disease.",noncardiac_procedure_no_explicit_renal_exclusion
mover,"RADIOFREQUENCY ABLATION, ARRHYTHMOGENIC FOCUS, FOR ATRIAL FLUTTER",exclude,Explicit heart/coronary/valve/rhythm/pericardial procedure or standalone cardiac diagnostic procedure; not all entries are cardiac surgery.,heart_directed_procedure
mover,"RADIOFREQUENCY ABLATION, LAPAROSCOPIC",uncertain,Missing or nonspecific procedure/site/indication; cannot verify the common eligible surgical/procedural population.,uncertain_procedure_or_site
mover,"RADIOFREQUENCY ABLATION, VARICOSE VEIN",include,"Procedure terminology gives no explicit heart-directed procedure, renal recipient operation, or dialysis-related operation; not proof of absence of renal disease.",noncardiac_procedure_no_explicit_renal_exclusion
mover,"RE-AMPUTATION, STUMP",include,"Procedure terminology gives no explicit heart-directed procedure, renal recipient operation, or dialysis-related operation; not proof of absence of renal disease.",noncardiac_procedure_no_explicit_renal_exclusion
mover,"RE-EXPLORATION, STERNOTOMY",uncertain,Thoracic/sternal/aortic/lead/extracorporeal-support term does not identify a clearly eligible noncardiac procedure; no assumption of confirmed cardiac surgery.,uncertain_cardiothoracic_scope
mover,"REATTACHMENT, FINGER",include,"Procedure terminology gives no explicit heart-directed procedure, renal recipient operation, or dialysis-related operation; not proof of absence of renal disease.",noncardiac_procedure_no_explicit_renal_exclusion
mover,"RECONSTRUCTION, ARTERY",uncertain,Missing or nonspecific procedure/site/indication; cannot verify the common eligible surgical/procedural population.,uncertain_procedure_or_site
mover,"RECONSTRUCTION, BREAST, BILATERAL",include,"Procedure terminology gives no explicit heart-directed procedure, renal recipient operation, or dialysis-related operation; not proof of absence of renal disease.",noncardiac_procedure_no_explicit_renal_exclusion
mover,"RECONSTRUCTION, BREAST, UNILATERAL",include,"Procedure terminology gives no explicit heart-directed procedure, renal recipient operation, or dialysis-related operation; not proof of absence of renal disease.",noncardiac_procedure_no_explicit_renal_exclusion
mover,"RECONSTRUCTION, BREAST, USING TRAM FLAP",include,"Procedure terminology gives no explicit heart-directed procedure, renal recipient operation, or dialysis-related operation; not proof of absence of renal disease.",noncardiac_procedure_no_explicit_renal_exclusion
mover,"RECONSTRUCTION, BREAST, WITH LATISSIMUS DORSI MYOCUTANEOUS FLAP",include,"Procedure terminology gives no explicit heart-directed procedure, renal recipient operation, or dialysis-related operation; not proof of absence of renal disease.",noncardiac_procedure_no_explicit_renal_exclusion
mover,"RECONSTRUCTION, BREAST, WITH TISSUE EXPANDER",include,"Procedure terminology gives no explicit heart-directed procedure, renal recipient operation, or dialysis-related operation; not proof of absence of renal disease.",noncardiac_procedure_no_explicit_renal_exclusion
mover,"RECONSTRUCTION, BREAST, WITH TRAM FLAP AND MICROVASCULAR ANASTOMOSIS",include,"Procedure terminology gives no explicit heart-directed procedure, renal recipient operation, or dialysis-related operation; not proof of absence of renal disease.",noncardiac_procedure_no_explicit_renal_exclusion
mover,"RECONSTRUCTION, DIGIT, HAND",include,"Procedure terminology gives no explicit heart-directed procedure, renal recipient operation, or dialysis-related operation; not proof of absence of renal disease.",noncardiac_procedure_no_explicit_renal_exclusion
mover,"RECONSTRUCTION, DISTAL ULNA / RADIOULNAR JOINT",include,"Procedure terminology gives no explicit heart-directed procedure, renal recipient operation, or dialysis-related operation; not proof of absence of renal disease.",noncardiac_procedure_no_explicit_renal_exclusion
mover,"RECONSTRUCTION, EXTENSOR HOOD, FINGER",include,"Procedure terminology gives no explicit heart-directed procedure, renal recipient operation, or dialysis-related operation; not proof of absence of renal disease.",noncardiac_procedure_no_explicit_renal_exclusion
mover,"RECONSTRUCTION, EYELID",include,"Procedure terminology gives no explicit heart-directed procedure, renal recipient operation, or dialysis-related operation; not proof of absence of renal disease.",noncardiac_procedure_no_explicit_renal_exclusion
mover,"RECONSTRUCTION, FACE",include,"Procedure terminology gives no explicit heart-directed procedure, renal recipient operation, or dialysis-related operation; not proof of absence of renal disease.",noncardiac_procedure_no_explicit_renal_exclusion
mover,"RECONSTRUCTION, FINGER",include,"Procedure terminology gives no explicit heart-directed procedure, renal recipient operation, or dialysis-related operation; not proof of absence of renal disease.",noncardiac_procedure_no_explicit_renal_exclusion
mover,"RECONSTRUCTION, HAND",include,"Procedure terminology gives no explicit heart-directed procedure, renal recipient operation, or dialysis-related operation; not proof of absence of renal disease.",noncardiac_procedure_no_explicit_renal_exclusion
mover,"RECONSTRUCTION, MANDIBLE",include,"Procedure terminology gives no explicit heart-directed procedure, renal recipient operation, or dialysis-related operation; not proof of absence of renal disease.",noncardiac_procedure_no_explicit_renal_exclusion
mover,"RECONSTRUCTION, NAIL BED",include,"Procedure terminology gives no explicit heart-directed procedure, renal recipient operation, or dialysis-related operation; not proof of absence of renal disease.",noncardiac_procedure_no_explicit_renal_exclusion
mover,"RECONSTRUCTION, NIPPLE",include,"Procedure terminology gives no explicit heart-directed procedure, renal recipient operation, or dialysis-related operation; not proof of absence of renal disease.",noncardiac_procedure_no_explicit_renal_exclusion
mover,"RECONSTRUCTION, NOSE",include,"Procedure terminology gives no explicit heart-directed procedure, renal recipient operation, or dialysis-related operation; not proof of absence of renal disease.",noncardiac_procedure_no_explicit_renal_exclusion
mover,"RECONSTRUCTION, NOSE, TIP",include,"Procedure terminology gives no explicit heart-directed procedure, renal recipient operation, or dialysis-related operation; not proof of absence of renal disease.",noncardiac_procedure_no_explicit_renal_exclusion
mover,"RECONSTRUCTION, OCULAR SURFACE, WITH AMNIOTIC MEMBRANE TRANSPLANT",include,"Procedure terminology gives no explicit heart-directed procedure, renal recipient operation, or dialysis-related operation; not proof of absence of renal disease.",noncardiac_procedure_no_explicit_renal_exclusion
mover,"RECONSTRUCTION, PENIS",include,"Procedure terminology gives no explicit heart-directed procedure, renal recipient operation, or dialysis-related operation; not proof of absence of renal disease.",noncardiac_procedure_no_explicit_renal_exclusion
mover,"RECONSTRUCTION, SCALP",include,"Procedure terminology gives no explicit heart-directed procedure, renal recipient operation, or dialysis-related operation; not proof of absence of renal disease.",noncardiac_procedure_no_explicit_renal_exclusion
mover,"RECONSTRUCTION, TISSUE, FACIAL AND CRANIAL",include,"Procedure terminology gives no explicit heart-directed procedure, renal recipient operation, or dialysis-related operation; not proof of absence of renal disease.",noncardiac_procedure_no_explicit_renal_exclusion
mover,"RECONSTRUCTION, URETER",include,"Procedure terminology gives no explicit heart-directed procedure, renal recipient operation, or dialysis-related operation; not proof of absence of renal disease.",noncardiac_procedure_no_explicit_renal_exclusion
mover,"RECONSTRUCTION, URETHRA",include,"Procedure terminology gives no explicit heart-directed procedure, renal recipient operation, or dialysis-related operation; not proof of absence of renal disease.",noncardiac_procedure_no_explicit_renal_exclusion
mover,"RECTOPEXY, ROBOT-ASSISTED, LAPAROSCOPIC",include,"Procedure terminology gives no explicit heart-directed procedure, renal recipient operation, or dialysis-related operation; not proof of absence of renal disease.",noncardiac_procedure_no_explicit_renal_exclusion
mover,"REDUCTION, BREAST, UNILATERAL",include,"Procedure terminology gives no explicit heart-directed procedure, renal recipient operation, or dialysis-related operation; not proof of absence of renal disease.",noncardiac_procedure_no_explicit_renal_exclusion
mover,"REDUCTION, DISLOCATION, ELBOW, CLOSED",include,"Procedure terminology gives no explicit heart-directed procedure, renal recipient operation, or dialysis-related operation; not proof of absence of renal disease.",noncardiac_procedure_no_explicit_renal_exclusion
mover,"REDUCTION, DISLOCATION, SHOULDER, CLOSED",include,"Procedure terminology gives no explicit heart-directed procedure, renal recipient operation, or dialysis-related operation; not proof of absence of renal disease.",noncardiac_procedure_no_explicit_renal_exclusion
mover,"REDUCTION, FRACTURE, NASAL BONE, CLOSED",include,"Procedure terminology gives no explicit heart-directed procedure, renal recipient operation, or dialysis-related operation; not proof of absence of renal disease.",noncardiac_procedure_no_explicit_renal_exclusion
mover,"REIMPLANTATION, URETER",include,"Procedure terminology gives no explicit heart-directed procedure, renal recipient operation, or dialysis-related operation; not proof of absence of renal disease.",noncardiac_procedure_no_explicit_renal_exclusion
mover,"REINFORCEMENT, SCLERA",include,"Procedure terminology gives no explicit heart-directed procedure, renal recipient operation, or dialysis-related operation; not proof of absence of renal disease.",noncardiac_procedure_no_explicit_renal_exclusion
mover,"RELEASE, CARPAL TUNNEL",include,"Procedure terminology gives no explicit heart-directed procedure, renal recipient operation, or dialysis-related operation; not proof of absence of renal disease.",noncardiac_procedure_no_explicit_renal_exclusion
mover,"RELEASE, CONTRACTURE",include,"Procedure terminology gives no explicit heart-directed procedure, renal recipient operation, or dialysis-related operation; not proof of absence of renal disease.",noncardiac_procedure_no_explicit_renal_exclusion
mover,"RELEASE, CONTRACTURE, HAND, FROM EPIDERMOLYSIS BULLOSA",include,"Procedure terminology gives no explicit heart-directed procedure, renal recipient operation, or dialysis-related operation; not proof of absence of renal disease.",noncardiac_procedure_no_explicit_renal_exclusion
mover,"RELEASE, CUBITAL TUNNEL",include,"Procedure terminology gives no explicit heart-directed procedure, renal recipient operation, or dialysis-related operation; not proof of absence of renal disease.",noncardiac_procedure_no_explicit_renal_exclusion
mover,"RELEASE, DUPUYTREN'S CONTRACTURE",include,"Procedure terminology gives no explicit heart-directed procedure, renal recipient operation, or dialysis-related operation; not proof of absence of renal disease.",noncardiac_procedure_no_explicit_renal_exclusion
mover,"RELEASE, HAND FOR DEQUERVAIN'S TENOSYNOVITIS",include,"Procedure terminology gives no explicit heart-directed procedure, renal recipient operation, or dialysis-related operation; not proof of absence of renal disease.",noncardiac_procedure_no_explicit_renal_exclusion
mover,"RELEASE, PIP JOINT",include,"Procedure terminology gives no explicit heart-directed procedure, renal recipient operation, or dialysis-related operation; not proof of absence of renal disease.",noncardiac_procedure_no_explicit_renal_exclusion
mover,"RELEASE, TARSAL TUNNEL",include,"Procedure terminology gives no explicit heart-directed procedure, renal recipient operation, or dialysis-related operation; not proof of absence of renal disease.",noncardiac_procedure_no_explicit_renal_exclusion
mover,"RELEASE, TRIGGER FINGER",include,"Procedure terminology gives no explicit heart-directed procedure, renal recipient operation, or dialysis-related operation; not proof of absence of renal disease.",noncardiac_procedure_no_explicit_renal_exclusion
mover,"RELEASE, TRIGGER FINGER OR THUMB",include,"Procedure terminology gives no explicit heart-directed procedure, renal recipient operation, or dialysis-related operation; not proof of absence of renal disease.",noncardiac_procedure_no_explicit_renal_exclusion
mover,"RELEASE, TRIGGER THUMB",include,"Procedure terminology gives no explicit heart-directed procedure, renal recipient operation, or dialysis-related operation; not proof of absence of renal disease.",noncardiac_procedure_no_explicit_renal_exclusion
mover,"REMOVAL AND REPLACEMENT, DUAL LEAD PACEMAKER PULSE GENERATOR",exclude,Explicit heart/coronary/valve/rhythm/pericardial procedure or standalone cardiac diagnostic procedure; not all entries are cardiac surgery.,heart_directed_procedure
mover,REMOVAL OF ECMO CENTRAL LINES,uncertain,Thoracic/sternal/aortic/lead/extracorporeal-support term does not identify a clearly eligible noncardiac procedure; no assumption of confirmed cardiac surgery.,uncertain_cardiothoracic_scope
mover,REMOVAL OF INTERMAXILLARY FIXATION BARS AND WIRES (ARCH BAR REMOVAL),include,"Procedure terminology gives no explicit heart-directed procedure, renal recipient operation, or dialysis-related operation; not proof of absence of renal disease.",noncardiac_procedure_no_explicit_renal_exclusion
mover,"REMOVAL OR REPLACEMENT, IUD",include,"Procedure terminology gives no explicit heart-directed procedure, renal recipient operation, or dialysis-related operation; not proof of absence of renal disease.",noncardiac_procedure_no_explicit_renal_exclusion
mover,"REMOVAL OR REPLACEMENT, PACEMAKER ELECTRODE LEAD, USING LASER",exclude,Explicit heart/coronary/valve/rhythm/pericardial procedure or standalone cardiac diagnostic procedure; not all entries are cardiac surgery.,heart_directed_procedure
mover,"REMOVAL OR REPLACEMENT, WIRES, STERNUM",uncertain,Thoracic/sternal/aortic/lead/extracorporeal-support term does not identify a clearly eligible noncardiac procedure; no assumption of confirmed cardiac surgery.,uncertain_cardiothoracic_scope
mover,"REMOVAL OR REVISION, PACEMAKER, BIVENTRICULAR",exclude,Explicit heart/coronary/valve/rhythm/pericardial procedure or standalone cardiac diagnostic procedure; not all entries are cardiac surgery.,heart_directed_procedure
mover,"REMOVAL OR REVISION, SLING, MIDURETHRAL",include,"Procedure terminology gives no explicit heart-directed procedure, renal recipient operation, or dialysis-related operation; not proof of absence of renal disease.",noncardiac_procedure_no_explicit_renal_exclusion
mover,"REMOVAL, ARCH BARS",include,"Procedure terminology gives no explicit heart-directed procedure, renal recipient operation, or dialysis-related operation; not proof of absence of renal disease.",noncardiac_procedure_no_explicit_renal_exclusion
mover,"REMOVAL, CATHETER",uncertain,Missing or nonspecific procedure/site/indication; cannot verify the common eligible surgical/procedural population.,uncertain_procedure_or_site
mover,"REMOVAL, CATHETER, CENTRAL VENOUS, TUNNELED, WITH PORT",include,"Procedure terminology gives no explicit heart-directed procedure, renal recipient operation, or dialysis-related operation; not proof of absence of renal disease.",noncardiac_procedure_no_explicit_renal_exclusion
mover,"REMOVAL, CATHETER, DIALYSIS, PERITONEAL",exclude,Explicit kidney recipient/transplanted-kidney operation or dialysis-related procedure; access procedure does not prove chronic dialysis.,explicit_renal_replacement_or_recipient_procedure
mover,"REMOVAL, CATHETER, HEMODIALYSIS",exclude,Explicit kidney recipient/transplanted-kidney operation or dialysis-related procedure; access procedure does not prove chronic dialysis.,explicit_renal_replacement_or_recipient_procedure
mover,"REMOVAL, CRANIAL NERVE STIMULATOR",include,"Procedure terminology gives no explicit heart-directed procedure, renal recipient operation, or dialysis-related operation; not proof of absence of renal disease.",noncardiac_procedure_no_explicit_renal_exclusion
mover,"REMOVAL, CRANIOPLASTY PROSTHESIS",include,"Procedure terminology gives no explicit heart-directed procedure, renal recipient operation, or dialysis-related operation; not proof of absence of renal disease.",noncardiac_procedure_no_explicit_renal_exclusion
mover,"REMOVAL, DEPTH ELECTRODE LEADS, INTRACRANIAL",include,"Procedure terminology gives no explicit heart-directed procedure, renal recipient operation, or dialysis-related operation; not proof of absence of renal disease.",noncardiac_procedure_no_explicit_renal_exclusion
mover,"REMOVAL, DIALYSIS CATHETER",exclude,Explicit kidney recipient/transplanted-kidney operation or dialysis-related procedure; access procedure does not prove chronic dialysis.,explicit_renal_replacement_or_recipient_procedure
mover,"REMOVAL, DUAL CHAMBER CARDIAC PACEMAKER",exclude,Explicit heart/coronary/valve/rhythm/pericardial procedure or standalone cardiac diagnostic procedure; not all entries are cardiac surgery.,heart_directed_procedure
mover,"REMOVAL, EXTERNAL FIXATION DEVICE",include,"Procedure terminology gives no explicit heart-directed procedure, renal recipient operation, or dialysis-related operation; not proof of absence of renal disease.",noncardiac_procedure_no_explicit_renal_exclusion
mover,"REMOVAL, EXTERNAL FIXATION DEVICE, ANKLE",include,"Procedure terminology gives no explicit heart-directed procedure, renal recipient operation, or dialysis-related operation; not proof of absence of renal disease.",noncardiac_procedure_no_explicit_renal_exclusion
mover,"REMOVAL, EXTERNAL FIXATION DEVICE, LOWER EXTREMITY",include,"Procedure terminology gives no explicit heart-directed procedure, renal recipient operation, or dialysis-related operation; not proof of absence of renal disease.",noncardiac_procedure_no_explicit_renal_exclusion
mover,"REMOVAL, EXTERNAL FIXATION DEVICE, PELVIS",include,"Procedure terminology gives no explicit heart-directed procedure, renal recipient operation, or dialysis-related operation; not proof of absence of renal disease.",noncardiac_procedure_no_explicit_renal_exclusion
mover,"REMOVAL, FOREIGN BODY, EYE",include,"Procedure terminology gives no explicit heart-directed procedure, renal recipient operation, or dialysis-related operation; not proof of absence of renal disease.",noncardiac_procedure_no_explicit_renal_exclusion
mover,"REMOVAL, FOREIGN BODY, FOOT",include,"Procedure terminology gives no explicit heart-directed procedure, renal recipient operation, or dialysis-related operation; not proof of absence of renal disease.",noncardiac_procedure_no_explicit_renal_exclusion
mover,"REMOVAL, FOREIGN BODY, LOWER EXTREMITY",include,"Procedure terminology gives no explicit heart-directed procedure, renal recipient operation, or dialysis-related operation; not proof of absence of renal disease.",noncardiac_procedure_no_explicit_renal_exclusion
mover,"REMOVAL, FOREIGN BODY, STOMACH",include,"Procedure terminology gives no explicit heart-directed procedure, renal recipient operation, or dialysis-related operation; not proof of absence of renal disease.",noncardiac_procedure_no_explicit_renal_exclusion
mover,"REMOVAL, GASTRIC BAND, LAPAROSCOPIC",include,"Procedure terminology gives no explicit heart-directed procedure, renal recipient operation, or dialysis-related operation; not proof of absence of renal disease.",noncardiac_procedure_no_explicit_renal_exclusion
mover,"REMOVAL, GRAFT, ARTERIOVENOUS",uncertain,AV access/fistulogram or alternate dialysis versus central venous catheter title does not establish dialysis indication; exclude from main cohort for unresolved procedure classification.,uncertain_access_indication
mover,"REMOVAL, HARDWARE, ANKLE",include,"Procedure terminology gives no explicit heart-directed procedure, renal recipient operation, or dialysis-related operation; not proof of absence of renal disease.",noncardiac_procedure_no_explicit_renal_exclusion
mover,"REMOVAL, HARDWARE, ELBOW",include,"Procedure terminology gives no explicit heart-directed procedure, renal recipient operation, or dialysis-related operation; not proof of absence of renal disease.",noncardiac_procedure_no_explicit_renal_exclusion
mover,"REMOVAL, HARDWARE, HIP",include,"Procedure terminology gives no explicit heart-directed procedure, renal recipient operation, or dialysis-related operation; not proof of absence of renal disease.",noncardiac_procedure_no_explicit_renal_exclusion
mover,"REMOVAL, HARDWARE, LOWER EXTREMITY",include,"Procedure terminology gives no explicit heart-directed procedure, renal recipient operation, or dialysis-related operation; not proof of absence of renal disease.",noncardiac_procedure_no_explicit_renal_exclusion
mover,"REMOVAL, HARDWARE, SPINE",include,"Procedure terminology gives no explicit heart-directed procedure, renal recipient operation, or dialysis-related operation; not proof of absence of renal disease.",noncardiac_procedure_no_explicit_renal_exclusion
mover,"REMOVAL, ICD OR PERMANENT PACEMAKER",exclude,Explicit heart/coronary/valve/rhythm/pericardial procedure or standalone cardiac diagnostic procedure; not all entries are cardiac surgery.,heart_directed_procedure
mover,"REMOVAL, IMPLANT",uncertain,Missing or nonspecific procedure/site/indication; cannot verify the common eligible surgical/procedural population.,uncertain_procedure_or_site
mover,"REMOVAL, IMPLANT MATERIAL, EYE, ANTERIOR SEGMENT",include,"Procedure terminology gives no explicit heart-directed procedure, renal recipient operation, or dialysis-related operation; not proof of absence of renal disease.",noncardiac_procedure_no_explicit_renal_exclusion
mover,"REMOVAL, IMPLANT, BREAST",include,"Procedure terminology gives no explicit heart-directed procedure, renal recipient operation, or dialysis-related operation; not proof of absence of renal disease.",noncardiac_procedure_no_explicit_renal_exclusion
mover,"REMOVAL, IMPLANTABLE LOOP RECORDER",exclude,Explicit heart/coronary/valve/rhythm/pericardial procedure or standalone cardiac diagnostic procedure; not all entries are cardiac surgery.,heart_directed_procedure
mover,"REMOVAL, IMPLANTED HARDWARE, DEEP",include,"Procedure terminology gives no explicit heart-directed procedure, renal recipient operation, or dialysis-related operation; not proof of absence of renal disease.",noncardiac_procedure_no_explicit_renal_exclusion
mover,"REMOVAL, INFERIOR VENA CAVAL FILTER",include,"Procedure terminology gives no explicit heart-directed procedure, renal recipient operation, or dialysis-related operation; not proof of absence of renal disease.",noncardiac_procedure_no_explicit_renal_exclusion
mover,"REMOVAL, INTRAMEDULLARY ROD, TIBIA",include,"Procedure terminology gives no explicit heart-directed procedure, renal recipient operation, or dialysis-related operation; not proof of absence of renal disease.",noncardiac_procedure_no_explicit_renal_exclusion
mover,"REMOVAL, LVAD, PERCUTANEOUS",exclude,Explicit heart/coronary/valve/rhythm/pericardial procedure or standalone cardiac diagnostic procedure; not all entries are cardiac surgery.,heart_directed_procedure
mover,"REMOVAL, NEUROSTIMULATOR ELECTRODES, SACRAL",include,"Procedure terminology gives no explicit heart-directed procedure, renal recipient operation, or dialysis-related operation; not proof of absence of renal disease.",noncardiac_procedure_no_explicit_renal_exclusion
mover,"REMOVAL, NEUROSTIMULATOR, VAGAL",include,"Procedure terminology gives no explicit heart-directed procedure, renal recipient operation, or dialysis-related operation; not proof of absence of renal disease.",noncardiac_procedure_no_explicit_renal_exclusion
mover,"REMOVAL, ORTHOPEDIC HARDWARE, UPPER EXTREMITY",include,"Procedure terminology gives no explicit heart-directed procedure, renal recipient operation, or dialysis-related operation; not proof of absence of renal disease.",noncardiac_procedure_no_explicit_renal_exclusion
mover,"REMOVAL, PACING CARDIOVERTER-DEFIBRILLATOR PULSE GENERATOR, WITH MULTI-LEAD SYSTEM REPLACEMENT",exclude,Explicit heart/coronary/valve/rhythm/pericardial procedure or standalone cardiac diagnostic procedure; not all entries are cardiac surgery.,heart_directed_procedure
mover,"REMOVAL, PENILE IMPLANT",include,"Procedure terminology gives no explicit heart-directed procedure, renal recipient operation, or dialysis-related operation; not proof of absence of renal disease.",noncardiac_procedure_no_explicit_renal_exclusion
mover,"REMOVAL, PORT, INTRAPERITONEAL",include,"Procedure terminology gives no explicit heart-directed procedure, renal recipient operation, or dialysis-related operation; not proof of absence of renal disease.",noncardiac_procedure_no_explicit_renal_exclusion
mover,"REMOVAL, PROSTHESIS, HIP, WITH ANTIBIOTIC SPACER INSERTION",include,"Procedure terminology gives no explicit heart-directed procedure, renal recipient operation, or dialysis-related operation; not proof of absence of renal disease.",noncardiac_procedure_no_explicit_renal_exclusion
mover,"REMOVAL, PROSTHESIS, KNEE",include,"Procedure terminology gives no explicit heart-directed procedure, renal recipient operation, or dialysis-related operation; not proof of absence of renal disease.",noncardiac_procedure_no_explicit_renal_exclusion
mover,"REMOVAL, PROSTHESIS, KNEE, WITH ANTIBIOTIC SPACER INSERTION",include,"Procedure terminology gives no explicit heart-directed procedure, renal recipient operation, or dialysis-related operation; not proof of absence of renal disease.",noncardiac_procedure_no_explicit_renal_exclusion
mover,"REMOVAL, PROSTHESIS, TOTAL SHOULDER",include,"Procedure terminology gives no explicit heart-directed procedure, renal recipient operation, or dialysis-related operation; not proof of absence of renal disease.",noncardiac_procedure_no_explicit_renal_exclusion
mover,"REMOVAL, PULSE GENERATOR",uncertain,Missing or nonspecific procedure/site/indication; cannot verify the common eligible surgical/procedural population.,uncertain_procedure_or_site
mover,"REMOVAL, SKIN TAG",include,"Procedure terminology gives no explicit heart-directed procedure, renal recipient operation, or dialysis-related operation; not proof of absence of renal disease.",noncardiac_procedure_no_explicit_renal_exclusion
mover,"REMOVAL, STENT, ENDOSCOPIC",include,"Procedure terminology gives no explicit heart-directed procedure, renal recipient operation, or dialysis-related operation; not proof of absence of renal disease.",noncardiac_procedure_no_explicit_renal_exclusion
mover,"REMOVAL, STENT, URETER, CYSTOSCOPIC",include,"Procedure terminology gives no explicit heart-directed procedure, renal recipient operation, or dialysis-related operation; not proof of absence of renal disease.",noncardiac_procedure_no_explicit_renal_exclusion
mover,"REMOVAL, TISSUE EXPANDER, BREAST",include,"Procedure terminology gives no explicit heart-directed procedure, renal recipient operation, or dialysis-related operation; not proof of absence of renal disease.",noncardiac_procedure_no_explicit_renal_exclusion
mover,"REMOVAL, VAD",exclude,Explicit heart/coronary/valve/rhythm/pericardial procedure or standalone cardiac diagnostic procedure; not all entries are cardiac surgery.,heart_directed_procedure
mover,"REMOVAL, VAGINAL WALL, PARTIAL",include,"Procedure terminology gives no explicit heart-directed procedure, renal recipient operation, or dialysis-related operation; not proof of absence of renal disease.",noncardiac_procedure_no_explicit_renal_exclusion
mover,"REOPENING, STERNOTOMY, WITH EXPLORATION, IRRIGATION, DEBRIDEMENT, AND CLOSURE",uncertain,Thoracic/sternal/aortic/lead/extracorporeal-support term does not identify a clearly eligible noncardiac procedure; no assumption of confirmed cardiac surgery.,uncertain_cardiothoracic_scope
mover,"REPAIR NONUNION, HUMERUS",include,"Procedure terminology gives no explicit heart-directed procedure, renal recipient operation, or dialysis-related operation; not proof of absence of renal disease.",noncardiac_procedure_no_explicit_renal_exclusion
mover,"REPAIR NONUNION, RADIUS OR ULNA",include,"Procedure terminology gives no explicit heart-directed procedure, renal recipient operation, or dialysis-related operation; not proof of absence of renal disease.",noncardiac_procedure_no_explicit_renal_exclusion
mover,"REPAIR OR RECONSTRUCTION, LIGAMENT",include,"Procedure terminology gives no explicit heart-directed procedure, renal recipient operation, or dialysis-related operation; not proof of absence of renal disease.",noncardiac_procedure_no_explicit_renal_exclusion
mover,"REPAIR OR RECONSTRUCTION, LIGAMENT, MEDIAL PATELLOFEMORAL",include,"Procedure terminology gives no explicit heart-directed procedure, renal recipient operation, or dialysis-related operation; not proof of absence of renal disease.",noncardiac_procedure_no_explicit_renal_exclusion
mover,"REPAIR OR REPLACEMENT, AORTIC OR MITRAL VALVE, MINIMALLY INVASIVE, WITH MINI STERNOTOMY IF INDICATED",exclude,Explicit heart/coronary/valve/rhythm/pericardial procedure or standalone cardiac diagnostic procedure; not all entries are cardiac surgery.,heart_directed_procedure
mover,"REPAIR, AAA, ENDOVASCULAR",include,"Procedure terminology gives no explicit heart-directed procedure, renal recipient operation, or dialysis-related operation; not proof of absence of renal disease.",noncardiac_procedure_no_explicit_renal_exclusion
mover,"REPAIR, ACL AND PCL, ARTHROSCOPIC ASSISTED",include,"Procedure terminology gives no explicit heart-directed procedure, renal recipient operation, or dialysis-related operation; not proof of absence of renal disease.",noncardiac_procedure_no_explicit_renal_exclusion
mover,"REPAIR, ADDUCTOR MUSCLE, HIP",include,"Procedure terminology gives no explicit heart-directed procedure, renal recipient operation, or dialysis-related operation; not proof of absence of renal disease.",noncardiac_procedure_no_explicit_renal_exclusion
mover,"REPAIR, ANEURYSM",uncertain,Missing or nonspecific procedure/site/indication; cannot verify the common eligible surgical/procedural population.,uncertain_procedure_or_site
mover,"REPAIR, ANEURYSM, AORTA, THORACIC",uncertain,Thoracic/sternal/aortic/lead/extracorporeal-support term does not identify a clearly eligible noncardiac procedure; no assumption of confirmed cardiac surgery.,uncertain_cardiothoracic_scope
mover,"REPAIR, ANEURYSM, AORTA, THORACOABDOMINAL",uncertain,Thoracic/sternal/aortic/lead/extracorporeal-support term does not identify a clearly eligible noncardiac procedure; no assumption of confirmed cardiac surgery.,uncertain_cardiothoracic_scope
mover,"REPAIR, ANEURYSM, ARTERY, POPLITEAL",include,"Procedure terminology gives no explicit heart-directed procedure, renal recipient operation, or dialysis-related operation; not proof of absence of renal disease.",noncardiac_procedure_no_explicit_renal_exclusion
mover,"REPAIR, ANEURYSM, ENDOVASCULAR",uncertain,Missing or nonspecific procedure/site/indication; cannot verify the common eligible surgical/procedural population.,uncertain_procedure_or_site
mover,"REPAIR, AORTA, THORACIC, DESCENDING, ENDOVASCULAR",include,"Procedure terminology gives no explicit heart-directed procedure, renal recipient operation, or dialysis-related operation; not proof of absence of renal disease.",noncardiac_procedure_no_explicit_renal_exclusion
mover,"REPAIR, AORTA, THORACIC, ENDOVASCULAR",include,"Procedure terminology gives no explicit heart-directed procedure, renal recipient operation, or dialysis-related operation; not proof of absence of renal disease.",noncardiac_procedure_no_explicit_renal_exclusion
mover,"REPAIR, ARTERY",uncertain,Missing or nonspecific procedure/site/indication; cannot verify the common eligible surgical/procedural population.,uncertain_procedure_or_site
mover,"REPAIR, ARTERY, BRACHIAL",include,"Procedure terminology gives no explicit heart-directed procedure, renal recipient operation, or dialysis-related operation; not proof of absence of renal disease.",noncardiac_procedure_no_explicit_renal_exclusion
mover,"REPAIR, ARTERY, FEMORAL",include,"Procedure terminology gives no explicit heart-directed procedure, renal recipient operation, or dialysis-related operation; not proof of absence of renal disease.",noncardiac_procedure_no_explicit_renal_exclusion
mover,"REPAIR, ASCENDING AORTA AND AORTIC ARCH",exclude,Explicit heart/coronary/valve/rhythm/pericardial procedure or standalone cardiac diagnostic procedure; not all entries are cardiac surgery.,heart_directed_procedure
mover,"REPAIR, ATRIAL SEPTAL DEFECT",exclude,Explicit heart/coronary/valve/rhythm/pericardial procedure or standalone cardiac diagnostic procedure; not all entries are cardiac surgery.,heart_directed_procedure
mover,"REPAIR, BLOOD VESSEL",uncertain,Missing or nonspecific procedure/site/indication; cannot verify the common eligible surgical/procedural population.,uncertain_procedure_or_site
mover,"REPAIR, BLOWOUT FRACTURE, ORBIT",include,"Procedure terminology gives no explicit heart-directed procedure, renal recipient operation, or dialysis-related operation; not proof of absence of renal disease.",noncardiac_procedure_no_explicit_renal_exclusion
mover,"REPAIR, CHEST WALL",include,"Procedure terminology gives no explicit heart-directed procedure, renal recipient operation, or dialysis-related operation; not proof of absence of renal disease.",noncardiac_procedure_no_explicit_renal_exclusion
mover,"REPAIR, CLEFT LIP AND PALATE",include,"Procedure terminology gives no explicit heart-directed procedure, renal recipient operation, or dialysis-related operation; not proof of absence of renal disease.",noncardiac_procedure_no_explicit_renal_exclusion
mover,"REPAIR, CSF DURAL LEAK, NOT REQUIRING LAMINECTOMY",include,"Procedure terminology gives no explicit heart-directed procedure, renal recipient operation, or dialysis-related operation; not proof of absence of renal disease.",noncardiac_procedure_no_explicit_renal_exclusion
mover,"REPAIR, CSF LEAK",include,"Procedure terminology gives no explicit heart-directed procedure, renal recipient operation, or dialysis-related operation; not proof of absence of renal disease.",noncardiac_procedure_no_explicit_renal_exclusion
mover,"REPAIR, CSF LEAK, SPINE, WITH LAMINECTOMY",include,"Procedure terminology gives no explicit heart-directed procedure, renal recipient operation, or dialysis-related operation; not proof of absence of renal disease.",noncardiac_procedure_no_explicit_renal_exclusion
mover,"REPAIR, CYSTOCELE",include,"Procedure terminology gives no explicit heart-directed procedure, renal recipient operation, or dialysis-related operation; not proof of absence of renal disease.",noncardiac_procedure_no_explicit_renal_exclusion
mover,"REPAIR, DEFECT, SEPTAL, ATRIAL OR VENTRICULAR",exclude,Explicit heart/coronary/valve/rhythm/pericardial procedure or standalone cardiac diagnostic procedure; not all entries are cardiac surgery.,heart_directed_procedure
mover,"REPAIR, ECTROPION, EYELID",include,"Procedure terminology gives no explicit heart-directed procedure, renal recipient operation, or dialysis-related operation; not proof of absence of renal disease.",noncardiac_procedure_no_explicit_renal_exclusion
mover,"REPAIR, EXTERNAL EAR",include,"Procedure terminology gives no explicit heart-directed procedure, renal recipient operation, or dialysis-related operation; not proof of absence of renal disease.",noncardiac_procedure_no_explicit_renal_exclusion
mover,"REPAIR, FISTULA",uncertain,Missing or nonspecific procedure/site/indication; cannot verify the common eligible surgical/procedural population.,uncertain_procedure_or_site
mover,"REPAIR, FISTULA, COLOVAGINAL",include,"Procedure terminology gives no explicit heart-directed procedure, renal recipient operation, or dialysis-related operation; not proof of absence of renal disease.",noncardiac_procedure_no_explicit_renal_exclusion
mover,"REPAIR, FISTULA, RECTOVAGINAL",include,"Procedure terminology gives no explicit heart-directed procedure, renal recipient operation, or dialysis-related operation; not proof of absence of renal disease.",noncardiac_procedure_no_explicit_renal_exclusion
mover,"REPAIR, FISTULA, URETHROCUTANEOUS",include,"Procedure terminology gives no explicit heart-directed procedure, renal recipient operation, or dialysis-related operation; not proof of absence of renal disease.",noncardiac_procedure_no_explicit_renal_exclusion
mover,"REPAIR, FISTULA, VESICOVAGINAL",include,"Procedure terminology gives no explicit heart-directed procedure, renal recipient operation, or dialysis-related operation; not proof of absence of renal disease.",noncardiac_procedure_no_explicit_renal_exclusion
mover,"REPAIR, FRACTURE NONUNION, BONE",include,"Procedure terminology gives no explicit heart-directed procedure, renal recipient operation, or dialysis-related operation; not proof of absence of renal disease.",noncardiac_procedure_no_explicit_renal_exclusion
mover,"REPAIR, FRACTURE, NASOORBITOETHMOID COMPLEX",include,"Procedure terminology gives no explicit heart-directed procedure, renal recipient operation, or dialysis-related operation; not proof of absence of renal disease.",noncardiac_procedure_no_explicit_renal_exclusion
mover,"REPAIR, FRACTURE, ORBIT",include,"Procedure terminology gives no explicit heart-directed procedure, renal recipient operation, or dialysis-related operation; not proof of absence of renal disease.",noncardiac_procedure_no_explicit_renal_exclusion
mover,"REPAIR, FRACTURE, PENIS",include,"Procedure terminology gives no explicit heart-directed procedure, renal recipient operation, or dialysis-related operation; not proof of absence of renal disease.",noncardiac_procedure_no_explicit_renal_exclusion
mover,"REPAIR, GLOBE, RUPTURED",include,"Procedure terminology gives no explicit heart-directed procedure, renal recipient operation, or dialysis-related operation; not proof of absence of renal disease.",noncardiac_procedure_no_explicit_renal_exclusion
mover,"REPAIR, HAMSTRING, PROXIMAL",include,"Procedure terminology gives no explicit heart-directed procedure, renal recipient operation, or dialysis-related operation; not proof of absence of renal disease.",noncardiac_procedure_no_explicit_renal_exclusion
mover,"REPAIR, HERNIA, DIAPHRAGMATIC",include,"Procedure terminology gives no explicit heart-directed procedure, renal recipient operation, or dialysis-related operation; not proof of absence of renal disease.",noncardiac_procedure_no_explicit_renal_exclusion
mover,"REPAIR, HERNIA, DIAPHRAGMATIC, LAPAROSCOPIC",include,"Procedure terminology gives no explicit heart-directed procedure, renal recipient operation, or dialysis-related operation; not proof of absence of renal disease.",noncardiac_procedure_no_explicit_renal_exclusion
mover,"REPAIR, HERNIA, HIATAL, LAPAROSCOPIC",include,"Procedure terminology gives no explicit heart-directed procedure, renal recipient operation, or dialysis-related operation; not proof of absence of renal disease.",noncardiac_procedure_no_explicit_renal_exclusion
mover,"REPAIR, HERNIA, INCISIONAL",include,"Procedure terminology gives no explicit heart-directed procedure, renal recipient operation, or dialysis-related operation; not proof of absence of renal disease.",noncardiac_procedure_no_explicit_renal_exclusion
mover,"REPAIR, HERNIA, INCISIONAL, LAPAROSCOPIC",include,"Procedure terminology gives no explicit heart-directed procedure, renal recipient operation, or dialysis-related operation; not proof of absence of renal disease.",noncardiac_procedure_no_explicit_renal_exclusion
mover,"REPAIR, HERNIA, PARASTOMAL",include,"Procedure terminology gives no explicit heart-directed procedure, renal recipient operation, or dialysis-related operation; not proof of absence of renal disease.",noncardiac_procedure_no_explicit_renal_exclusion
mover,"REPAIR, HERNIA, UMBILICAL",include,"Procedure terminology gives no explicit heart-directed procedure, renal recipient operation, or dialysis-related operation; not proof of absence of renal disease.",noncardiac_procedure_no_explicit_renal_exclusion
mover,"REPAIR, HERNIA, UMBILICAL, LAPAROSCOPIC",include,"Procedure terminology gives no explicit heart-directed procedure, renal recipient operation, or dialysis-related operation; not proof of absence of renal disease.",noncardiac_procedure_no_explicit_renal_exclusion
mover,"REPAIR, HERNIA, VENTRAL",include,"Procedure terminology gives no explicit heart-directed procedure, renal recipient operation, or dialysis-related operation; not proof of absence of renal disease.",noncardiac_procedure_no_explicit_renal_exclusion
mover,"REPAIR, HERNIA, VENTRAL, LAPAROSCOPIC",include,"Procedure terminology gives no explicit heart-directed procedure, renal recipient operation, or dialysis-related operation; not proof of absence of renal disease.",noncardiac_procedure_no_explicit_renal_exclusion
mover,"REPAIR, JOINT, HIP",include,"Procedure terminology gives no explicit heart-directed procedure, renal recipient operation, or dialysis-related operation; not proof of absence of renal disease.",noncardiac_procedure_no_explicit_renal_exclusion
mover,"REPAIR, LACERATION",uncertain,Missing or nonspecific procedure/site/indication; cannot verify the common eligible surgical/procedural population.,uncertain_procedure_or_site
mover,"REPAIR, LACERATION, EYELID",include,"Procedure terminology gives no explicit heart-directed procedure, renal recipient operation, or dialysis-related operation; not proof of absence of renal disease.",noncardiac_procedure_no_explicit_renal_exclusion
mover,"REPAIR, LACERATION, GLOBE",include,"Procedure terminology gives no explicit heart-directed procedure, renal recipient operation, or dialysis-related operation; not proof of absence of renal disease.",noncardiac_procedure_no_explicit_renal_exclusion
mover,"REPAIR, LACRIMAL CANALICULUS",include,"Procedure terminology gives no explicit heart-directed procedure, renal recipient operation, or dialysis-related operation; not proof of absence of renal disease.",noncardiac_procedure_no_explicit_renal_exclusion
mover,"REPAIR, LIGAMENT",include,"Procedure terminology gives no explicit heart-directed procedure, renal recipient operation, or dialysis-related operation; not proof of absence of renal disease.",noncardiac_procedure_no_explicit_renal_exclusion
mover,"REPAIR, LIGAMENT, COLLATERAL, FINGER OR HAND",include,"Procedure terminology gives no explicit heart-directed procedure, renal recipient operation, or dialysis-related operation; not proof of absence of renal disease.",noncardiac_procedure_no_explicit_renal_exclusion
mover,"REPAIR, NERVE",include,"Procedure terminology gives no explicit heart-directed procedure, renal recipient operation, or dialysis-related operation; not proof of absence of renal disease.",noncardiac_procedure_no_explicit_renal_exclusion
mover,"REPAIR, NERVE, FACIAL",include,"Procedure terminology gives no explicit heart-directed procedure, renal recipient operation, or dialysis-related operation; not proof of absence of renal disease.",noncardiac_procedure_no_explicit_renal_exclusion
mover,"REPAIR, NERVE, ULNAR",include,"Procedure terminology gives no explicit heart-directed procedure, renal recipient operation, or dialysis-related operation; not proof of absence of renal disease.",noncardiac_procedure_no_explicit_renal_exclusion
mover,"REPAIR, NERVE, UPPER EXTREMITY",include,"Procedure terminology gives no explicit heart-directed procedure, renal recipient operation, or dialysis-related operation; not proof of absence of renal disease.",noncardiac_procedure_no_explicit_renal_exclusion
mover,"REPAIR, NERVE, WITH OR WITHOUT GRAFT",include,"Procedure terminology gives no explicit heart-directed procedure, renal recipient operation, or dialysis-related operation; not proof of absence of renal disease.",noncardiac_procedure_no_explicit_renal_exclusion
mover,"REPAIR, PERFORATIONS, NASAL SEPTUM",include,"Procedure terminology gives no explicit heart-directed procedure, renal recipient operation, or dialysis-related operation; not proof of absence of renal disease.",noncardiac_procedure_no_explicit_renal_exclusion
mover,"REPAIR, PROLAPSE, RECTUM, ANAL APPROACH",include,"Procedure terminology gives no explicit heart-directed procedure, renal recipient operation, or dialysis-related operation; not proof of absence of renal disease.",noncardiac_procedure_no_explicit_renal_exclusion
mover,"REPAIR, PSEUDOANEURYSM",uncertain,Missing or nonspecific procedure/site/indication; cannot verify the common eligible surgical/procedural population.,uncertain_procedure_or_site
mover,"REPAIR, RETINAL DETACHMENT",include,"Procedure terminology gives no explicit heart-directed procedure, renal recipient operation, or dialysis-related operation; not proof of absence of renal disease.",noncardiac_procedure_no_explicit_renal_exclusion
mover,"REPAIR, ROTATOR CUFF",include,"Procedure terminology gives no explicit heart-directed procedure, renal recipient operation, or dialysis-related operation; not proof of absence of renal disease.",noncardiac_procedure_no_explicit_renal_exclusion
mover,"REPAIR, STENOSIS, NOSE, VESTIBULE",include,"Procedure terminology gives no explicit heart-directed procedure, renal recipient operation, or dialysis-related operation; not proof of absence of renal disease.",noncardiac_procedure_no_explicit_renal_exclusion
mover,"REPAIR, SURGICAL WOUND, EYE, ANTERIOR SEGMENT",include,"Procedure terminology gives no explicit heart-directed procedure, renal recipient operation, or dialysis-related operation; not proof of absence of renal disease.",noncardiac_procedure_no_explicit_renal_exclusion
mover,"REPAIR, SYNDACTYLY, SINGLE PAIR OF DIGITS, USING SKIN GRAFT",include,"Procedure terminology gives no explicit heart-directed procedure, renal recipient operation, or dialysis-related operation; not proof of absence of renal disease.",noncardiac_procedure_no_explicit_renal_exclusion
mover,"REPAIR, TENDON",include,"Procedure terminology gives no explicit heart-directed procedure, renal recipient operation, or dialysis-related operation; not proof of absence of renal disease.",noncardiac_procedure_no_explicit_renal_exclusion
mover,"REPAIR, TENDON OR LIGAMENT, HAND OR WRIST",include,"Procedure terminology gives no explicit heart-directed procedure, renal recipient operation, or dialysis-related operation; not proof of absence of renal disease.",noncardiac_procedure_no_explicit_renal_exclusion
mover,"REPAIR, TENDON, ACHILLES",include,"Procedure terminology gives no explicit heart-directed procedure, renal recipient operation, or dialysis-related operation; not proof of absence of renal disease.",noncardiac_procedure_no_explicit_renal_exclusion
mover,"REPAIR, TENDON, FINGER, EXTENSOR",include,"Procedure terminology gives no explicit heart-directed procedure, renal recipient operation, or dialysis-related operation; not proof of absence of renal disease.",noncardiac_procedure_no_explicit_renal_exclusion
mover,"REPAIR, TENDON, HAND",include,"Procedure terminology gives no explicit heart-directed procedure, renal recipient operation, or dialysis-related operation; not proof of absence of renal disease.",noncardiac_procedure_no_explicit_renal_exclusion
mover,"REPAIR, TENDON, PATELLAR",include,"Procedure terminology gives no explicit heart-directed procedure, renal recipient operation, or dialysis-related operation; not proof of absence of renal disease.",noncardiac_procedure_no_explicit_renal_exclusion
mover,"REPAIR, TENDON, QUADRICEPS",include,"Procedure terminology gives no explicit heart-directed procedure, renal recipient operation, or dialysis-related operation; not proof of absence of renal disease.",noncardiac_procedure_no_explicit_renal_exclusion
mover,"REPAIR, TENDON, UPPER EXTREMITY",include,"Procedure terminology gives no explicit heart-directed procedure, renal recipient operation, or dialysis-related operation; not proof of absence of renal disease.",noncardiac_procedure_no_explicit_renal_exclusion
mover,"REPAIR, TENDON, WRIST",include,"Procedure terminology gives no explicit heart-directed procedure, renal recipient operation, or dialysis-related operation; not proof of absence of renal disease.",noncardiac_procedure_no_explicit_renal_exclusion
mover,"REPAIR, VAGINA, ANTERIOR WALL",include,"Procedure terminology gives no explicit heart-directed procedure, renal recipient operation, or dialysis-related operation; not proof of absence of renal disease.",noncardiac_procedure_no_explicit_renal_exclusion
mover,"REPAIR, VAGINAL WALL",include,"Procedure terminology gives no explicit heart-directed procedure, renal recipient operation, or dialysis-related operation; not proof of absence of renal disease.",noncardiac_procedure_no_explicit_renal_exclusion
mover,"REPAIR, VEIN",include,"Procedure terminology gives no explicit heart-directed procedure, renal recipient operation, or dialysis-related operation; not proof of absence of renal disease.",noncardiac_procedure_no_explicit_renal_exclusion
mover,"REPAIR, WOUND LEAK, EYE",include,"Procedure terminology gives no explicit heart-directed procedure, renal recipient operation, or dialysis-related operation; not proof of absence of renal disease.",noncardiac_procedure_no_explicit_renal_exclusion
mover,"REPLACEMENT, AORTIC AND MITRAL VALVES",exclude,Explicit heart/coronary/valve/rhythm/pericardial procedure or standalone cardiac diagnostic procedure; not all entries are cardiac surgery.,heart_directed_procedure
mover,"REPLACEMENT, AORTIC ROOT",exclude,Explicit heart/coronary/valve/rhythm/pericardial procedure or standalone cardiac diagnostic procedure; not all entries are cardiac surgery.,heart_directed_procedure
mover,"REPLACEMENT, AORTIC VALVE",exclude,Explicit heart/coronary/valve/rhythm/pericardial procedure or standalone cardiac diagnostic procedure; not all entries are cardiac surgery.,heart_directed_procedure
mover,"REPLACEMENT, BIVENTRICULAR ICD ELECTRODE LEAD",exclude,Explicit heart/coronary/valve/rhythm/pericardial procedure or standalone cardiac diagnostic procedure; not all entries are cardiac surgery.,heart_directed_procedure
mover,"REPLACEMENT, BIVENTRICULAR ICD PULSE GENERATOR",exclude,Explicit heart/coronary/valve/rhythm/pericardial procedure or standalone cardiac diagnostic procedure; not all entries are cardiac surgery.,heart_directed_procedure
mover,"REPLACEMENT, BONE FLAP OR PROSTHETIC PLATE, SKULL",include,"Procedure terminology gives no explicit heart-directed procedure, renal recipient operation, or dialysis-related operation; not proof of absence of renal disease.",noncardiac_procedure_no_explicit_renal_exclusion
mover,"REPLACEMENT, DEEP BRAIN STIMULATOR GENERATOR OR BATTERY",include,"Procedure terminology gives no explicit heart-directed procedure, renal recipient operation, or dialysis-related operation; not proof of absence of renal disease.",noncardiac_procedure_no_explicit_renal_exclusion
mover,"REPLACEMENT, DRESSING",include,"Procedure terminology gives no explicit heart-directed procedure, renal recipient operation, or dialysis-related operation; not proof of absence of renal disease.",noncardiac_procedure_no_explicit_renal_exclusion
mover,"REPLACEMENT, DRESSING, VACUUM ASSISTED CLOSURE DEVICE",include,"Procedure terminology gives no explicit heart-directed procedure, renal recipient operation, or dialysis-related operation; not proof of absence of renal disease.",noncardiac_procedure_no_explicit_renal_exclusion
mover,"REPLACEMENT, GASTROSTOMY TUBE",include,"Procedure terminology gives no explicit heart-directed procedure, renal recipient operation, or dialysis-related operation; not proof of absence of renal disease.",noncardiac_procedure_no_explicit_renal_exclusion
mover,"REPLACEMENT, ICD",exclude,Explicit heart/coronary/valve/rhythm/pericardial procedure or standalone cardiac diagnostic procedure; not all entries are cardiac surgery.,heart_directed_procedure
mover,"REPLACEMENT, IMPLANT, BREAST",include,"Procedure terminology gives no explicit heart-directed procedure, renal recipient operation, or dialysis-related operation; not proof of absence of renal disease.",noncardiac_procedure_no_explicit_renal_exclusion
mover,"REPLACEMENT, IOL",include,"Procedure terminology gives no explicit heart-directed procedure, renal recipient operation, or dialysis-related operation; not proof of absence of renal disease.",noncardiac_procedure_no_explicit_renal_exclusion
mover,"REPLACEMENT, MITRAL VALVE",exclude,Explicit heart/coronary/valve/rhythm/pericardial procedure or standalone cardiac diagnostic procedure; not all entries are cardiac surgery.,heart_directed_procedure
mover,"REPLACEMENT, MITRAL VALVE, MINIMALLY INVASIVE",exclude,Explicit heart/coronary/valve/rhythm/pericardial procedure or standalone cardiac diagnostic procedure; not all entries are cardiac surgery.,heart_directed_procedure
mover,"REPLACEMENT, NEUROSTIMULATOR PULSE GENERATOR",include,"Procedure terminology gives no explicit heart-directed procedure, renal recipient operation, or dialysis-related operation; not proof of absence of renal disease.",noncardiac_procedure_no_explicit_renal_exclusion
mover,"REPLACEMENT, PACEMAKER ELECTRODE",exclude,Explicit heart/coronary/valve/rhythm/pericardial procedure or standalone cardiac diagnostic procedure; not all entries are cardiac surgery.,heart_directed_procedure
mover,"REPLACEMENT, PACEMAKER ELECTRODE LEAD OR ICD ELECTRODE LEAD",exclude,Explicit heart/coronary/valve/rhythm/pericardial procedure or standalone cardiac diagnostic procedure; not all entries are cardiac surgery.,heart_directed_procedure
mover,"REPLACEMENT, PACEMAKER GENERATOR",exclude,Explicit heart/coronary/valve/rhythm/pericardial procedure or standalone cardiac diagnostic procedure; not all entries are cardiac surgery.,heart_directed_procedure
mover,"REPLACEMENT, PACEMAKER, BIVENTRICULAR",exclude,Explicit heart/coronary/valve/rhythm/pericardial procedure or standalone cardiac diagnostic procedure; not all entries are cardiac surgery.,heart_directed_procedure
mover,"REPLACEMENT, PERIPHERAL NEUROSTIMULATOR LEAD",include,"Procedure terminology gives no explicit heart-directed procedure, renal recipient operation, or dialysis-related operation; not proof of absence of renal disease.",noncardiac_procedure_no_explicit_renal_exclusion
mover,"REPLACEMENT, PULSE GENERATOR, S-ICD",exclude,Explicit heart/coronary/valve/rhythm/pericardial procedure or standalone cardiac diagnostic procedure; not all entries are cardiac surgery.,heart_directed_procedure
mover,"REPLACEMENT, TISSUE EXPANDER WITH PERMANENT PROSTHESIS",include,"Procedure terminology gives no explicit heart-directed procedure, renal recipient operation, or dialysis-related operation; not proof of absence of renal disease.",noncardiac_procedure_no_explicit_renal_exclusion
mover,"REPLACEMENT, TRACHEOSTOMY TUBE",include,"Procedure terminology gives no explicit heart-directed procedure, renal recipient operation, or dialysis-related operation; not proof of absence of renal disease.",noncardiac_procedure_no_explicit_renal_exclusion
mover,"REPLACEMENT, TRICUSPID VALVE",exclude,Explicit heart/coronary/valve/rhythm/pericardial procedure or standalone cardiac diagnostic procedure; not all entries are cardiac surgery.,heart_directed_procedure
mover,"REPLACEMENT, VALVE, AORTIC, TRANSCATHETER (TAVR)",exclude,Explicit heart/coronary/valve/rhythm/pericardial procedure or standalone cardiac diagnostic procedure; not all entries are cardiac surgery.,heart_directed_procedure
mover,"REPLACEMENT, VITREOUS HUMOUR, WITH GAS",include,"Procedure terminology gives no explicit heart-directed procedure, renal recipient operation, or dialysis-related operation; not proof of absence of renal disease.",noncardiac_procedure_no_explicit_renal_exclusion
mover,REPLACEMENT/REVISION CENTRAL VENOUS ACCESS DEVICE WITH PORT,include,"Procedure terminology gives no explicit heart-directed procedure, renal recipient operation, or dialysis-related operation; not proof of absence of renal disease.",noncardiac_procedure_no_explicit_renal_exclusion
mover,"REPLANTATION, ARM, COMPLETE",include,"Procedure terminology gives no explicit heart-directed procedure, renal recipient operation, or dialysis-related operation; not proof of absence of renal disease.",noncardiac_procedure_no_explicit_renal_exclusion
mover,"REPOSITIONING, IOL PROSTHESIS",include,"Procedure terminology gives no explicit heart-directed procedure, renal recipient operation, or dialysis-related operation; not proof of absence of renal disease.",noncardiac_procedure_no_explicit_renal_exclusion
mover,"RESECTION TEMPORAL BONE, EXTERNAL APPROACH",include,"Procedure terminology gives no explicit heart-directed procedure, renal recipient operation, or dialysis-related operation; not proof of absence of renal disease.",noncardiac_procedure_no_explicit_renal_exclusion
mover,"RESECTION, AAA",include,"Procedure terminology gives no explicit heart-directed procedure, renal recipient operation, or dialysis-related operation; not proof of absence of renal disease.",noncardiac_procedure_no_explicit_renal_exclusion
mover,"RESECTION, ABDOMINOPERINEAL, ROBOT-ASSISTED",include,"Procedure terminology gives no explicit heart-directed procedure, renal recipient operation, or dialysis-related operation; not proof of absence of renal disease.",noncardiac_procedure_no_explicit_renal_exclusion
mover,"RESECTION, BLADDER NECK, TRANSURETHRAL",include,"Procedure terminology gives no explicit heart-directed procedure, renal recipient operation, or dialysis-related operation; not proof of absence of renal disease.",noncardiac_procedure_no_explicit_renal_exclusion
mover,"RESECTION, BONE",include,"Procedure terminology gives no explicit heart-directed procedure, renal recipient operation, or dialysis-related operation; not proof of absence of renal disease.",noncardiac_procedure_no_explicit_renal_exclusion
mover,"RESECTION, COLON, LOW ANTERIOR",include,"Procedure terminology gives no explicit heart-directed procedure, renal recipient operation, or dialysis-related operation; not proof of absence of renal disease.",noncardiac_procedure_no_explicit_renal_exclusion
mover,"RESECTION, ELBOW, CAPSULE, RADICAL, WITH CONTRACTURE RELEASE",include,"Procedure terminology gives no explicit heart-directed procedure, renal recipient operation, or dialysis-related operation; not proof of absence of renal disease.",noncardiac_procedure_no_explicit_renal_exclusion
mover,"RESECTION, LARGE INTESTINE",include,"Procedure terminology gives no explicit heart-directed procedure, renal recipient operation, or dialysis-related operation; not proof of absence of renal disease.",noncardiac_procedure_no_explicit_renal_exclusion
mover,"RESECTION, NEOPLASM, BLADDER, CYSTOSCOPIC, TRANSURETHRAL",include,"Procedure terminology gives no explicit heart-directed procedure, renal recipient operation, or dialysis-related operation; not proof of absence of renal disease.",noncardiac_procedure_no_explicit_renal_exclusion
mover,"RESECTION, NEOPLASM, PITUITARY, ENDOSCOPIC, TRANSSPHENOIDAL APPROACH",include,"Procedure terminology gives no explicit heart-directed procedure, renal recipient operation, or dialysis-related operation; not proof of absence of renal disease.",noncardiac_procedure_no_explicit_renal_exclusion
mover,"RESECTION, NEOPLASM, POSTERIOR FOSSA, TRANSTEMPORAL APPROACH",include,"Procedure terminology gives no explicit heart-directed procedure, renal recipient operation, or dialysis-related operation; not proof of absence of renal disease.",noncardiac_procedure_no_explicit_renal_exclusion
mover,"RESECTION, NEOPLASM, TRANSANAL APPROACH",include,"Procedure terminology gives no explicit heart-directed procedure, renal recipient operation, or dialysis-related operation; not proof of absence of renal disease.",noncardiac_procedure_no_explicit_renal_exclusion
mover,"RESECTION, OSTEOSARCOMA, BONE, WITH RECONSTRUCTION",include,"Procedure terminology gives no explicit heart-directed procedure, renal recipient operation, or dialysis-related operation; not proof of absence of renal disease.",noncardiac_procedure_no_explicit_renal_exclusion
mover,"RESECTION, RECTUM, LOW ANTERIOR",include,"Procedure terminology gives no explicit heart-directed procedure, renal recipient operation, or dialysis-related operation; not proof of absence of renal disease.",noncardiac_procedure_no_explicit_renal_exclusion
mover,"RESECTION, RECTUM, LOW ANTERIOR, LAPAROSCOPIC",include,"Procedure terminology gives no explicit heart-directed procedure, renal recipient operation, or dialysis-related operation; not proof of absence of renal disease.",noncardiac_procedure_no_explicit_renal_exclusion
mover,"RESECTION, RECTUM, LOW ANTERIOR, ROBOT-ASSISTED",include,"Procedure terminology gives no explicit heart-directed procedure, renal recipient operation, or dialysis-related operation; not proof of absence of renal disease.",noncardiac_procedure_no_explicit_renal_exclusion
mover,"RESECTION, SMALL INTESTINE, LAPAROSCOPIC",include,"Procedure terminology gives no explicit heart-directed procedure, renal recipient operation, or dialysis-related operation; not proof of absence of renal disease.",noncardiac_procedure_no_explicit_renal_exclusion
mover,"RESECTION, SUBMUCOSAL, INFERIOR NASAL TURBINATE",include,"Procedure terminology gives no explicit heart-directed procedure, renal recipient operation, or dialysis-related operation; not proof of absence of renal disease.",noncardiac_procedure_no_explicit_renal_exclusion
mover,"RESECTION, TEMPORAL BONE, EXTERNAL APPROACH",include,"Procedure terminology gives no explicit heart-directed procedure, renal recipient operation, or dialysis-related operation; not proof of absence of renal disease.",noncardiac_procedure_no_explicit_renal_exclusion
mover,"RESECTION, ZENKER'S DIVERTICULUM, ENDOSCOPIC",include,"Procedure terminology gives no explicit heart-directed procedure, renal recipient operation, or dialysis-related operation; not proof of absence of renal disease.",noncardiac_procedure_no_explicit_renal_exclusion
mover,"REVASCULARIZATION, ARTERY, TRANSCAROTID",include,"Procedure terminology gives no explicit heart-directed procedure, renal recipient operation, or dialysis-related operation; not proof of absence of renal disease.",noncardiac_procedure_no_explicit_renal_exclusion
mover,"REVASCULARIZATION, PENIS",include,"Procedure terminology gives no explicit heart-directed procedure, renal recipient operation, or dialysis-related operation; not proof of absence of renal disease.",noncardiac_procedure_no_explicit_renal_exclusion
mover,"REVERSAL, HARTMANN PROCEDURE",include,"Procedure terminology gives no explicit heart-directed procedure, renal recipient operation, or dialysis-related operation; not proof of absence of renal disease.",noncardiac_procedure_no_explicit_renal_exclusion
mover,REVISION OF PROCEDURE INVOLVING OMMAYA RESERVOIR,include,"Procedure terminology gives no explicit heart-directed procedure, renal recipient operation, or dialysis-related operation; not proof of absence of renal disease.",noncardiac_procedure_no_explicit_renal_exclusion
mover,"REVISION OR REMOVAL, PULSE GENERATOR OR ELECTRODE LEAD OF SACRAL NERVE STIMULATOR",include,"Procedure terminology gives no explicit heart-directed procedure, renal recipient operation, or dialysis-related operation; not proof of absence of renal disease.",noncardiac_procedure_no_explicit_renal_exclusion
mover,"REVISION OR REPLACEMENT, RESPONSIVE NEUROSTIMULATOR GENERATOR",include,"Procedure terminology gives no explicit heart-directed procedure, renal recipient operation, or dialysis-related operation; not proof of absence of renal disease.",noncardiac_procedure_no_explicit_renal_exclusion
mover,"REVISION, AMPUTATION SITE",include,"Procedure terminology gives no explicit heart-directed procedure, renal recipient operation, or dialysis-related operation; not proof of absence of renal disease.",noncardiac_procedure_no_explicit_renal_exclusion
mover,"REVISION, COLOSTOMY",include,"Procedure terminology gives no explicit heart-directed procedure, renal recipient operation, or dialysis-related operation; not proof of absence of renal disease.",noncardiac_procedure_no_explicit_renal_exclusion
mover,"REVISION, GASTRIC BYPASS, LAPAROSCOPIC",include,"Procedure terminology gives no explicit heart-directed procedure, renal recipient operation, or dialysis-related operation; not proof of absence of renal disease.",noncardiac_procedure_no_explicit_renal_exclusion
mover,"REVISION, GLAUCOMA DRAINAGE DEVICE",include,"Procedure terminology gives no explicit heart-directed procedure, renal recipient operation, or dialysis-related operation; not proof of absence of renal disease.",noncardiac_procedure_no_explicit_renal_exclusion
mover,"REVISION, ICD POCKET",exclude,Explicit heart/coronary/valve/rhythm/pericardial procedure or standalone cardiac diagnostic procedure; not all entries are cardiac surgery.,heart_directed_procedure
mover,"REVISION, ILEOSTOMY",include,"Procedure terminology gives no explicit heart-directed procedure, renal recipient operation, or dialysis-related operation; not proof of absence of renal disease.",noncardiac_procedure_no_explicit_renal_exclusion
mover,"REVISION, INSERTION, OR REMOVAL, VENTRICULAR ASSIST DEVICE",exclude,Explicit heart/coronary/valve/rhythm/pericardial procedure or standalone cardiac diagnostic procedure; not all entries are cardiac surgery.,heart_directed_procedure
mover,"REVISION, LUMBO-PERITONEAL SHUNT",include,"Procedure terminology gives no explicit heart-directed procedure, renal recipient operation, or dialysis-related operation; not proof of absence of renal disease.",noncardiac_procedure_no_explicit_renal_exclusion
mover,"REVISION, MEATOTOMY, URETHRAL",include,"Procedure terminology gives no explicit heart-directed procedure, renal recipient operation, or dialysis-related operation; not proof of absence of renal disease.",noncardiac_procedure_no_explicit_renal_exclusion
mover,"REVISION, PACEMAKER LEAD",exclude,Explicit heart/coronary/valve/rhythm/pericardial procedure or standalone cardiac diagnostic procedure; not all entries are cardiac surgery.,heart_directed_procedure
mover,"REVISION, PLACEMENT, ELECTRODE LEAD, ICD",exclude,Explicit heart/coronary/valve/rhythm/pericardial procedure or standalone cardiac diagnostic procedure; not all entries are cardiac surgery.,heart_directed_procedure
mover,"REVISION, PROCEDURE INVOLVING ARTERIOVENOUS GRAFT",uncertain,AV access/fistulogram or alternate dialysis versus central venous catheter title does not establish dialysis indication; exclude from main cohort for unresolved procedure classification.,uncertain_access_indication
mover,"REVISION, PROCEDURE INVOLVING PACEMAKER ELECTRODE LEAD",exclude,Explicit heart/coronary/valve/rhythm/pericardial procedure or standalone cardiac diagnostic procedure; not all entries are cardiac surgery.,heart_directed_procedure
mover,"REVISION, PROCEDURE INVOLVING SPINAL CORD NEUROSTIMULATOR",include,"Procedure terminology gives no explicit heart-directed procedure, renal recipient operation, or dialysis-related operation; not proof of absence of renal disease.",noncardiac_procedure_no_explicit_renal_exclusion
mover,"REVISION, RECONSTRUCTION, BREAST",include,"Procedure terminology gives no explicit heart-directed procedure, renal recipient operation, or dialysis-related operation; not proof of absence of renal disease.",noncardiac_procedure_no_explicit_renal_exclusion
mover,"REVISION, RHINOPLASTY",include,"Procedure terminology gives no explicit heart-directed procedure, renal recipient operation, or dialysis-related operation; not proof of absence of renal disease.",noncardiac_procedure_no_explicit_renal_exclusion
mover,"REVISION, SCAR",include,"Procedure terminology gives no explicit heart-directed procedure, renal recipient operation, or dialysis-related operation; not proof of absence of renal disease.",noncardiac_procedure_no_explicit_renal_exclusion
mover,"REVISION, SCAR, USING ADVANCEMENT FLAP",include,"Procedure terminology gives no explicit heart-directed procedure, renal recipient operation, or dialysis-related operation; not proof of absence of renal disease.",noncardiac_procedure_no_explicit_renal_exclusion
mover,"REVISION, SHUNT, ARTERIOVENOUS",uncertain,AV access/fistulogram or alternate dialysis versus central venous catheter title does not establish dialysis indication; exclude from main cohort for unresolved procedure classification.,uncertain_access_indication
mover,"REVISION, SHUNT, VENTRICULOPERITONEAL",include,"Procedure terminology gives no explicit heart-directed procedure, renal recipient operation, or dialysis-related operation; not proof of absence of renal disease.",noncardiac_procedure_no_explicit_renal_exclusion
mover,"REVISION, SKIN POCKET, FOR BIVENTRICULAR CARDIAC DEVICE",exclude,Explicit heart/coronary/valve/rhythm/pericardial procedure or standalone cardiac diagnostic procedure; not all entries are cardiac surgery.,heart_directed_procedure
mover,"REVISION, SKIN POCKET, FOR PACEMAKER",exclude,Explicit heart/coronary/valve/rhythm/pericardial procedure or standalone cardiac diagnostic procedure; not all entries are cardiac surgery.,heart_directed_procedure
mover,"REVISION, STOMA, TRACHEA",include,"Procedure terminology gives no explicit heart-directed procedure, renal recipient operation, or dialysis-related operation; not proof of absence of renal disease.",noncardiac_procedure_no_explicit_renal_exclusion
mover,"REVISION, TOTAL ARTHROPLASTY, ANKLE",include,"Procedure terminology gives no explicit heart-directed procedure, renal recipient operation, or dialysis-related operation; not proof of absence of renal disease.",noncardiac_procedure_no_explicit_renal_exclusion
mover,"REVISION, TOTAL ARTHROPLASTY, ELBOW",include,"Procedure terminology gives no explicit heart-directed procedure, renal recipient operation, or dialysis-related operation; not proof of absence of renal disease.",noncardiac_procedure_no_explicit_renal_exclusion
mover,"REVISION, TOTAL ARTHROPLASTY, HIP, ANTERIOR APPROACH",include,"Procedure terminology gives no explicit heart-directed procedure, renal recipient operation, or dialysis-related operation; not proof of absence of renal disease.",noncardiac_procedure_no_explicit_renal_exclusion
mover,"REVISION, TOTAL ARTHROPLASTY, SHOULDER",include,"Procedure terminology gives no explicit heart-directed procedure, renal recipient operation, or dialysis-related operation; not proof of absence of renal disease.",noncardiac_procedure_no_explicit_renal_exclusion
mover,"REVISION, URETEROILEAL CONDUIT",include,"Procedure terminology gives no explicit heart-directed procedure, renal recipient operation, or dialysis-related operation; not proof of absence of renal disease.",noncardiac_procedure_no_explicit_renal_exclusion
mover,RHINECTOMY,include,"Procedure terminology gives no explicit heart-directed procedure, renal recipient operation, or dialysis-related operation; not proof of absence of renal disease.",noncardiac_procedure_no_explicit_renal_exclusion
mover,RHINOPLASTY,include,"Procedure terminology gives no explicit heart-directed procedure, renal recipient operation, or dialysis-related operation; not proof of absence of renal disease.",noncardiac_procedure_no_explicit_renal_exclusion
mover,"RHINOPLASTY, AUGMENTATION",include,"Procedure terminology gives no explicit heart-directed procedure, renal recipient operation, or dialysis-related operation; not proof of absence of renal disease.",noncardiac_procedure_no_explicit_renal_exclusion
mover,RHINOPLASTY/ SEPTOPLASTY,include,"Procedure terminology gives no explicit heart-directed procedure, renal recipient operation, or dialysis-related operation; not proof of absence of renal disease.",noncardiac_procedure_no_explicit_renal_exclusion
mover,"RHINOSEPTOPLASTY, USING RIB CARTILAGE GRAFT",include,"Procedure terminology gives no explicit heart-directed procedure, renal recipient operation, or dialysis-related operation; not proof of absence of renal disease.",noncardiac_procedure_no_explicit_renal_exclusion
mover,RHYTIDECTOMY,include,"Procedure terminology gives no explicit heart-directed procedure, renal recipient operation, or dialysis-related operation; not proof of absence of renal disease.",noncardiac_procedure_no_explicit_renal_exclusion
mover,"RHYTIDECTOMY, FOREHEAD",include,"Procedure terminology gives no explicit heart-directed procedure, renal recipient operation, or dialysis-related operation; not proof of absence of renal disease.",noncardiac_procedure_no_explicit_renal_exclusion
mover,ROUX-EN-Y HEPATICOJEJUNOSTOMY,include,"Procedure terminology gives no explicit heart-directed procedure, renal recipient operation, or dialysis-related operation; not proof of absence of renal disease.",noncardiac_procedure_no_explicit_renal_exclusion
mover,SACROCOLPOPEXY,include,"Procedure terminology gives no explicit heart-directed procedure, renal recipient operation, or dialysis-related operation; not proof of absence of renal disease.",noncardiac_procedure_no_explicit_renal_exclusion
mover,"SACROCOLPOPEXY, LAPAROSCOPIC",include,"Procedure terminology gives no explicit heart-directed procedure, renal recipient operation, or dialysis-related operation; not proof of absence of renal disease.",noncardiac_procedure_no_explicit_renal_exclusion
mover,"SACROCOLPOPEXY, ROBOT-ASSISTED",include,"Procedure terminology gives no explicit heart-directed procedure, renal recipient operation, or dialysis-related operation; not proof of absence of renal disease.",noncardiac_procedure_no_explicit_renal_exclusion
mover,SALPINGECTOMY,include,"Procedure terminology gives no explicit heart-directed procedure, renal recipient operation, or dialysis-related operation; not proof of absence of renal disease.",noncardiac_procedure_no_explicit_renal_exclusion
mover,"SALPINGECTOMY, LAPAROSCOPIC",include,"Procedure terminology gives no explicit heart-directed procedure, renal recipient operation, or dialysis-related operation; not proof of absence of renal disease.",noncardiac_procedure_no_explicit_renal_exclusion
mover,"SALPINGO-OOPHORECTOMY, BILATERAL",include,"Procedure terminology gives no explicit heart-directed procedure, renal recipient operation, or dialysis-related operation; not proof of absence of renal disease.",noncardiac_procedure_no_explicit_renal_exclusion
mover,"SALPINGO-OOPHORECTOMY, LAPAROSCOPIC",include,"Procedure terminology gives no explicit heart-directed procedure, renal recipient operation, or dialysis-related operation; not proof of absence of renal disease.",noncardiac_procedure_no_explicit_renal_exclusion
mover,"SALPINGO-OOPHORECTOMY, ROBOT-ASSISTED",include,"Procedure terminology gives no explicit heart-directed procedure, renal recipient operation, or dialysis-related operation; not proof of absence of renal disease.",noncardiac_procedure_no_explicit_renal_exclusion
mover,"SCAR REVISION; TRUNK, LEG, ARM",include,"Procedure terminology gives no explicit heart-directed procedure, renal recipient operation, or dialysis-related operation; not proof of absence of renal disease.",noncardiac_procedure_no_explicit_renal_exclusion
mover,SCLERAL BUCKLING,include,"Procedure terminology gives no explicit heart-directed procedure, renal recipient operation, or dialysis-related operation; not proof of absence of renal disease.",noncardiac_procedure_no_explicit_renal_exclusion
mover,SCLEROTHERAPY,include,"Procedure terminology gives no explicit heart-directed procedure, renal recipient operation, or dialysis-related operation; not proof of absence of renal disease.",noncardiac_procedure_no_explicit_renal_exclusion
mover,SCROTOPLASTY,include,"Procedure terminology gives no explicit heart-directed procedure, renal recipient operation, or dialysis-related operation; not proof of absence of renal disease.",noncardiac_procedure_no_explicit_renal_exclusion
mover,"SECONDARY REPAIR OF DURA FOR CEREBROSNPINAL FLUID LEAK, ANTERIOR BY LOCAL/REGIONALIZED FLAP",include,"Procedure terminology gives no explicit heart-directed procedure, renal recipient operation, or dialysis-related operation; not proof of absence of renal disease.",noncardiac_procedure_no_explicit_renal_exclusion
mover,"SEPTOPLASTY, NASAL",include,"Procedure terminology gives no explicit heart-directed procedure, renal recipient operation, or dialysis-related operation; not proof of absence of renal disease.",noncardiac_procedure_no_explicit_renal_exclusion
mover,"SEPTOPLASTY, NASAL, WITH INFERIOR TURBINATE SUBMUCOUS RESECTION",include,"Procedure terminology gives no explicit heart-directed procedure, renal recipient operation, or dialysis-related operation; not proof of absence of renal disease.",noncardiac_procedure_no_explicit_renal_exclusion
mover,"SEPTOPLASTY, WITH TURBINATE REDUCTION",include,"Procedure terminology gives no explicit heart-directed procedure, renal recipient operation, or dialysis-related operation; not proof of absence of renal disease.",noncardiac_procedure_no_explicit_renal_exclusion
mover,"SEPTOPLASTY, WITH TURBINATE REDUCTION AND RHINOPLASTY",include,"Procedure terminology gives no explicit heart-directed procedure, renal recipient operation, or dialysis-related operation; not proof of absence of renal disease.",noncardiac_procedure_no_explicit_renal_exclusion
mover,"SIALENDOSCOPY, WITH SIALODOCHOPLASTY",include,"Procedure terminology gives no explicit heart-directed procedure, renal recipient operation, or dialysis-related operation; not proof of absence of renal disease.",noncardiac_procedure_no_explicit_renal_exclusion
mover,SIGMOIDOSCOPY,include,"Procedure terminology gives no explicit heart-directed procedure, renal recipient operation, or dialysis-related operation; not proof of absence of renal disease.",noncardiac_procedure_no_explicit_renal_exclusion
mover,"SIGMOIDOSCOPY, FLEXIBLE",include,"Procedure terminology gives no explicit heart-directed procedure, renal recipient operation, or dialysis-related operation; not proof of absence of renal disease.",noncardiac_procedure_no_explicit_renal_exclusion
mover,"SIGMOIDOSCOPY, FLEXIBLE, WITH BIOPSY",include,"Procedure terminology gives no explicit heart-directed procedure, renal recipient operation, or dialysis-related operation; not proof of absence of renal disease.",noncardiac_procedure_no_explicit_renal_exclusion
mover,"SIGMOIDOSCOPY, RIGID, WITH BIOPSY",include,"Procedure terminology gives no explicit heart-directed procedure, renal recipient operation, or dialysis-related operation; not proof of absence of renal disease.",noncardiac_procedure_no_explicit_renal_exclusion
mover,SINUS SURGERY ENDOSCOPIC LIMITED W/ IMAGE GUIDANCE,include,"Procedure terminology gives no explicit heart-directed procedure, renal recipient operation, or dialysis-related operation; not proof of absence of renal disease.",noncardiac_procedure_no_explicit_renal_exclusion
mover,"SINUS SURGERY, ENDOSCOPIC",include,"Procedure terminology gives no explicit heart-directed procedure, renal recipient operation, or dialysis-related operation; not proof of absence of renal disease.",noncardiac_procedure_no_explicit_renal_exclusion
mover,"SINUS SURGERY, ENDOSCOPIC, WITH IMAGING GUIDANCE",include,"Procedure terminology gives no explicit heart-directed procedure, renal recipient operation, or dialysis-related operation; not proof of absence of renal disease.",noncardiac_procedure_no_explicit_renal_exclusion
mover,SKIN GRAFTING; NON-BURN,include,"Procedure terminology gives no explicit heart-directed procedure, renal recipient operation, or dialysis-related operation; not proof of absence of renal disease.",noncardiac_procedure_no_explicit_renal_exclusion
mover,"SKIN REPAIR, Z-PLASTY",include,"Procedure terminology gives no explicit heart-directed procedure, renal recipient operation, or dialysis-related operation; not proof of absence of renal disease.",noncardiac_procedure_no_explicit_renal_exclusion
mover,"SPHENOIDECTOMY, ENDOSCOPIC",include,"Procedure terminology gives no explicit heart-directed procedure, renal recipient operation, or dialysis-related operation; not proof of absence of renal disease.",noncardiac_procedure_no_explicit_renal_exclusion
mover,"SPHINCTEROPLASTY, ANAL",include,"Procedure terminology gives no explicit heart-directed procedure, renal recipient operation, or dialysis-related operation; not proof of absence of renal disease.",noncardiac_procedure_no_explicit_renal_exclusion
mover,"SPHINCTEROTOMY, ANAL",include,"Procedure terminology gives no explicit heart-directed procedure, renal recipient operation, or dialysis-related operation; not proof of absence of renal disease.",noncardiac_procedure_no_explicit_renal_exclusion
mover,SPLENECTOMY,include,"Procedure terminology gives no explicit heart-directed procedure, renal recipient operation, or dialysis-related operation; not proof of absence of renal disease.",noncardiac_procedure_no_explicit_renal_exclusion
mover,"SPLENECTOMY, LAPAROSCOPIC",include,"Procedure terminology gives no explicit heart-directed procedure, renal recipient operation, or dialysis-related operation; not proof of absence of renal disease.",noncardiac_procedure_no_explicit_renal_exclusion
mover,"STAB PHLEBECTOMY, VARICOSE VEIN",include,"Procedure terminology gives no explicit heart-directed procedure, renal recipient operation, or dialysis-related operation; not proof of absence of renal disease.",noncardiac_procedure_no_explicit_renal_exclusion
mover,STAPEDECTOMY,include,"Procedure terminology gives no explicit heart-directed procedure, renal recipient operation, or dialysis-related operation; not proof of absence of renal disease.",noncardiac_procedure_no_explicit_renal_exclusion
mover,"STERNOTOMY, REPEAT",uncertain,Thoracic/sternal/aortic/lead/extracorporeal-support term does not identify a clearly eligible noncardiac procedure; no assumption of confirmed cardiac surgery.,uncertain_cardiothoracic_scope
mover,STRABISMUS SURGERY,include,"Procedure terminology gives no explicit heart-directed procedure, renal recipient operation, or dialysis-related operation; not proof of absence of renal disease.",noncardiac_procedure_no_explicit_renal_exclusion
mover,"SUPERVISION AND INTERPRETATION, VENOGRAM, SUPERIOR VENA CAVA",include,"Procedure terminology gives no explicit heart-directed procedure, renal recipient operation, or dialysis-related operation; not proof of absence of renal disease.",noncardiac_procedure_no_explicit_renal_exclusion
mover,"SURGERY, RETINA, USING LASER",include,"Procedure terminology gives no explicit heart-directed procedure, renal recipient operation, or dialysis-related operation; not proof of absence of renal disease.",noncardiac_procedure_no_explicit_renal_exclusion
mover,"SURGICAL PROCUREMENT AND TRANSFER, NERVE, PERIPHERAL",include,"Procedure terminology gives no explicit heart-directed procedure, renal recipient operation, or dialysis-related operation; not proof of absence of renal disease.",noncardiac_procedure_no_explicit_renal_exclusion
mover,"SURGICAL PROCUREMENT, GRAFT, CARTILAGE, NOSE",include,"Procedure terminology gives no explicit heart-directed procedure, renal recipient operation, or dialysis-related operation; not proof of absence of renal disease.",noncardiac_procedure_no_explicit_renal_exclusion
mover,"SURGICAL PROCUREMENT, HEART",exclude,Explicit heart/coronary/valve/rhythm/pericardial procedure or standalone cardiac diagnostic procedure; not all entries are cardiac surgery.,heart_directed_procedure
mover,"SURGICAL PROCUREMENT, LIVER",uncertain,Missing or nonspecific procedure/site/indication; cannot verify the common eligible surgical/procedural population.,uncertain_procedure_or_site
mover,"SURGICAL PROCUREMENT, LUNG",uncertain,Missing or nonspecific procedure/site/indication; cannot verify the common eligible surgical/procedural population.,uncertain_procedure_or_site
mover,"SURGICAL PROCUREMENT, TISSUE",uncertain,Missing or nonspecific procedure/site/indication; cannot verify the common eligible surgical/procedural population.,uncertain_procedure_or_site
mover,"SUSPENSION, BLADDER NECK",include,"Procedure terminology gives no explicit heart-directed procedure, renal recipient operation, or dialysis-related operation; not proof of absence of renal disease.",noncardiac_procedure_no_explicit_renal_exclusion
mover,"SUSPENSION, VAGINAL VAULT, USING SLING, WITH CYSTOSCOPY",include,"Procedure terminology gives no explicit heart-directed procedure, renal recipient operation, or dialysis-related operation; not proof of absence of renal disease.",noncardiac_procedure_no_explicit_renal_exclusion
mover,"SUTURE AND/OR LIGATION, THORACIC DUCT",include,"Procedure terminology gives no explicit heart-directed procedure, renal recipient operation, or dialysis-related operation; not proof of absence of renal disease.",noncardiac_procedure_no_explicit_renal_exclusion
mover,"SYMPATHECTOMY, THORACIC, USING VATS",include,"Procedure terminology gives no explicit heart-directed procedure, renal recipient operation, or dialysis-related operation; not proof of absence of renal disease.",noncardiac_procedure_no_explicit_renal_exclusion
mover,"SYNOVECTOMY, KNEE",include,"Procedure terminology gives no explicit heart-directed procedure, renal recipient operation, or dialysis-related operation; not proof of absence of renal disease.",noncardiac_procedure_no_explicit_renal_exclusion
mover,TARSORRHAPHY,include,"Procedure terminology gives no explicit heart-directed procedure, renal recipient operation, or dialysis-related operation; not proof of absence of renal disease.",noncardiac_procedure_no_explicit_renal_exclusion
mover,"TAVR, PERCUTANEOUS FEMORAL APPROACH, USING PROSTHETIC VALVE",exclude,Explicit heart/coronary/valve/rhythm/pericardial procedure or standalone cardiac diagnostic procedure; not all entries are cardiac surgery.,heart_directed_procedure
mover,"TAVR, WITH CARDIOPULMONARY BYPASS WITH CENTRAL ARTERIAL AND VENOUS CANNULATION",exclude,Explicit heart/coronary/valve/rhythm/pericardial procedure or standalone cardiac diagnostic procedure; not all entries are cardiac surgery.,heart_directed_procedure
mover,"TAVR, WITH CARDIOPULMONARY BYPASS WITH PERCUTANEOUS ARTERIAL AND VENOUS CANNULATION",exclude,Explicit heart/coronary/valve/rhythm/pericardial procedure or standalone cardiac diagnostic procedure; not all entries are cardiac surgery.,heart_directed_procedure
mover,"TENDON LENGTHENING, EXTENSOR, HAND / FINGER, EACH TENDON",include,"Procedure terminology gives no explicit heart-directed procedure, renal recipient operation, or dialysis-related operation; not proof of absence of renal disease.",noncardiac_procedure_no_explicit_renal_exclusion
mover,"TENDON SHORTENING, EXTENSOR, HAND / FINGER, EACH TENDON",include,"Procedure terminology gives no explicit heart-directed procedure, renal recipient operation, or dialysis-related operation; not proof of absence of renal disease.",noncardiac_procedure_no_explicit_renal_exclusion
mover,"TENOLYSIS, FLEXOR TENDON, PALM AND FINGER, EACH TENDON",include,"Procedure terminology gives no explicit heart-directed procedure, renal recipient operation, or dialysis-related operation; not proof of absence of renal disease.",noncardiac_procedure_no_explicit_renal_exclusion
mover,"TENOLYSIS, HAND, EXTENSOR",include,"Procedure terminology gives no explicit heart-directed procedure, renal recipient operation, or dialysis-related operation; not proof of absence of renal disease.",noncardiac_procedure_no_explicit_renal_exclusion
mover,"TENOLYSIS, PALM OR FINGER, FLEXOR",include,"Procedure terminology gives no explicit heart-directed procedure, renal recipient operation, or dialysis-related operation; not proof of absence of renal disease.",noncardiac_procedure_no_explicit_renal_exclusion
mover,TENOSYNOVECTOMY,include,"Procedure terminology gives no explicit heart-directed procedure, renal recipient operation, or dialysis-related operation; not proof of absence of renal disease.",noncardiac_procedure_no_explicit_renal_exclusion
mover,THORACENTESIS,include,"Procedure terminology gives no explicit heart-directed procedure, renal recipient operation, or dialysis-related operation; not proof of absence of renal disease.",noncardiac_procedure_no_explicit_renal_exclusion
mover,THORACOSCOPY,include,"Procedure terminology gives no explicit heart-directed procedure, renal recipient operation, or dialysis-related operation; not proof of absence of renal disease.",noncardiac_procedure_no_explicit_renal_exclusion
mover,THORACOTOMY,uncertain,Missing or nonspecific procedure/site/indication; cannot verify the common eligible surgical/procedural population.,uncertain_procedure_or_site
mover,"THORACOTOMY, WITH PLEURECTOMY",include,"Procedure terminology gives no explicit heart-directed procedure, renal recipient operation, or dialysis-related operation; not proof of absence of renal disease.",noncardiac_procedure_no_explicit_renal_exclusion
mover,THROMBECTOMY,uncertain,Missing or nonspecific procedure/site/indication; cannot verify the common eligible surgical/procedural population.,uncertain_procedure_or_site
mover,"THROMBECTOMY, AV GRAFT, UPPER EXTREMITY",include,"Procedure terminology gives no explicit heart-directed procedure, renal recipient operation, or dialysis-related operation; not proof of absence of renal disease.",noncardiac_procedure_no_explicit_renal_exclusion
mover,"THROMBECTOMY, GRAFT",include,"Procedure terminology gives no explicit heart-directed procedure, renal recipient operation, or dialysis-related operation; not proof of absence of renal disease.",noncardiac_procedure_no_explicit_renal_exclusion
mover,"THROMBECTOMY, LOWER EXTREMITY",include,"Procedure terminology gives no explicit heart-directed procedure, renal recipient operation, or dialysis-related operation; not proof of absence of renal disease.",noncardiac_procedure_no_explicit_renal_exclusion
mover,"THROMBECTOMY, UPPER EXTREMITY",include,"Procedure terminology gives no explicit heart-directed procedure, renal recipient operation, or dialysis-related operation; not proof of absence of renal disease.",noncardiac_procedure_no_explicit_renal_exclusion
mover,THROMBOLYTIC THERAPY,uncertain,Missing or nonspecific procedure/site/indication; cannot verify the common eligible surgical/procedural population.,uncertain_procedure_or_site
mover,THYMECTOMY,include,"Procedure terminology gives no explicit heart-directed procedure, renal recipient operation, or dialysis-related operation; not proof of absence of renal disease.",noncardiac_procedure_no_explicit_renal_exclusion
mover,"THYMECTOMY, ROBOT-ASSISTED",include,"Procedure terminology gives no explicit heart-directed procedure, renal recipient operation, or dialysis-related operation; not proof of absence of renal disease.",noncardiac_procedure_no_explicit_renal_exclusion
mover,THYROIDECTOMY,include,"Procedure terminology gives no explicit heart-directed procedure, renal recipient operation, or dialysis-related operation; not proof of absence of renal disease.",noncardiac_procedure_no_explicit_renal_exclusion
mover,"THYROIDECTOMY, TOTAL",include,"Procedure terminology gives no explicit heart-directed procedure, renal recipient operation, or dialysis-related operation; not proof of absence of renal disease.",noncardiac_procedure_no_explicit_renal_exclusion
mover,"THYROIDECTOMY, TOTAL, WITH MODIFIED RADICAL NECK DISSECTION",include,"Procedure terminology gives no explicit heart-directed procedure, renal recipient operation, or dialysis-related operation; not proof of absence of renal disease.",noncardiac_procedure_no_explicit_renal_exclusion
mover,TONSILLECTOMY,include,"Procedure terminology gives no explicit heart-directed procedure, renal recipient operation, or dialysis-related operation; not proof of absence of renal disease.",noncardiac_procedure_no_explicit_renal_exclusion
mover,TONSILLECTOMY AND ADENOIDECTOMY,include,"Procedure terminology gives no explicit heart-directed procedure, renal recipient operation, or dialysis-related operation; not proof of absence of renal disease.",noncardiac_procedure_no_explicit_renal_exclusion
mover,TRACHELECTOMY,include,"Procedure terminology gives no explicit heart-directed procedure, renal recipient operation, or dialysis-related operation; not proof of absence of renal disease.",noncardiac_procedure_no_explicit_renal_exclusion
mover,TRACHEOSTOMY,include,"Procedure terminology gives no explicit heart-directed procedure, renal recipient operation, or dialysis-related operation; not proof of absence of renal disease.",noncardiac_procedure_no_explicit_renal_exclusion
mover,"TRACHEOSTOMY, EMERGENT",include,"Procedure terminology gives no explicit heart-directed procedure, renal recipient operation, or dialysis-related operation; not proof of absence of renal disease.",noncardiac_procedure_no_explicit_renal_exclusion
mover,"TRACHEOSTOMY, PERCUTANEOUS",include,"Procedure terminology gives no explicit heart-directed procedure, renal recipient operation, or dialysis-related operation; not proof of absence of renal disease.",noncardiac_procedure_no_explicit_renal_exclusion
mover,"TRACHEOSTOMY, WITH LARYNGOSCOPY, BRONCHOSCOPY, AND ESOPHAGOSCOPY",include,"Procedure terminology gives no explicit heart-directed procedure, renal recipient operation, or dialysis-related operation; not proof of absence of renal disease.",noncardiac_procedure_no_explicit_renal_exclusion
mover,"TRANSECTION, NERVE, FACIAL",include,"Procedure terminology gives no explicit heart-directed procedure, renal recipient operation, or dialysis-related operation; not proof of absence of renal disease.",noncardiac_procedure_no_explicit_renal_exclusion
mover,"TRANSFER FLAP, FREE TISSUE",include,"Procedure terminology gives no explicit heart-directed procedure, renal recipient operation, or dialysis-related operation; not proof of absence of renal disease.",noncardiac_procedure_no_explicit_renal_exclusion
mover,"TRANSFER, MUSCLE, HYPOTHENAR",include,"Procedure terminology gives no explicit heart-directed procedure, renal recipient operation, or dialysis-related operation; not proof of absence of renal disease.",noncardiac_procedure_no_explicit_renal_exclusion
mover,"TRANSFER, NERVE, INTERCOSTAL, TO BICEPS BRACHII, AXILLARY APPROACH, FOR BRACHIAL PLEXUS PALSY",include,"Procedure terminology gives no explicit heart-directed procedure, renal recipient operation, or dialysis-related operation; not proof of absence of renal disease.",noncardiac_procedure_no_explicit_renal_exclusion
mover,"TRANSFER, TENDON, BY NEUROSURGERY",include,"Procedure terminology gives no explicit heart-directed procedure, renal recipient operation, or dialysis-related operation; not proof of absence of renal disease.",noncardiac_procedure_no_explicit_renal_exclusion
mover,"TRANSPLANT RECIPIENT, KIDNEY, FROM DECEASED DONOR",exclude,Explicit kidney recipient/transplanted-kidney operation or dialysis-related procedure; access procedure does not prove chronic dialysis.,explicit_renal_replacement_or_recipient_procedure
mover,"TRANSPLANT RECIPIENT, KIDNEY, FROM LIVING DONOR",exclude,Explicit kidney recipient/transplanted-kidney operation or dialysis-related procedure; access procedure does not prove chronic dialysis.,explicit_renal_replacement_or_recipient_procedure
mover,"TRANSPLANT, CORNEA",include,"Procedure terminology gives no explicit heart-directed procedure, renal recipient operation, or dialysis-related operation; not proof of absence of renal disease.",noncardiac_procedure_no_explicit_renal_exclusion
mover,"TRANSPLANT, HEART",exclude,Explicit heart/coronary/valve/rhythm/pericardial procedure or standalone cardiac diagnostic procedure; not all entries are cardiac surgery.,heart_directed_procedure
mover,"TRANSPLANT, HEART AND LUNG",exclude,Explicit heart/coronary/valve/rhythm/pericardial procedure or standalone cardiac diagnostic procedure; not all entries are cardiac surgery.,heart_directed_procedure
mover,"TRANSPLANT, KIDNEY",exclude,Explicit kidney recipient/transplanted-kidney operation or dialysis-related procedure; access procedure does not prove chronic dialysis.,explicit_renal_replacement_or_recipient_procedure
mover,"TRANSPLANT, KIDNEY AND PANCREAS, DECEASED DONOR",exclude,Explicit kidney recipient/transplanted-kidney operation or dialysis-related procedure; access procedure does not prove chronic dialysis.,explicit_renal_replacement_or_recipient_procedure
mover,"TRANSPLANT, NEPHRECTOMY, LIVING DONOR, LAPAROSCOPIC",include,Donor nephrectomy is not kidney-transplant recipient surgery; preserve unless a separate explicit same-case renal exclusion applies.,living_kidney_donor_nephrectomy
mover,"TRANSPLANT, PANCREAS",include,"Procedure terminology gives no explicit heart-directed procedure, renal recipient operation, or dialysis-related operation; not proof of absence of renal disease.",noncardiac_procedure_no_explicit_renal_exclusion
mover,"TRANSPOSITION, ULNAR NERVE",include,"Procedure terminology gives no explicit heart-directed procedure, renal recipient operation, or dialysis-related operation; not proof of absence of renal disease.",noncardiac_procedure_no_explicit_renal_exclusion
mover,TRANSURETHRAL RESECTION OF PROSTATE (TURP),include,"Procedure terminology gives no explicit heart-directed procedure, renal recipient operation, or dialysis-related operation; not proof of absence of renal disease.",noncardiac_procedure_no_explicit_renal_exclusion
mover,"TRANSVENOUS INSERTION OR REPLACEMENT, PULSE GENERATOR OR ELECTRODE LEAD OF PACEMAKER OR ICD",exclude,Explicit heart/coronary/valve/rhythm/pericardial procedure or standalone cardiac diagnostic procedure; not all entries are cardiac surgery.,heart_directed_procedure
mover,"TREATMENT, HUMERUS, PROXIMAL, PROPHYLACTIC",include,"Procedure terminology gives no explicit heart-directed procedure, renal recipient operation, or dialysis-related operation; not proof of absence of renal disease.",noncardiac_procedure_no_explicit_renal_exclusion
mover,"TURBT, WITH BLUE LIGHT CYSTOSCOPY AND CYSVIEW",include,"Procedure terminology gives no explicit heart-directed procedure, renal recipient operation, or dialysis-related operation; not proof of absence of renal disease.",noncardiac_procedure_no_explicit_renal_exclusion
mover,TYMPANOPLASTY,include,"Procedure terminology gives no explicit heart-directed procedure, renal recipient operation, or dialysis-related operation; not proof of absence of renal disease.",noncardiac_procedure_no_explicit_renal_exclusion
mover,"TYMPANOPLASTY, WITH MASTOIDECTOMY",include,"Procedure terminology gives no explicit heart-directed procedure, renal recipient operation, or dialysis-related operation; not proof of absence of renal disease.",noncardiac_procedure_no_explicit_renal_exclusion
mover,"UCI INSERTION,CATHETER,INTRATHECAL,WITH IMAGING",include,"Procedure terminology gives no explicit heart-directed procedure, renal recipient operation, or dialysis-related operation; not proof of absence of renal disease.",noncardiac_procedure_no_explicit_renal_exclusion
mover,"UCI PAIN REMOVAL OF SQ RESERVOIR/PUMP,IT OR EPIDURAL INFUSION",include,"Procedure terminology gives no explicit heart-directed procedure, renal recipient operation, or dialysis-related operation; not proof of absence of renal disease.",noncardiac_procedure_no_explicit_renal_exclusion
mover,ULTRASOUND GUIDANCE PROCEDURE,uncertain,Missing or nonspecific procedure/site/indication; cannot verify the common eligible surgical/procedural population.,uncertain_procedure_or_site
mover,"UNLISTED PROCEDURE, ACCESSORY SINUSES",include,"Procedure terminology gives no explicit heart-directed procedure, renal recipient operation, or dialysis-related operation; not proof of absence of renal disease.",noncardiac_procedure_no_explicit_renal_exclusion
mover,"UNLISTED PROCEDURE, BREAST",include,"Procedure terminology gives no explicit heart-directed procedure, renal recipient operation, or dialysis-related operation; not proof of absence of renal disease.",noncardiac_procedure_no_explicit_renal_exclusion
mover,"UNLISTED PROCEDURE, HEMIC OR LYMPHATIC SYSTEM",include,"Procedure terminology gives no explicit heart-directed procedure, renal recipient operation, or dialysis-related operation; not proof of absence of renal disease.",noncardiac_procedure_no_explicit_renal_exclusion
mover,"UNLISTED PROCEDURE, NOSE",include,"Procedure terminology gives no explicit heart-directed procedure, renal recipient operation, or dialysis-related operation; not proof of absence of renal disease.",noncardiac_procedure_no_explicit_renal_exclusion
mover,"UNLISTED PROCEDURE, SALIVARY GLANDS OR DUCTS",include,"Procedure terminology gives no explicit heart-directed procedure, renal recipient operation, or dialysis-related operation; not proof of absence of renal disease.",noncardiac_procedure_no_explicit_renal_exclusion
mover,"UNLISTED PROCEDURE, URINARY SYSTEM",uncertain,Missing or nonspecific procedure/site/indication; cannot verify the common eligible surgical/procedural population.,uncertain_procedure_or_site
mover,"UPGRADE, ICD",exclude,Explicit heart/coronary/valve/rhythm/pericardial procedure or standalone cardiac diagnostic procedure; not all entries are cardiac surgery.,heart_directed_procedure
mover,UPPP (UVULOPALATOPHARYNGOPLASTY),include,"Procedure terminology gives no explicit heart-directed procedure, renal recipient operation, or dialysis-related operation; not proof of absence of renal disease.",noncardiac_procedure_no_explicit_renal_exclusion
mover,"URETERECTOMY, PARTIAL",include,"Procedure terminology gives no explicit heart-directed procedure, renal recipient operation, or dialysis-related operation; not proof of absence of renal disease.",noncardiac_procedure_no_explicit_renal_exclusion
mover,URETEROLYSIS,include,"Procedure terminology gives no explicit heart-directed procedure, renal recipient operation, or dialysis-related operation; not proof of absence of renal disease.",noncardiac_procedure_no_explicit_renal_exclusion
mover,URETEROSCOPY,include,"Procedure terminology gives no explicit heart-directed procedure, renal recipient operation, or dialysis-related operation; not proof of absence of renal disease.",noncardiac_procedure_no_explicit_renal_exclusion
mover,"URETEROSCOPY, NON-STONE",include,"Procedure terminology gives no explicit heart-directed procedure, renal recipient operation, or dialysis-related operation; not proof of absence of renal disease.",noncardiac_procedure_no_explicit_renal_exclusion
mover,URETHRECTOMY,include,"Procedure terminology gives no explicit heart-directed procedure, renal recipient operation, or dialysis-related operation; not proof of absence of renal disease.",noncardiac_procedure_no_explicit_renal_exclusion
mover,"URETHROGRAM, RETROGRADE",include,"Procedure terminology gives no explicit heart-directed procedure, renal recipient operation, or dialysis-related operation; not proof of absence of renal disease.",noncardiac_procedure_no_explicit_renal_exclusion
mover,URETHROPLASTY,include,"Procedure terminology gives no explicit heart-directed procedure, renal recipient operation, or dialysis-related operation; not proof of absence of renal disease.",noncardiac_procedure_no_explicit_renal_exclusion
mover,"URETHROPLASTY, WITH BUCCAL MUCOSAL GRAFT",include,"Procedure terminology gives no explicit heart-directed procedure, renal recipient operation, or dialysis-related operation; not proof of absence of renal disease.",noncardiac_procedure_no_explicit_renal_exclusion
mover,"URETHROSTOMY, PERINEAL",include,"Procedure terminology gives no explicit heart-directed procedure, renal recipient operation, or dialysis-related operation; not proof of absence of renal disease.",noncardiac_procedure_no_explicit_renal_exclusion
mover,UVULOPALATOPHARYNGOPLASTY (UPPP),include,"Procedure terminology gives no explicit heart-directed procedure, renal recipient operation, or dialysis-related operation; not proof of absence of renal disease.",noncardiac_procedure_no_explicit_renal_exclusion
mover,"VAGINECTOMY, TOTAL",include,"Procedure terminology gives no explicit heart-directed procedure, renal recipient operation, or dialysis-related operation; not proof of absence of renal disease.",noncardiac_procedure_no_explicit_renal_exclusion
mover,VAGINOPLASTY,include,"Procedure terminology gives no explicit heart-directed procedure, renal recipient operation, or dialysis-related operation; not proof of absence of renal disease.",noncardiac_procedure_no_explicit_renal_exclusion
mover,"VALVULOPLASTY, MITRAL VALVE",exclude,Explicit heart/coronary/valve/rhythm/pericardial procedure or standalone cardiac diagnostic procedure; not all entries are cardiac surgery.,heart_directed_procedure
mover,"VALVULOPLASTY, PULMONARY VALVE, USING BALLOON",exclude,Explicit heart/coronary/valve/rhythm/pericardial procedure or standalone cardiac diagnostic procedure; not all entries are cardiac surgery.,heart_directed_procedure
mover,"VALVULOPLASTY, TRICUSPID VALVE",exclude,Explicit heart/coronary/valve/rhythm/pericardial procedure or standalone cardiac diagnostic procedure; not all entries are cardiac surgery.,heart_directed_procedure
mover,"VAPORIZATION, LESION, USING CO2 LASER",include,"Procedure terminology gives no explicit heart-directed procedure, renal recipient operation, or dialysis-related operation; not proof of absence of renal disease.",noncardiac_procedure_no_explicit_renal_exclusion
mover,"VAPORIZATION, PROSTATE, PHOTOSELECTIVE, USING 532NM GREENLIGHT LASER",include,"Procedure terminology gives no explicit heart-directed procedure, renal recipient operation, or dialysis-related operation; not proof of absence of renal disease.",noncardiac_procedure_no_explicit_renal_exclusion
mover,VASECTOMY,include,"Procedure terminology gives no explicit heart-directed procedure, renal recipient operation, or dialysis-related operation; not proof of absence of renal disease.",noncardiac_procedure_no_explicit_renal_exclusion
mover,VASOVASOSTOMY,include,"Procedure terminology gives no explicit heart-directed procedure, renal recipient operation, or dialysis-related operation; not proof of absence of renal disease.",noncardiac_procedure_no_explicit_renal_exclusion
mover,"VATS, WITH THORACOTOMY IF INDICATED",include,"Procedure terminology gives no explicit heart-directed procedure, renal recipient operation, or dialysis-related operation; not proof of absence of renal disease.",noncardiac_procedure_no_explicit_renal_exclusion
mover,VENOGRAM,include,"Procedure terminology gives no explicit heart-directed procedure, renal recipient operation, or dialysis-related operation; not proof of absence of renal disease.",noncardiac_procedure_no_explicit_renal_exclusion
mover,"VENOGRAM, SUBCLAVIAN VEIN",include,"Procedure terminology gives no explicit heart-directed procedure, renal recipient operation, or dialysis-related operation; not proof of absence of renal disease.",noncardiac_procedure_no_explicit_renal_exclusion
mover,"VENOGRAM, WITH THROMBOLYSIS IF INDICATED",include,"Procedure terminology gives no explicit heart-directed procedure, renal recipient operation, or dialysis-related operation; not proof of absence of renal disease.",noncardiac_procedure_no_explicit_renal_exclusion
mover,VENOUS CATHETERIZATION FOR RENAL DIALYSIS,exclude,Explicit kidney recipient/transplanted-kidney operation or dialysis-related procedure; access procedure does not prove chronic dialysis.,explicit_renal_replacement_or_recipient_procedure
mover,VENTRICULOSTOMY,include,"Procedure terminology gives no explicit heart-directed procedure, renal recipient operation, or dialysis-related operation; not proof of absence of renal disease.",noncardiac_procedure_no_explicit_renal_exclusion
mover,"VENTRICULOSTOMY, THIRD VENTRICLE, ENDOSCOPIC",include,"Procedure terminology gives no explicit heart-directed procedure, renal recipient operation, or dialysis-related operation; not proof of absence of renal disease.",noncardiac_procedure_no_explicit_renal_exclusion
mover,VIDEO-ASSISTED THORACOSCOPIC SURGERY (VATS),include,"Procedure terminology gives no explicit heart-directed procedure, renal recipient operation, or dialysis-related operation; not proof of absence of renal disease.",noncardiac_procedure_no_explicit_renal_exclusion
mover,VITRECTOMY,include,"Procedure terminology gives no explicit heart-directed procedure, renal recipient operation, or dialysis-related operation; not proof of absence of renal disease.",noncardiac_procedure_no_explicit_renal_exclusion
mover,"VITRECTOMY, MECHANICAL, PARS PLANA APPROACH",include,"Procedure terminology gives no explicit heart-directed procedure, renal recipient operation, or dialysis-related operation; not proof of absence of renal disease.",noncardiac_procedure_no_explicit_renal_exclusion
mover,"VITRECTOMY, PARS PLANA APPROACH",include,"Procedure terminology gives no explicit heart-directed procedure, renal recipient operation, or dialysis-related operation; not proof of absence of renal disease.",noncardiac_procedure_no_explicit_renal_exclusion
mover,"VITRECTOMY, PARS PLANA APPROACH, WITH EPIRETINAL MEMBRANE REMOVAL",include,"Procedure terminology gives no explicit heart-directed procedure, renal recipient operation, or dialysis-related operation; not proof of absence of renal disease.",noncardiac_procedure_no_explicit_renal_exclusion
mover,"VITRECTOMY, PARS PLANA APPROACH, WITH SILICONE OIL INJECTION AND MEMBRANE PEELING",include,"Procedure terminology gives no explicit heart-directed procedure, renal recipient operation, or dialysis-related operation; not proof of absence of renal disease.",noncardiac_procedure_no_explicit_renal_exclusion
mover,"VITRECTOMY, PARS PLANA APPROACH, WITH SILICONE OIL REMOVAL",include,"Procedure terminology gives no explicit heart-directed procedure, renal recipient operation, or dialysis-related operation; not proof of absence of renal disease.",noncardiac_procedure_no_explicit_renal_exclusion
mover,"VITRECTOMY, PARS PLANA, WITH SILICONE OIL INJECTION",include,"Procedure terminology gives no explicit heart-directed procedure, renal recipient operation, or dialysis-related operation; not proof of absence of renal disease.",noncardiac_procedure_no_explicit_renal_exclusion
mover,VULVECTOMY,include,"Procedure terminology gives no explicit heart-directed procedure, renal recipient operation, or dialysis-related operation; not proof of absence of renal disease.",noncardiac_procedure_no_explicit_renal_exclusion
mover,"VULVECTOMY, PARTIAL",include,"Procedure terminology gives no explicit heart-directed procedure, renal recipient operation, or dialysis-related operation; not proof of absence of renal disease.",noncardiac_procedure_no_explicit_renal_exclusion
mover,"VULVECTOMY, PARTIAL, SIMPLE",include,"Procedure terminology gives no explicit heart-directed procedure, renal recipient operation, or dialysis-related operation; not proof of absence of renal disease.",noncardiac_procedure_no_explicit_renal_exclusion
mover,"VULVECTOMY, RADICAL",include,"Procedure terminology gives no explicit heart-directed procedure, renal recipient operation, or dialysis-related operation; not proof of absence of renal disease.",noncardiac_procedure_no_explicit_renal_exclusion
mover,"VULVECTOMY, RADICAL, PARTIAL",include,"Procedure terminology gives no explicit heart-directed procedure, renal recipient operation, or dialysis-related operation; not proof of absence of renal disease.",noncardiac_procedure_no_explicit_renal_exclusion
mover,"WASHOUT, EYE, ANTERIOR CHAMBER",include,"Procedure terminology gives no explicit heart-directed procedure, renal recipient operation, or dialysis-related operation; not proof of absence of renal disease.",noncardiac_procedure_no_explicit_renal_exclusion
mover,"WEDGE EXCISION, LIP, WITH PRIMARY CLOSURE",include,"Procedure terminology gives no explicit heart-directed procedure, renal recipient operation, or dialysis-related operation; not proof of absence of renal disease.",noncardiac_procedure_no_explicit_renal_exclusion
mover,"WEDGE RESECTION, LOBE, LUNG, USING VIDEO-ASSISTED THORACOSCOPIC SURGERY",include,"Procedure terminology gives no explicit heart-directed procedure, renal recipient operation, or dialysis-related operation; not proof of absence of renal disease.",noncardiac_procedure_no_explicit_renal_exclusion
mover,"WEDGE RESECTION, LUNG, THORACOTOMY APPROACH",include,"Procedure terminology gives no explicit heart-directed procedure, renal recipient operation, or dialysis-related operation; not proof of absence of renal disease.",noncardiac_procedure_no_explicit_renal_exclusion
mover,WHIPPLE PROCEDURE,include,"Procedure terminology gives no explicit heart-directed procedure, renal recipient operation, or dialysis-related operation; not proof of absence of renal disease.",noncardiac_procedure_no_explicit_renal_exclusion
mover,"WHIPPLE PROCEDURE, LAPAROSCOPIC",include,"Procedure terminology gives no explicit heart-directed procedure, renal recipient operation, or dialysis-related operation; not proof of absence of renal disease.",noncardiac_procedure_no_explicit_renal_exclusion
mover,"WIDE EXCISION, LESION",uncertain,Missing or nonspecific procedure/site/indication; cannot verify the common eligible surgical/procedural population.,uncertain_procedure_or_site
mover,"WIDE LOCAL EXCISION, LESION, SCALP, WITH CLOSURE USING SPLIT-THICKNESS SKIN GRAFT",include,"Procedure terminology gives no explicit heart-directed procedure, renal recipient operation, or dialysis-related operation; not proof of absence of renal disease.",noncardiac_procedure_no_explicit_renal_exclusion
mover,"WIDE LOCAL EXCISION, LESION, SKIN, HEAD AND NECK",include,"Procedure terminology gives no explicit heart-directed procedure, renal recipient operation, or dialysis-related operation; not proof of absence of renal disease.",noncardiac_procedure_no_explicit_renal_exclusion
mover,"WIDE LOCAL EXCISION, LESION, SKIN, LOWER EXTREMITY",include,"Procedure terminology gives no explicit heart-directed procedure, renal recipient operation, or dialysis-related operation; not proof of absence of renal disease.",noncardiac_procedure_no_explicit_renal_exclusion
mover,"WIDE LOCAL EXCISION, LESION, SKIN, UPPER EXTREMITY",include,"Procedure terminology gives no explicit heart-directed procedure, renal recipient operation, or dialysis-related operation; not proof of absence of renal disease.",noncardiac_procedure_no_explicit_renal_exclusion
vitaldb,Abdominoperineal resection,include,"Procedure terminology gives no explicit heart-directed procedure, renal recipient operation, or dialysis-related operation; not proof of absence of renal disease.",noncardiac_procedure_no_explicit_renal_exclusion
vitaldb,Adhesiolysis,include,"Procedure terminology gives no explicit heart-directed procedure, renal recipient operation, or dialysis-related operation; not proof of absence of renal disease.",noncardiac_procedure_no_explicit_renal_exclusion
vitaldb,Adrenalectomy,include,"Procedure terminology gives no explicit heart-directed procedure, renal recipient operation, or dialysis-related operation; not proof of absence of renal disease.",noncardiac_procedure_no_explicit_renal_exclusion
vitaldb,Ampullectomy,include,"Procedure terminology gives no explicit heart-directed procedure, renal recipient operation, or dialysis-related operation; not proof of absence of renal disease.",noncardiac_procedure_no_explicit_renal_exclusion
vitaldb,Anal fistulotomy,include,"Procedure terminology gives no explicit heart-directed procedure, renal recipient operation, or dialysis-related operation; not proof of absence of renal disease.",noncardiac_procedure_no_explicit_renal_exclusion
vitaldb,Aneurysmal repair,include,"Official VitalDB source cohort excludes cardiac surgery; generic title has no contradictory explicit cardiac or renal replacement/recipient content. Source-supported classification, not patient-level proof of no renal disease.",source_noncardiac_generic_procedure
vitaldb,Anterior resection,include,"Procedure terminology gives no explicit heart-directed procedure, renal recipient operation, or dialysis-related operation; not proof of absence of renal disease.",noncardiac_procedure_no_explicit_renal_exclusion
vitaldb,Aortofemoral bypass,include,"Procedure terminology gives no explicit heart-directed procedure, renal recipient operation, or dialysis-related operation; not proof of absence of renal disease.",noncardiac_procedure_no_explicit_renal_exclusion
vitaldb,Aortoiliac bypass,include,"Procedure terminology gives no explicit heart-directed procedure, renal recipient operation, or dialysis-related operation; not proof of absence of renal disease.",noncardiac_procedure_no_explicit_renal_exclusion
vitaldb,Aortorenal bypass,include,"Procedure terminology gives no explicit heart-directed procedure, renal recipient operation, or dialysis-related operation; not proof of absence of renal disease.",noncardiac_procedure_no_explicit_renal_exclusion
vitaldb,Appendectomy,include,"Procedure terminology gives no explicit heart-directed procedure, renal recipient operation, or dialysis-related operation; not proof of absence of renal disease.",noncardiac_procedure_no_explicit_renal_exclusion
vitaldb,Arteriovenous fistula,uncertain,"AV access or permanent catheter/graft without explicit dialysis context; main exclusion is unresolved procedural applicability, not diagnosed chronic dialysis.",uncertain_access_indication
vitaldb,Arteriovenous fistula thrombectomy,uncertain,"AV access or permanent catheter/graft without explicit dialysis context; main exclusion is unresolved procedural applicability, not diagnosed chronic dialysis.",uncertain_access_indication
vitaldb,Arteriovenous graft,uncertain,"AV access or permanent catheter/graft without explicit dialysis context; main exclusion is unresolved procedural applicability, not diagnosed chronic dialysis.",uncertain_access_indication
vitaldb,Axillary lymph node dissection,include,"Procedure terminology gives no explicit heart-directed procedure, renal recipient operation, or dialysis-related operation; not proof of absence of renal disease.",noncardiac_procedure_no_explicit_renal_exclusion
vitaldb,Bile duct anastomosis,include,"Procedure terminology gives no explicit heart-directed procedure, renal recipient operation, or dialysis-related operation; not proof of absence of renal disease.",noncardiac_procedure_no_explicit_renal_exclusion
vitaldb,Biopsy,include,"Official VitalDB source cohort excludes cardiac surgery; generic title has no contradictory explicit cardiac or renal replacement/recipient content. Source-supported classification, not patient-level proof of no renal disease.",source_noncardiac_generic_procedure
vitaldb,Bleeding control,include,"Official VitalDB source cohort excludes cardiac surgery; generic title has no contradictory explicit cardiac or renal replacement/recipient content. Source-supported classification, not patient-level proof of no renal disease.",source_noncardiac_generic_procedure
vitaldb,Breast reconstruction,include,"Procedure terminology gives no explicit heart-directed procedure, renal recipient operation, or dialysis-related operation; not proof of absence of renal disease.",noncardiac_procedure_no_explicit_renal_exclusion
vitaldb,Breast-conserving surgery,include,"Procedure terminology gives no explicit heart-directed procedure, renal recipient operation, or dialysis-related operation; not proof of absence of renal disease.",noncardiac_procedure_no_explicit_renal_exclusion
vitaldb,Bullectomy,include,"Procedure terminology gives no explicit heart-directed procedure, renal recipient operation, or dialysis-related operation; not proof of absence of renal disease.",noncardiac_procedure_no_explicit_renal_exclusion
vitaldb,Cecectomy,include,"Procedure terminology gives no explicit heart-directed procedure, renal recipient operation, or dialysis-related operation; not proof of absence of renal disease.",noncardiac_procedure_no_explicit_renal_exclusion
vitaldb,Central pancreatectomy,include,"Procedure terminology gives no explicit heart-directed procedure, renal recipient operation, or dialysis-related operation; not proof of absence of renal disease.",noncardiac_procedure_no_explicit_renal_exclusion
vitaldb,Cervical esophagostomy,include,"Procedure terminology gives no explicit heart-directed procedure, renal recipient operation, or dialysis-related operation; not proof of absence of renal disease.",noncardiac_procedure_no_explicit_renal_exclusion
vitaldb,Cesarean section,include,"Procedure terminology gives no explicit heart-directed procedure, renal recipient operation, or dialysis-related operation; not proof of absence of renal disease.",noncardiac_procedure_no_explicit_renal_exclusion
vitaldb,Cholecystectomy,include,"Procedure terminology gives no explicit heart-directed procedure, renal recipient operation, or dialysis-related operation; not proof of absence of renal disease.",noncardiac_procedure_no_explicit_renal_exclusion
vitaldb,Choledochal cyst excision,include,"Procedure terminology gives no explicit heart-directed procedure, renal recipient operation, or dialysis-related operation; not proof of absence of renal disease.",noncardiac_procedure_no_explicit_renal_exclusion
vitaldb,Choledochoscopic bile duct stone removal,include,"Procedure terminology gives no explicit heart-directed procedure, renal recipient operation, or dialysis-related operation; not proof of absence of renal disease.",noncardiac_procedure_no_explicit_renal_exclusion
vitaldb,Clagett procedure,include,"Procedure terminology gives no explicit heart-directed procedure, renal recipient operation, or dialysis-related operation; not proof of absence of renal disease.",noncardiac_procedure_no_explicit_renal_exclusion
vitaldb,Cleaning of wound,include,"Official VitalDB source cohort excludes cardiac surgery; generic title has no contradictory explicit cardiac or renal replacement/recipient content. Source-supported classification, not patient-level proof of no renal disease.",source_noncardiac_generic_procedure
vitaldb,Closure of arteriovenous fistula,uncertain,"AV access or permanent catheter/graft without explicit dialysis context; main exclusion is unresolved procedural applicability, not diagnosed chronic dialysis.",uncertain_access_indication
vitaldb,Closure of bronchopleural fistula,include,"Procedure terminology gives no explicit heart-directed procedure, renal recipient operation, or dialysis-related operation; not proof of absence of renal disease.",noncardiac_procedure_no_explicit_renal_exclusion
vitaldb,Closure of wound,include,"Official VitalDB source cohort excludes cardiac surgery; generic title has no contradictory explicit cardiac or renal replacement/recipient content. Source-supported classification, not patient-level proof of no renal disease.",source_noncardiac_generic_procedure
vitaldb,Colostomy,include,"Procedure terminology gives no explicit heart-directed procedure, renal recipient operation, or dialysis-related operation; not proof of absence of renal disease.",noncardiac_procedure_no_explicit_renal_exclusion
vitaldb,Colostomy repair,include,"Procedure terminology gives no explicit heart-directed procedure, renal recipient operation, or dialysis-related operation; not proof of absence of renal disease.",noncardiac_procedure_no_explicit_renal_exclusion
vitaldb,Completion mastectomy,include,"Procedure terminology gives no explicit heart-directed procedure, renal recipient operation, or dialysis-related operation; not proof of absence of renal disease.",noncardiac_procedure_no_explicit_renal_exclusion
vitaldb,Completion thyroidectomy,include,"Procedure terminology gives no explicit heart-directed procedure, renal recipient operation, or dialysis-related operation; not proof of absence of renal disease.",noncardiac_procedure_no_explicit_renal_exclusion
vitaldb,Debridement of wound,include,"Official VitalDB source cohort excludes cardiac surgery; generic title has no contradictory explicit cardiac or renal replacement/recipient content. Source-supported classification, not patient-level proof of no renal disease.",source_noncardiac_generic_procedure
vitaldb,Debulking surgery,include,"Official VitalDB source cohort excludes cardiac surgery; generic title has no contradictory explicit cardiac or renal replacement/recipient content. Source-supported classification, not patient-level proof of no renal disease.",source_noncardiac_generic_procedure
vitaldb,Decortication,include,"Procedure terminology gives no explicit heart-directed procedure, renal recipient operation, or dialysis-related operation; not proof of absence of renal disease.",noncardiac_procedure_no_explicit_renal_exclusion
vitaldb,Delorme's operation,include,"Procedure terminology gives no explicit heart-directed procedure, renal recipient operation, or dialysis-related operation; not proof of absence of renal disease.",noncardiac_procedure_no_explicit_renal_exclusion
vitaldb,Diagnostic laparoscopy,include,"Procedure terminology gives no explicit heart-directed procedure, renal recipient operation, or dialysis-related operation; not proof of absence of renal disease.",noncardiac_procedure_no_explicit_renal_exclusion
vitaldb,Diagnostic pelviscopy,include,"Procedure terminology gives no explicit heart-directed procedure, renal recipient operation, or dialysis-related operation; not proof of absence of renal disease.",noncardiac_procedure_no_explicit_renal_exclusion
vitaldb,Diagnostic procedure,include,"Official VitalDB source cohort excludes cardiac surgery; generic title has no contradictory explicit cardiac or renal replacement/recipient content. Source-supported classification, not patient-level proof of no renal disease.",source_noncardiac_generic_procedure
vitaldb,Distal gastrectomy,include,"Procedure terminology gives no explicit heart-directed procedure, renal recipient operation, or dialysis-related operation; not proof of absence of renal disease.",noncardiac_procedure_no_explicit_renal_exclusion
vitaldb,Distal pancreatectomy,include,"Procedure terminology gives no explicit heart-directed procedure, renal recipient operation, or dialysis-related operation; not proof of absence of renal disease.",noncardiac_procedure_no_explicit_renal_exclusion
vitaldb,Diverticulectomy,include,"Procedure terminology gives no explicit heart-directed procedure, renal recipient operation, or dialysis-related operation; not proof of absence of renal disease.",noncardiac_procedure_no_explicit_renal_exclusion
vitaldb,Donor hepatectomy,include,"Procedure terminology gives no explicit heart-directed procedure, renal recipient operation, or dialysis-related operation; not proof of absence of renal disease.",noncardiac_procedure_no_explicit_renal_exclusion
vitaldb,Donor nephrectomy,include,Kidney donor nephrectomy is not renal transplantation into a recipient.,living_kidney_donor_nephrectomy
vitaldb,Electrocauterization,include,"Official VitalDB source cohort excludes cardiac surgery; generic title has no contradictory explicit cardiac or renal replacement/recipient content. Source-supported classification, not patient-level proof of no renal disease.",source_noncardiac_generic_procedure
vitaldb,Elosser operation,include,"Procedure terminology gives no explicit heart-directed procedure, renal recipient operation, or dialysis-related operation; not proof of absence of renal disease.",noncardiac_procedure_no_explicit_renal_exclusion
vitaldb,Embolectomy,include,"Procedure terminology gives no explicit heart-directed procedure, renal recipient operation, or dialysis-related operation; not proof of absence of renal disease.",noncardiac_procedure_no_explicit_renal_exclusion
vitaldb,Empyemectomy,include,"Procedure terminology gives no explicit heart-directed procedure, renal recipient operation, or dialysis-related operation; not proof of absence of renal disease.",noncardiac_procedure_no_explicit_renal_exclusion
vitaldb,Endarterectomy,include,"Procedure terminology gives no explicit heart-directed procedure, renal recipient operation, or dialysis-related operation; not proof of absence of renal disease.",noncardiac_procedure_no_explicit_renal_exclusion
vitaldb,Endovascular aneurysmal repair,include,"Procedure terminology gives no explicit heart-directed procedure, renal recipient operation, or dialysis-related operation; not proof of absence of renal disease.",noncardiac_procedure_no_explicit_renal_exclusion
vitaldb,Enucleation of esophageal tumor,include,"Procedure terminology gives no explicit heart-directed procedure, renal recipient operation, or dialysis-related operation; not proof of absence of renal disease.",noncardiac_procedure_no_explicit_renal_exclusion
vitaldb,Enucleation of pancreas,include,"Procedure terminology gives no explicit heart-directed procedure, renal recipient operation, or dialysis-related operation; not proof of absence of renal disease.",noncardiac_procedure_no_explicit_renal_exclusion
vitaldb,Esophagectomy,include,"Procedure terminology gives no explicit heart-directed procedure, renal recipient operation, or dialysis-related operation; not proof of absence of renal disease.",noncardiac_procedure_no_explicit_renal_exclusion
vitaldb,Excision,include,"Official VitalDB source cohort excludes cardiac surgery; generic title has no contradictory explicit cardiac or renal replacement/recipient content. Source-supported classification, not patient-level proof of no renal disease.",source_noncardiac_generic_procedure
vitaldb,Exploration,include,"Official VitalDB source cohort excludes cardiac surgery; generic title has no contradictory explicit cardiac or renal replacement/recipient content. Source-supported classification, not patient-level proof of no renal disease.",source_noncardiac_generic_procedure
vitaldb,Exploration of common bile duct,include,"Procedure terminology gives no explicit heart-directed procedure, renal recipient operation, or dialysis-related operation; not proof of absence of renal disease.",noncardiac_procedure_no_explicit_renal_exclusion
vitaldb,Exploration of wound,include,"Official VitalDB source cohort excludes cardiac surgery; generic title has no contradictory explicit cardiac or renal replacement/recipient content. Source-supported classification, not patient-level proof of no renal disease.",source_noncardiac_generic_procedure
vitaldb,Exploratory laparotomy,include,"Procedure terminology gives no explicit heart-directed procedure, renal recipient operation, or dialysis-related operation; not proof of absence of renal disease.",noncardiac_procedure_no_explicit_renal_exclusion
vitaldb,Exploratory thoracotomy,include,"Procedure terminology gives no explicit heart-directed procedure, renal recipient operation, or dialysis-related operation; not proof of absence of renal disease.",noncardiac_procedure_no_explicit_renal_exclusion
vitaldb,Extended cholecystectomy,include,"Procedure terminology gives no explicit heart-directed procedure, renal recipient operation, or dialysis-related operation; not proof of absence of renal disease.",noncardiac_procedure_no_explicit_renal_exclusion
vitaldb,Extended hemicolectomy,include,"Procedure terminology gives no explicit heart-directed procedure, renal recipient operation, or dialysis-related operation; not proof of absence of renal disease.",noncardiac_procedure_no_explicit_renal_exclusion
vitaldb,Extended hemihepatectomy,include,"Procedure terminology gives no explicit heart-directed procedure, renal recipient operation, or dialysis-related operation; not proof of absence of renal disease.",noncardiac_procedure_no_explicit_renal_exclusion
vitaldb,Extended hysterectomy,include,"Procedure terminology gives no explicit heart-directed procedure, renal recipient operation, or dialysis-related operation; not proof of absence of renal disease.",noncardiac_procedure_no_explicit_renal_exclusion
vitaldb,Extended total gastrectomy,include,"Procedure terminology gives no explicit heart-directed procedure, renal recipient operation, or dialysis-related operation; not proof of absence of renal disease.",noncardiac_procedure_no_explicit_renal_exclusion
vitaldb,Feeding jejunostomy,include,"Procedure terminology gives no explicit heart-directed procedure, renal recipient operation, or dialysis-related operation; not proof of absence of renal disease.",noncardiac_procedure_no_explicit_renal_exclusion
vitaldb,Femoro-femoral bypass,include,"Procedure terminology gives no explicit heart-directed procedure, renal recipient operation, or dialysis-related operation; not proof of absence of renal disease.",noncardiac_procedure_no_explicit_renal_exclusion
vitaldb,Femoro-popliteal bypass,include,"Procedure terminology gives no explicit heart-directed procedure, renal recipient operation, or dialysis-related operation; not proof of absence of renal disease.",noncardiac_procedure_no_explicit_renal_exclusion
vitaldb,Fistulectomy,include,"Official VitalDB source cohort excludes cardiac surgery; generic title has no contradictory explicit cardiac or renal replacement/recipient content. Source-supported classification, not patient-level proof of no renal disease.",source_noncardiac_generic_procedure
vitaldb,Fundoplication,include,"Procedure terminology gives no explicit heart-directed procedure, renal recipient operation, or dialysis-related operation; not proof of absence of renal disease.",noncardiac_procedure_no_explicit_renal_exclusion
vitaldb,Gastric bypass,include,"Procedure terminology gives no explicit heart-directed procedure, renal recipient operation, or dialysis-related operation; not proof of absence of renal disease.",noncardiac_procedure_no_explicit_renal_exclusion
vitaldb,Gastric wedge resection,include,"Procedure terminology gives no explicit heart-directed procedure, renal recipient operation, or dialysis-related operation; not proof of absence of renal disease.",noncardiac_procedure_no_explicit_renal_exclusion
vitaldb,Gastrojejunostomy,include,"Procedure terminology gives no explicit heart-directed procedure, renal recipient operation, or dialysis-related operation; not proof of absence of renal disease.",noncardiac_procedure_no_explicit_renal_exclusion
vitaldb,Gastrostomy,include,"Procedure terminology gives no explicit heart-directed procedure, renal recipient operation, or dialysis-related operation; not proof of absence of renal disease.",noncardiac_procedure_no_explicit_renal_exclusion
vitaldb,Hartmann procedure,include,"Procedure terminology gives no explicit heart-directed procedure, renal recipient operation, or dialysis-related operation; not proof of absence of renal disease.",noncardiac_procedure_no_explicit_renal_exclusion
vitaldb,Hemicolectomy,include,"Procedure terminology gives no explicit heart-directed procedure, renal recipient operation, or dialysis-related operation; not proof of absence of renal disease.",noncardiac_procedure_no_explicit_renal_exclusion
vitaldb,Hemihepatectomy,include,"Procedure terminology gives no explicit heart-directed procedure, renal recipient operation, or dialysis-related operation; not proof of absence of renal disease.",noncardiac_procedure_no_explicit_renal_exclusion
vitaldb,Hemorrhoidectomy,include,"Procedure terminology gives no explicit heart-directed procedure, renal recipient operation, or dialysis-related operation; not proof of absence of renal disease.",noncardiac_procedure_no_explicit_renal_exclusion
vitaldb,Hepatic hilar resection,include,"Procedure terminology gives no explicit heart-directed procedure, renal recipient operation, or dialysis-related operation; not proof of absence of renal disease.",noncardiac_procedure_no_explicit_renal_exclusion
vitaldb,Hepaticojejunostomy,include,"Procedure terminology gives no explicit heart-directed procedure, renal recipient operation, or dialysis-related operation; not proof of absence of renal disease.",noncardiac_procedure_no_explicit_renal_exclusion
vitaldb,Hepatopancreaticoduodenectomy,include,"Procedure terminology gives no explicit heart-directed procedure, renal recipient operation, or dialysis-related operation; not proof of absence of renal disease.",noncardiac_procedure_no_explicit_renal_exclusion
vitaldb,Hernia repair,include,"Procedure terminology gives no explicit heart-directed procedure, renal recipient operation, or dialysis-related operation; not proof of absence of renal disease.",noncardiac_procedure_no_explicit_renal_exclusion
vitaldb,Hysterectomy,include,"Procedure terminology gives no explicit heart-directed procedure, renal recipient operation, or dialysis-related operation; not proof of absence of renal disease.",noncardiac_procedure_no_explicit_renal_exclusion
vitaldb,Ileocecectomy,include,"Procedure terminology gives no explicit heart-directed procedure, renal recipient operation, or dialysis-related operation; not proof of absence of renal disease.",noncardiac_procedure_no_explicit_renal_exclusion
vitaldb,Ileocolectomy,include,"Procedure terminology gives no explicit heart-directed procedure, renal recipient operation, or dialysis-related operation; not proof of absence of renal disease.",noncardiac_procedure_no_explicit_renal_exclusion
vitaldb,Ileostomy,include,"Procedure terminology gives no explicit heart-directed procedure, renal recipient operation, or dialysis-related operation; not proof of absence of renal disease.",noncardiac_procedure_no_explicit_renal_exclusion
vitaldb,Ileostomy repair,include,"Procedure terminology gives no explicit heart-directed procedure, renal recipient operation, or dialysis-related operation; not proof of absence of renal disease.",noncardiac_procedure_no_explicit_renal_exclusion
vitaldb,Ilioiliac bypass,include,"Procedure terminology gives no explicit heart-directed procedure, renal recipient operation, or dialysis-related operation; not proof of absence of renal disease.",noncardiac_procedure_no_explicit_renal_exclusion
vitaldb,Incision and drainage,include,"Official VitalDB source cohort excludes cardiac surgery; generic title has no contradictory explicit cardiac or renal replacement/recipient content. Source-supported classification, not patient-level proof of no renal disease.",source_noncardiac_generic_procedure
vitaldb,Incision of rectal stricture,include,"Procedure terminology gives no explicit heart-directed procedure, renal recipient operation, or dialysis-related operation; not proof of absence of renal disease.",noncardiac_procedure_no_explicit_renal_exclusion
vitaldb,Incisional hernia repair,include,"Procedure terminology gives no explicit heart-directed procedure, renal recipient operation, or dialysis-related operation; not proof of absence of renal disease.",noncardiac_procedure_no_explicit_renal_exclusion
vitaldb,Inguinal hernia,include,"Procedure terminology gives no explicit heart-directed procedure, renal recipient operation, or dialysis-related operation; not proof of absence of renal disease.",noncardiac_procedure_no_explicit_renal_exclusion
vitaldb,Inguinal lymph node dissection,include,"Procedure terminology gives no explicit heart-directed procedure, renal recipient operation, or dialysis-related operation; not proof of absence of renal disease.",noncardiac_procedure_no_explicit_renal_exclusion
vitaldb,Insertion of continuous ambulatory peritoneal dialysis catheter,exclude,Explicit renal recipient operation or peritoneal-dialysis catheter procedure; catheter procedure is not proof of chronic dependence.,explicit_renal_replacement_or_recipient_procedure
vitaldb,Insertion of permanent catheter,uncertain,"AV access or permanent catheter/graft without explicit dialysis context; main exclusion is unresolved procedural applicability, not diagnosed chronic dialysis.",uncertain_access_indication
vitaldb,Internal mammary lymph node dissection,include,"Procedure terminology gives no explicit heart-directed procedure, renal recipient operation, or dialysis-related operation; not proof of absence of renal disease.",noncardiac_procedure_no_explicit_renal_exclusion
vitaldb,Intra-abdominal arterial bypass graft,include,"Procedure terminology gives no explicit heart-directed procedure, renal recipient operation, or dialysis-related operation; not proof of absence of renal disease.",noncardiac_procedure_no_explicit_renal_exclusion
vitaldb,Ivor Lewis operation,include,"Procedure terminology gives no explicit heart-directed procedure, renal recipient operation, or dialysis-related operation; not proof of absence of renal disease.",noncardiac_procedure_no_explicit_renal_exclusion
vitaldb,Kidney transplantation,exclude,Explicit renal recipient operation or peritoneal-dialysis catheter procedure; catheter procedure is not proof of chronic dependence.,explicit_renal_replacement_or_recipient_procedure
vitaldb,Ligation and stripping,include,"Procedure terminology gives no explicit heart-directed procedure, renal recipient operation, or dialysis-related operation; not proof of absence of renal disease.",noncardiac_procedure_no_explicit_renal_exclusion
vitaldb,Liver bisegmentectomy,include,"Procedure terminology gives no explicit heart-directed procedure, renal recipient operation, or dialysis-related operation; not proof of absence of renal disease.",noncardiac_procedure_no_explicit_renal_exclusion
vitaldb,Liver sectionectomy,include,"Procedure terminology gives no explicit heart-directed procedure, renal recipient operation, or dialysis-related operation; not proof of absence of renal disease.",noncardiac_procedure_no_explicit_renal_exclusion
vitaldb,Liver segmentectomy,include,"Procedure terminology gives no explicit heart-directed procedure, renal recipient operation, or dialysis-related operation; not proof of absence of renal disease.",noncardiac_procedure_no_explicit_renal_exclusion
vitaldb,Liver transplantation,include,"Procedure terminology gives no explicit heart-directed procedure, renal recipient operation, or dialysis-related operation; not proof of absence of renal disease.",noncardiac_procedure_no_explicit_renal_exclusion
vitaldb,Liver tumorectomy,include,"Procedure terminology gives no explicit heart-directed procedure, renal recipient operation, or dialysis-related operation; not proof of absence of renal disease.",noncardiac_procedure_no_explicit_renal_exclusion
vitaldb,Low anterior resection,include,"Procedure terminology gives no explicit heart-directed procedure, renal recipient operation, or dialysis-related operation; not proof of absence of renal disease.",noncardiac_procedure_no_explicit_renal_exclusion
vitaldb,Lung bilobectomy,include,"Procedure terminology gives no explicit heart-directed procedure, renal recipient operation, or dialysis-related operation; not proof of absence of renal disease.",noncardiac_procedure_no_explicit_renal_exclusion
vitaldb,Lung lobectomy,include,"Procedure terminology gives no explicit heart-directed procedure, renal recipient operation, or dialysis-related operation; not proof of absence of renal disease.",noncardiac_procedure_no_explicit_renal_exclusion
vitaldb,Lung segmentectomy,include,"Procedure terminology gives no explicit heart-directed procedure, renal recipient operation, or dialysis-related operation; not proof of absence of renal disease.",noncardiac_procedure_no_explicit_renal_exclusion
vitaldb,Lung sgmentectomy,include,"Procedure terminology gives no explicit heart-directed procedure, renal recipient operation, or dialysis-related operation; not proof of absence of renal disease.",noncardiac_procedure_no_explicit_renal_exclusion
vitaldb,Lung transplantation,include,"Procedure terminology gives no explicit heart-directed procedure, renal recipient operation, or dialysis-related operation; not proof of absence of renal disease.",noncardiac_procedure_no_explicit_renal_exclusion
vitaldb,Lung wedge resection,include,"Procedure terminology gives no explicit heart-directed procedure, renal recipient operation, or dialysis-related operation; not proof of absence of renal disease.",noncardiac_procedure_no_explicit_renal_exclusion
vitaldb,Macroplastique injection,include,"Procedure terminology gives no explicit heart-directed procedure, renal recipient operation, or dialysis-related operation; not proof of absence of renal disease.",noncardiac_procedure_no_explicit_renal_exclusion
vitaldb,Marsupialization,include,"Official VitalDB source cohort excludes cardiac surgery; generic title has no contradictory explicit cardiac or renal replacement/recipient content. Source-supported classification, not patient-level proof of no renal disease.",source_noncardiac_generic_procedure
vitaldb,Mastectomy,include,"Procedure terminology gives no explicit heart-directed procedure, renal recipient operation, or dialysis-related operation; not proof of absence of renal disease.",noncardiac_procedure_no_explicit_renal_exclusion
vitaldb,McDonald operation,include,"Procedure terminology gives no explicit heart-directed procedure, renal recipient operation, or dialysis-related operation; not proof of absence of renal disease.",noncardiac_procedure_no_explicit_renal_exclusion
vitaldb,Median pancreatectomy,include,"Procedure terminology gives no explicit heart-directed procedure, renal recipient operation, or dialysis-related operation; not proof of absence of renal disease.",noncardiac_procedure_no_explicit_renal_exclusion
vitaldb,Mediastinal lymph node dissection,include,"Procedure terminology gives no explicit heart-directed procedure, renal recipient operation, or dialysis-related operation; not proof of absence of renal disease.",noncardiac_procedure_no_explicit_renal_exclusion
vitaldb,Metastasectomy,include,"Official VitalDB source cohort excludes cardiac surgery; generic title has no contradictory explicit cardiac or renal replacement/recipient content. Source-supported classification, not patient-level proof of no renal disease.",source_noncardiac_generic_procedure
vitaldb,Modified Shirodkar operation,include,"Procedure terminology gives no explicit heart-directed procedure, renal recipient operation, or dialysis-related operation; not proof of absence of renal disease.",noncardiac_procedure_no_explicit_renal_exclusion
vitaldb,Modified radical hysterectomy,include,"Procedure terminology gives no explicit heart-directed procedure, renal recipient operation, or dialysis-related operation; not proof of absence of renal disease.",noncardiac_procedure_no_explicit_renal_exclusion
vitaldb,Modified radical neck dissection,include,"Procedure terminology gives no explicit heart-directed procedure, renal recipient operation, or dialysis-related operation; not proof of absence of renal disease.",noncardiac_procedure_no_explicit_renal_exclusion
vitaldb,Myomectomy,include,"Procedure terminology gives no explicit heart-directed procedure, renal recipient operation, or dialysis-related operation; not proof of absence of renal disease.",noncardiac_procedure_no_explicit_renal_exclusion
vitaldb,Nephrectomy,include,"Procedure terminology gives no explicit heart-directed procedure, renal recipient operation, or dialysis-related operation; not proof of absence of renal disease.",noncardiac_procedure_no_explicit_renal_exclusion
vitaldb,Nephroureterectomy,include,"Procedure terminology gives no explicit heart-directed procedure, renal recipient operation, or dialysis-related operation; not proof of absence of renal disease.",noncardiac_procedure_no_explicit_renal_exclusion
vitaldb,Oophorectomy,include,"Procedure terminology gives no explicit heart-directed procedure, renal recipient operation, or dialysis-related operation; not proof of absence of renal disease.",noncardiac_procedure_no_explicit_renal_exclusion
vitaldb,Orchiectomy,include,"Procedure terminology gives no explicit heart-directed procedure, renal recipient operation, or dialysis-related operation; not proof of absence of renal disease.",noncardiac_procedure_no_explicit_renal_exclusion
vitaldb,Ovarian cancer staging operation,include,"Procedure terminology gives no explicit heart-directed procedure, renal recipient operation, or dialysis-related operation; not proof of absence of renal disease.",noncardiac_procedure_no_explicit_renal_exclusion
vitaldb,Ovarian cystectomy,include,"Procedure terminology gives no explicit heart-directed procedure, renal recipient operation, or dialysis-related operation; not proof of absence of renal disease.",noncardiac_procedure_no_explicit_renal_exclusion
vitaldb,Pancreas transplantation,include,"Procedure terminology gives no explicit heart-directed procedure, renal recipient operation, or dialysis-related operation; not proof of absence of renal disease.",noncardiac_procedure_no_explicit_renal_exclusion
vitaldb,Pancreatic cystojejunostomy,include,"Procedure terminology gives no explicit heart-directed procedure, renal recipient operation, or dialysis-related operation; not proof of absence of renal disease.",noncardiac_procedure_no_explicit_renal_exclusion
vitaldb,Pancreaticoduodenectomy,include,"Procedure terminology gives no explicit heart-directed procedure, renal recipient operation, or dialysis-related operation; not proof of absence of renal disease.",noncardiac_procedure_no_explicit_renal_exclusion
vitaldb,Pancreaticojejunostomy,include,"Procedure terminology gives no explicit heart-directed procedure, renal recipient operation, or dialysis-related operation; not proof of absence of renal disease.",noncardiac_procedure_no_explicit_renal_exclusion
vitaldb,Pancreatosplenectomy,include,"Procedure terminology gives no explicit heart-directed procedure, renal recipient operation, or dialysis-related operation; not proof of absence of renal disease.",noncardiac_procedure_no_explicit_renal_exclusion
vitaldb,Paraaortic lymph node dissection,include,"Procedure terminology gives no explicit heart-directed procedure, renal recipient operation, or dialysis-related operation; not proof of absence of renal disease.",noncardiac_procedure_no_explicit_renal_exclusion
vitaldb,Parathyroidectomy,include,"Procedure terminology gives no explicit heart-directed procedure, renal recipient operation, or dialysis-related operation; not proof of absence of renal disease.",noncardiac_procedure_no_explicit_renal_exclusion
vitaldb,Partial cystectomy,include,"Procedure terminology gives no explicit heart-directed procedure, renal recipient operation, or dialysis-related operation; not proof of absence of renal disease.",noncardiac_procedure_no_explicit_renal_exclusion
vitaldb,Partial gastrectomy,include,"Procedure terminology gives no explicit heart-directed procedure, renal recipient operation, or dialysis-related operation; not proof of absence of renal disease.",noncardiac_procedure_no_explicit_renal_exclusion
vitaldb,Partial pancreatectomy,include,"Procedure terminology gives no explicit heart-directed procedure, renal recipient operation, or dialysis-related operation; not proof of absence of renal disease.",noncardiac_procedure_no_explicit_renal_exclusion
vitaldb,Pelvic tumorectomy,include,"Procedure terminology gives no explicit heart-directed procedure, renal recipient operation, or dialysis-related operation; not proof of absence of renal disease.",noncardiac_procedure_no_explicit_renal_exclusion
vitaldb,Percutaneous biopsy,include,"Official VitalDB source cohort excludes cardiac surgery; generic title has no contradictory explicit cardiac or renal replacement/recipient content. Source-supported classification, not patient-level proof of no renal disease.",source_noncardiac_generic_procedure
vitaldb,Pericardial window operation,exclude,Pericardial window is explicitly pericardial; excluded under common heart-directed procedural scope.,heart_directed_procedure
vitaldb,Peritoneal mass excision,include,"Procedure terminology gives no explicit heart-directed procedure, renal recipient operation, or dialysis-related operation; not proof of absence of renal disease.",noncardiac_procedure_no_explicit_renal_exclusion
vitaldb,Pleurectomy,include,"Procedure terminology gives no explicit heart-directed procedure, renal recipient operation, or dialysis-related operation; not proof of absence of renal disease.",noncardiac_procedure_no_explicit_renal_exclusion
vitaldb,Pleurodesis,include,"Procedure terminology gives no explicit heart-directed procedure, renal recipient operation, or dialysis-related operation; not proof of absence of renal disease.",noncardiac_procedure_no_explicit_renal_exclusion
vitaldb,Pleuroscopy,include,"Procedure terminology gives no explicit heart-directed procedure, renal recipient operation, or dialysis-related operation; not proof of absence of renal disease.",noncardiac_procedure_no_explicit_renal_exclusion
vitaldb,Plication,include,"Official VitalDB source cohort excludes cardiac surgery; generic title has no contradictory explicit cardiac or renal replacement/recipient content. Source-supported classification, not patient-level proof of no renal disease.",source_noncardiac_generic_procedure
vitaldb,Pneumonectomy,include,"Procedure terminology gives no explicit heart-directed procedure, renal recipient operation, or dialysis-related operation; not proof of absence of renal disease.",noncardiac_procedure_no_explicit_renal_exclusion
vitaldb,Proximal gastrectomy,include,"Procedure terminology gives no explicit heart-directed procedure, renal recipient operation, or dialysis-related operation; not proof of absence of renal disease.",noncardiac_procedure_no_explicit_renal_exclusion
vitaldb,Pyeloplasty,include,"Procedure terminology gives no explicit heart-directed procedure, renal recipient operation, or dialysis-related operation; not proof of absence of renal disease.",noncardiac_procedure_no_explicit_renal_exclusion
vitaldb,Pylorus preserving gastrectomy,include,"Procedure terminology gives no explicit heart-directed procedure, renal recipient operation, or dialysis-related operation; not proof of absence of renal disease.",noncardiac_procedure_no_explicit_renal_exclusion
vitaldb,Pylorus preserving pancreaticoduodenectomy,include,"Procedure terminology gives no explicit heart-directed procedure, renal recipient operation, or dialysis-related operation; not proof of absence of renal disease.",noncardiac_procedure_no_explicit_renal_exclusion
vitaldb,Radical cholecystectomy,include,"Procedure terminology gives no explicit heart-directed procedure, renal recipient operation, or dialysis-related operation; not proof of absence of renal disease.",noncardiac_procedure_no_explicit_renal_exclusion
vitaldb,Radical cystectomy,include,"Procedure terminology gives no explicit heart-directed procedure, renal recipient operation, or dialysis-related operation; not proof of absence of renal disease.",noncardiac_procedure_no_explicit_renal_exclusion
vitaldb,Radical excision of cervical lymph nodes,include,"Procedure terminology gives no explicit heart-directed procedure, renal recipient operation, or dialysis-related operation; not proof of absence of renal disease.",noncardiac_procedure_no_explicit_renal_exclusion
vitaldb,Radical excision of iliac lymph nodes,include,"Procedure terminology gives no explicit heart-directed procedure, renal recipient operation, or dialysis-related operation; not proof of absence of renal disease.",noncardiac_procedure_no_explicit_renal_exclusion
vitaldb,Radical hysterectomy,include,"Procedure terminology gives no explicit heart-directed procedure, renal recipient operation, or dialysis-related operation; not proof of absence of renal disease.",noncardiac_procedure_no_explicit_renal_exclusion
vitaldb,Radical mastectomy,include,"Procedure terminology gives no explicit heart-directed procedure, renal recipient operation, or dialysis-related operation; not proof of absence of renal disease.",noncardiac_procedure_no_explicit_renal_exclusion
vitaldb,Radical parametrectomy,include,"Procedure terminology gives no explicit heart-directed procedure, renal recipient operation, or dialysis-related operation; not proof of absence of renal disease.",noncardiac_procedure_no_explicit_renal_exclusion
vitaldb,Radical prostatectomy,include,"Procedure terminology gives no explicit heart-directed procedure, renal recipient operation, or dialysis-related operation; not proof of absence of renal disease.",noncardiac_procedure_no_explicit_renal_exclusion
vitaldb,Radical trachelectomy,include,"Procedure terminology gives no explicit heart-directed procedure, renal recipient operation, or dialysis-related operation; not proof of absence of renal disease.",noncardiac_procedure_no_explicit_renal_exclusion
vitaldb,Rectal prolapse operation,include,"Procedure terminology gives no explicit heart-directed procedure, renal recipient operation, or dialysis-related operation; not proof of absence of renal disease.",noncardiac_procedure_no_explicit_renal_exclusion
vitaldb,Regional lymph node dissection,include,"Procedure terminology gives no explicit heart-directed procedure, renal recipient operation, or dialysis-related operation; not proof of absence of renal disease.",noncardiac_procedure_no_explicit_renal_exclusion
vitaldb,Remnant total gastrectomy,include,"Procedure terminology gives no explicit heart-directed procedure, renal recipient operation, or dialysis-related operation; not proof of absence of renal disease.",noncardiac_procedure_no_explicit_renal_exclusion
vitaldb,Removal of Hickman catheter,include,"Procedure terminology gives no explicit heart-directed procedure, renal recipient operation, or dialysis-related operation; not proof of absence of renal disease.",noncardiac_procedure_no_explicit_renal_exclusion
vitaldb,Removal of complicated graft,uncertain,"AV access or permanent catheter/graft without explicit dialysis context; main exclusion is unresolved procedural applicability, not diagnosed chronic dialysis.",uncertain_access_indication
vitaldb,Removal of continuous ambulatory peritoneal dialysis catheter,exclude,Explicit renal recipient operation or peritoneal-dialysis catheter procedure; catheter procedure is not proof of chronic dependence.,explicit_renal_replacement_or_recipient_procedure
vitaldb,Removal of foreign body,include,"Official VitalDB source cohort excludes cardiac surgery; generic title has no contradictory explicit cardiac or renal replacement/recipient content. Source-supported classification, not patient-level proof of no renal disease.",source_noncardiac_generic_procedure
vitaldb,Removal of permanent catheter,uncertain,"AV access or permanent catheter/graft without explicit dialysis context; main exclusion is unresolved procedural applicability, not diagnosed chronic dialysis.",uncertain_access_indication
vitaldb,Removal of staples,include,"Official VitalDB source cohort excludes cardiac surgery; generic title has no contradictory explicit cardiac or renal replacement/recipient content. Source-supported classification, not patient-level proof of no renal disease.",source_noncardiac_generic_procedure
vitaldb,Reposition of continuous ambulatory peritoneal dialysis catheter,exclude,Explicit renal recipient operation or peritoneal-dialysis catheter procedure; catheter procedure is not proof of chronic dependence.,explicit_renal_replacement_or_recipient_procedure
vitaldb,Resection of chest wall with reconstruction,include,"Procedure terminology gives no explicit heart-directed procedure, renal recipient operation, or dialysis-related operation; not proof of absence of renal disease.",noncardiac_procedure_no_explicit_renal_exclusion
vitaldb,Resection of inferior vena cava,include,"Procedure terminology gives no explicit heart-directed procedure, renal recipient operation, or dialysis-related operation; not proof of absence of renal disease.",noncardiac_procedure_no_explicit_renal_exclusion
vitaldb,Resection of intestine,include,"Procedure terminology gives no explicit heart-directed procedure, renal recipient operation, or dialysis-related operation; not proof of absence of renal disease.",noncardiac_procedure_no_explicit_renal_exclusion
vitaldb,Resection of lower limb artery,include,"Procedure terminology gives no explicit heart-directed procedure, renal recipient operation, or dialysis-related operation; not proof of absence of renal disease.",noncardiac_procedure_no_explicit_renal_exclusion
vitaldb,Resection of popliteal artery,include,"Procedure terminology gives no explicit heart-directed procedure, renal recipient operation, or dialysis-related operation; not proof of absence of renal disease.",noncardiac_procedure_no_explicit_renal_exclusion
vitaldb,Resection of rib,include,"Procedure terminology gives no explicit heart-directed procedure, renal recipient operation, or dialysis-related operation; not proof of absence of renal disease.",noncardiac_procedure_no_explicit_renal_exclusion
vitaldb,Resection of sternum,include,"Procedure terminology gives no explicit heart-directed procedure, renal recipient operation, or dialysis-related operation; not proof of absence of renal disease.",noncardiac_procedure_no_explicit_renal_exclusion
vitaldb,Revision of arteriovenous fistula,uncertain,"AV access or permanent catheter/graft without explicit dialysis context; main exclusion is unresolved procedural applicability, not diagnosed chronic dialysis.",uncertain_access_indication
vitaldb,Revision of small intestine anastomosis,include,"Procedure terminology gives no explicit heart-directed procedure, renal recipient operation, or dialysis-related operation; not proof of absence of renal disease.",noncardiac_procedure_no_explicit_renal_exclusion
vitaldb,Rigid bronchoscopic excision,include,"Procedure terminology gives no explicit heart-directed procedure, renal recipient operation, or dialysis-related operation; not proof of absence of renal disease.",noncardiac_procedure_no_explicit_renal_exclusion
vitaldb,Rigid bronchoscopy,include,"Procedure terminology gives no explicit heart-directed procedure, renal recipient operation, or dialysis-related operation; not proof of absence of renal disease.",noncardiac_procedure_no_explicit_renal_exclusion
vitaldb,Rrectocele repair,include,"Procedure terminology gives no explicit heart-directed procedure, renal recipient operation, or dialysis-related operation; not proof of absence of renal disease.",noncardiac_procedure_no_explicit_renal_exclusion
vitaldb,Salpingectomy,include,"Procedure terminology gives no explicit heart-directed procedure, renal recipient operation, or dialysis-related operation; not proof of absence of renal disease.",noncardiac_procedure_no_explicit_renal_exclusion
vitaldb,Salpingo-oophorectomy,include,"Procedure terminology gives no explicit heart-directed procedure, renal recipient operation, or dialysis-related operation; not proof of absence of renal disease.",noncardiac_procedure_no_explicit_renal_exclusion
vitaldb,Segmental resection of bile duct,include,"Procedure terminology gives no explicit heart-directed procedure, renal recipient operation, or dialysis-related operation; not proof of absence of renal disease.",noncardiac_procedure_no_explicit_renal_exclusion
vitaldb,Segmental resection of colon,include,"Procedure terminology gives no explicit heart-directed procedure, renal recipient operation, or dialysis-related operation; not proof of absence of renal disease.",noncardiac_procedure_no_explicit_renal_exclusion
vitaldb,Selective neck dissection,include,"Procedure terminology gives no explicit heart-directed procedure, renal recipient operation, or dialysis-related operation; not proof of absence of renal disease.",noncardiac_procedure_no_explicit_renal_exclusion
vitaldb,Sentinel lymph node mapping,include,"Procedure terminology gives no explicit heart-directed procedure, renal recipient operation, or dialysis-related operation; not proof of absence of renal disease.",noncardiac_procedure_no_explicit_renal_exclusion
vitaldb,Simple mastectomy,include,"Procedure terminology gives no explicit heart-directed procedure, renal recipient operation, or dialysis-related operation; not proof of absence of renal disease.",noncardiac_procedure_no_explicit_renal_exclusion
vitaldb,Simultaneous pancreas-kidney transplantation,exclude,Explicit renal recipient operation or peritoneal-dialysis catheter procedure; catheter procedure is not proof of chronic dependence.,explicit_renal_replacement_or_recipient_procedure
vitaldb,Sleeve lobectomy,include,"Procedure terminology gives no explicit heart-directed procedure, renal recipient operation, or dialysis-related operation; not proof of absence of renal disease.",noncardiac_procedure_no_explicit_renal_exclusion
vitaldb,Small bowel segmental resection,include,"Procedure terminology gives no explicit heart-directed procedure, renal recipient operation, or dialysis-related operation; not proof of absence of renal disease.",noncardiac_procedure_no_explicit_renal_exclusion
vitaldb,Sphincteroplasty,include,"Procedure terminology gives no explicit heart-directed procedure, renal recipient operation, or dialysis-related operation; not proof of absence of renal disease.",noncardiac_procedure_no_explicit_renal_exclusion
vitaldb,Sphincterotomy,include,"Procedure terminology gives no explicit heart-directed procedure, renal recipient operation, or dialysis-related operation; not proof of absence of renal disease.",noncardiac_procedure_no_explicit_renal_exclusion
vitaldb,Spleen preserving distal pancreatectomy,include,"Procedure terminology gives no explicit heart-directed procedure, renal recipient operation, or dialysis-related operation; not proof of absence of renal disease.",noncardiac_procedure_no_explicit_renal_exclusion
vitaldb,Splenectomy,include,"Procedure terminology gives no explicit heart-directed procedure, renal recipient operation, or dialysis-related operation; not proof of absence of renal disease.",noncardiac_procedure_no_explicit_renal_exclusion
vitaldb,Staging laparotomy,include,"Procedure terminology gives no explicit heart-directed procedure, renal recipient operation, or dialysis-related operation; not proof of absence of renal disease.",noncardiac_procedure_no_explicit_renal_exclusion
vitaldb,Staging operation,include,"Official VitalDB source cohort excludes cardiac surgery; generic title has no contradictory explicit cardiac or renal replacement/recipient content. Source-supported classification, not patient-level proof of no renal disease.",source_noncardiac_generic_procedure
vitaldb,Sternal fixation,include,"Procedure terminology gives no explicit heart-directed procedure, renal recipient operation, or dialysis-related operation; not proof of absence of renal disease.",noncardiac_procedure_no_explicit_renal_exclusion
vitaldb,Subtotal colectomy,include,"Procedure terminology gives no explicit heart-directed procedure, renal recipient operation, or dialysis-related operation; not proof of absence of renal disease.",noncardiac_procedure_no_explicit_renal_exclusion
vitaldb,Subtotal gastrectomy,include,"Procedure terminology gives no explicit heart-directed procedure, renal recipient operation, or dialysis-related operation; not proof of absence of renal disease.",noncardiac_procedure_no_explicit_renal_exclusion
vitaldb,Subtotal pancreatectomy,include,"Procedure terminology gives no explicit heart-directed procedure, renal recipient operation, or dialysis-related operation; not proof of absence of renal disease.",noncardiac_procedure_no_explicit_renal_exclusion
vitaldb,Subtotal parathyroidectomy,include,"Procedure terminology gives no explicit heart-directed procedure, renal recipient operation, or dialysis-related operation; not proof of absence of renal disease.",noncardiac_procedure_no_explicit_renal_exclusion
vitaldb,Thoracic sympathectomy,include,"Procedure terminology gives no explicit heart-directed procedure, renal recipient operation, or dialysis-related operation; not proof of absence of renal disease.",noncardiac_procedure_no_explicit_renal_exclusion
vitaldb,Thoracoplasty,include,"Procedure terminology gives no explicit heart-directed procedure, renal recipient operation, or dialysis-related operation; not proof of absence of renal disease.",noncardiac_procedure_no_explicit_renal_exclusion
vitaldb,Thymectomy,include,"Procedure terminology gives no explicit heart-directed procedure, renal recipient operation, or dialysis-related operation; not proof of absence of renal disease.",noncardiac_procedure_no_explicit_renal_exclusion
vitaldb,Thyroglossal duct cyst excision,include,"Procedure terminology gives no explicit heart-directed procedure, renal recipient operation, or dialysis-related operation; not proof of absence of renal disease.",noncardiac_procedure_no_explicit_renal_exclusion
vitaldb,Thyroid isthmectomy,include,"Procedure terminology gives no explicit heart-directed procedure, renal recipient operation, or dialysis-related operation; not proof of absence of renal disease.",noncardiac_procedure_no_explicit_renal_exclusion
vitaldb,Thyroid lobectomy,include,"Procedure terminology gives no explicit heart-directed procedure, renal recipient operation, or dialysis-related operation; not proof of absence of renal disease.",noncardiac_procedure_no_explicit_renal_exclusion
vitaldb,Thyroidectomy,include,"Procedure terminology gives no explicit heart-directed procedure, renal recipient operation, or dialysis-related operation; not proof of absence of renal disease.",noncardiac_procedure_no_explicit_renal_exclusion
vitaldb,Total colectomy,include,"Procedure terminology gives no explicit heart-directed procedure, renal recipient operation, or dialysis-related operation; not proof of absence of renal disease.",noncardiac_procedure_no_explicit_renal_exclusion
vitaldb,Total esophagectomy,include,"Procedure terminology gives no explicit heart-directed procedure, renal recipient operation, or dialysis-related operation; not proof of absence of renal disease.",noncardiac_procedure_no_explicit_renal_exclusion
vitaldb,Total gastrectomy,include,"Procedure terminology gives no explicit heart-directed procedure, renal recipient operation, or dialysis-related operation; not proof of absence of renal disease.",noncardiac_procedure_no_explicit_renal_exclusion
vitaldb,Total hysterectomy,include,"Procedure terminology gives no explicit heart-directed procedure, renal recipient operation, or dialysis-related operation; not proof of absence of renal disease.",noncardiac_procedure_no_explicit_renal_exclusion
vitaldb,Total hysterectomy ,include,"Procedure terminology gives no explicit heart-directed procedure, renal recipient operation, or dialysis-related operation; not proof of absence of renal disease.",noncardiac_procedure_no_explicit_renal_exclusion
vitaldb,Total mastectomy,include,"Procedure terminology gives no explicit heart-directed procedure, renal recipient operation, or dialysis-related operation; not proof of absence of renal disease.",noncardiac_procedure_no_explicit_renal_exclusion
vitaldb,Total pancreatectomy,include,"Procedure terminology gives no explicit heart-directed procedure, renal recipient operation, or dialysis-related operation; not proof of absence of renal disease.",noncardiac_procedure_no_explicit_renal_exclusion
vitaldb,Total proctocolectomy,include,"Procedure terminology gives no explicit heart-directed procedure, renal recipient operation, or dialysis-related operation; not proof of absence of renal disease.",noncardiac_procedure_no_explicit_renal_exclusion
vitaldb,Total thyroidectomy,include,"Procedure terminology gives no explicit heart-directed procedure, renal recipient operation, or dialysis-related operation; not proof of absence of renal disease.",noncardiac_procedure_no_explicit_renal_exclusion
vitaldb,Transanal endoscopic microsurgery,include,"Procedure terminology gives no explicit heart-directed procedure, renal recipient operation, or dialysis-related operation; not proof of absence of renal disease.",noncardiac_procedure_no_explicit_renal_exclusion
vitaldb,Transanal excision,include,"Procedure terminology gives no explicit heart-directed procedure, renal recipient operation, or dialysis-related operation; not proof of absence of renal disease.",noncardiac_procedure_no_explicit_renal_exclusion
vitaldb,Transduodenal ampullectomy,include,"Procedure terminology gives no explicit heart-directed procedure, renal recipient operation, or dialysis-related operation; not proof of absence of renal disease.",noncardiac_procedure_no_explicit_renal_exclusion
vitaldb,Transplantation of gracilis muscle,include,"Procedure terminology gives no explicit heart-directed procedure, renal recipient operation, or dialysis-related operation; not proof of absence of renal disease.",noncardiac_procedure_no_explicit_renal_exclusion
vitaldb,Transposition of basilic vein for arteriovenous fistula,uncertain,"AV access or permanent catheter/graft without explicit dialysis context; main exclusion is unresolved procedural applicability, not diagnosed chronic dialysis.",uncertain_access_indication
vitaldb,Transurethral resection of bladder tumor,include,"Procedure terminology gives no explicit heart-directed procedure, renal recipient operation, or dialysis-related operation; not proof of absence of renal disease.",noncardiac_procedure_no_explicit_renal_exclusion
vitaldb,Transverse colectomy,include,"Procedure terminology gives no explicit heart-directed procedure, renal recipient operation, or dialysis-related operation; not proof of absence of renal disease.",noncardiac_procedure_no_explicit_renal_exclusion
vitaldb,Transverse loop colostomy,include,"Procedure terminology gives no explicit heart-directed procedure, renal recipient operation, or dialysis-related operation; not proof of absence of renal disease.",noncardiac_procedure_no_explicit_renal_exclusion
vitaldb,Ultralow anterior resection,include,"Procedure terminology gives no explicit heart-directed procedure, renal recipient operation, or dialysis-related operation; not proof of absence of renal disease.",noncardiac_procedure_no_explicit_renal_exclusion
vitaldb,Varicocelectomy,include,"Procedure terminology gives no explicit heart-directed procedure, renal recipient operation, or dialysis-related operation; not proof of absence of renal disease.",noncardiac_procedure_no_explicit_renal_exclusion
vitaldb,Vascular bypass,include,"Official VitalDB source cohort excludes cardiac surgery; generic title has no contradictory explicit cardiac or renal replacement/recipient content. Source-supported classification, not patient-level proof of no renal disease.",source_noncardiac_generic_procedure
vitaldb,Vascular repair,include,"Official VitalDB source cohort excludes cardiac surgery; generic title has no contradictory explicit cardiac or renal replacement/recipient content. Source-supported classification, not patient-level proof of no renal disease.",source_noncardiac_generic_procedure
vitaldb,Vessel graft,include,"Official VitalDB source cohort excludes cardiac surgery; generic title has no contradictory explicit cardiac or renal replacement/recipient content. Source-supported classification, not patient-level proof of no renal disease.",source_noncardiac_generic_procedure
vitaldb,Wide excision,include,"Official VitalDB source cohort excludes cardiac surgery; generic title has no contradictory explicit cardiac or renal replacement/recipient content. Source-supported classification, not patient-level proof of no renal disease.",source_noncardiac_generic_procedure
vitaldb,Wound revision,include,"Official VitalDB source cohort excludes cardiac surgery; generic title has no contradictory explicit cardiac or renal replacement/recipient content. Source-supported classification, not patient-level proof of no renal disease.",source_noncardiac_generic_procedure
vitaldb,anterior resection,include,"Procedure terminology gives no explicit heart-directed procedure, renal recipient operation, or dialysis-related operation; not proof of absence of renal disease.",noncardiac_procedure_no_explicit_renal_exclusion
vitaldb,subtotal colectomy,include,"Procedure terminology gives no explicit heart-directed procedure, renal recipient operation, or dialysis-related operation; not proof of absence of renal disease.",noncardiac_procedure_no_explicit_renal_exclusion
